run_id,method,seq,t_robot_recv_ns,ros_topic,linear_x,linear_y,angular_z,action_id,status
R01,ROS_TCP,1,1782054780032397719,/cmd_vel,0.1301,0.0,0.0,0,ok
R01,ROS_TCP,2,1782054780064812082,/cmd_vel,0.1255,0.0,0.0,0,ok
R01,ROS_TCP,3,1782054780119080011,/cmd_vel,0.123,0.0,0.0,0,ok
R01,ROS_TCP,4,1782054780175512065,/cmd_vel,0.1291,0.0,0.0,0,ok
R01,ROS_TCP,5,1782054780236000499,/cmd_vel,0.1316,0.0,0.0,0,ok
R01,ROS_TCP,6,1782054780298668715,/cmd_vel,0.1281,0.0,0.0,0,ok
R01,ROS_TCP,8,1782054780398438085,/cmd_vel,0.1261,0.0,0.0,0,ok
R01,ROS_TCP,9,1782054780466751486,/cmd_vel,0.126,0.0,0.0,0,ok
R01,ROS_TCP,10,1782054780519014260,/cmd_vel,0.125,0.0,0.0,0,ok
R01,ROS_TCP,11,1782054780583897906,/cmd_vel,0.1214,0.0,0.0,0,ok
R01,ROS_TCP,12,1782054780621067102,/cmd_vel,0.1296,0.0,0.0,0,ok
R01,ROS_TCP,13,1782054780684430078,/cmd_vel,0.1291,0.0,0.0,0,ok
R01,ROS_TCP,14,1782054780731827278,/cmd_vel,0.1322,0.0,0.0,0,ok
R01,ROS_TCP,15,1782054780789915552,/cmd_vel,0.1266,0.0,0.0,0,ok
R01,ROS_TCP,16,1782054780845268647,/cmd_vel,0.1296,0.0,0.0,0,ok
R01,ROS_TCP,17,1782054780899395486,/cmd_vel,0.1281,0.0,0.0,0,ok
R01,ROS_TCP,18,1782054780954729586,/cmd_vel,0.1266,0.0,0.0,0,ok
R01,ROS_TCP,19,1782054781009997511,/cmd_vel,0.1404,0.0,0.0,0,ok
R01,ROS_TCP,20,1782054781070868361,/cmd_vel,0.1291,0.0,0.0,0,ok
R01,ROS_TCP,21,1782054781135037116,/cmd_vel,0.1271,0.0,0.0,0,ok
R01,ROS_TCP,22,1782054781176888645,/cmd_vel,0.1296,0.0,0.0,0,ok
R01,ROS_TCP,24,1782054781291617137,/cmd_vel,0.1283,0.0,0.0,0,ok
R01,ROS_TCP,25,1782054781344656613,/cmd_vel,0.1328,0.0,0.0,0,ok
R01,ROS_TCP,26,1782054781416398998,/cmd_vel,0.1225,0.0,0.0,0,ok
R01,ROS_TCP,27,1782054781468160161,/cmd_vel,0.1238,0.0,0.0,0,ok
R01,ROS_TCP,28,1782054781516575151,/cmd_vel,0.1254,0.0,0.0,0,ok
R01,ROS_TCP,29,1782054781571816010,/cmd_vel,0.1283,0.0,0.0,0,ok
R01,ROS_TCP,30,1782054781628466989,/cmd_vel,0.1316,0.0,0.0,0,ok
R01,ROS_TCP,31,1782054781704223435,/cmd_vel,0.1296,0.0,0.0,0,ok
R01,ROS_TCP,33,1782054781790812551,/cmd_vel,0.1233,0.0,0.0,0,ok
R01,ROS_TCP,34,1782054781844642081,/cmd_vel,0.1262,0.0,0.0,0,ok
R01,ROS_TCP,35,1782054781899633744,/cmd_vel,0.1229,0.0,0.0,0,ok
R01,ROS_TCP,36,1782054781955933236,/cmd_vel,0.1241,0.0,0.0,0,ok
R01,ROS_TCP,37,1782054782012456050,/cmd_vel,0.1359,0.0,0.0,0,ok
R01,ROS_TCP,39,1782054782141693094,/cmd_vel,0.1278,0.0,0.0,0,ok
R01,ROS_TCP,40,1782054782191112118,/cmd_vel,0.1505,0.0,0.0,0,ok
R01,ROS_TCP,41,1782054782251385202,/cmd_vel,0.1553,0.0,0.0,0,ok
R01,ROS_TCP,42,1782054782291366845,/cmd_vel,0.1565,0.0,0.0,0,ok
R01,ROS_TCP,43,1782054782344824363,/cmd_vel,0.155,0.0,0.0,0,ok
R01,ROS_TCP,44,1782054782405307636,/cmd_vel,0.1587,0.0,0.0,0,ok
R01,ROS_TCP,46,1782054782514221677,/cmd_vel,0.1569,0.0,0.0,0,ok
R01,ROS_TCP,47,1782054782568140399,/cmd_vel,0.1457,0.0,0.0,0,ok
R01,ROS_TCP,48,1782054782630717532,/cmd_vel,0.1557,0.0,0.0,0,ok
R01,ROS_TCP,49,1782054782684449938,/cmd_vel,0.1609,0.0,0.0,0,ok
R01,ROS_TCP,50,1782054782737543034,/cmd_vel,0.149,0.0,0.0,0,ok
R01,ROS_TCP,51,1782054782793941045,/cmd_vel,0.1579,0.0,0.0,0,ok
R01,ROS_TCP,52,1782054782862907687,/cmd_vel,0.1604,0.0,0.0,0,ok
R01,ROS_TCP,54,1782054782959472830,/cmd_vel,0.1669,0.0,0.0,0,ok
R01,ROS_TCP,55,1782054783027515404,/cmd_vel,0.1538,0.0,0.0,0,ok
R01,ROS_TCP,56,1782054783072035830,/cmd_vel,0.1574,0.0,0.0,0,ok
R01,ROS_TCP,57,1782054783126594609,/cmd_vel,0.1554,0.0,0.0,0,ok
R01,ROS_TCP,58,1782054783180737365,/cmd_vel,0.1645,0.0,0.0,0,ok
R01,ROS_TCP,60,1782054783299985875,/cmd_vel,0.1589,0.0,0.0,0,ok
R01,ROS_TCP,61,1782054783347801436,/cmd_vel,0.1592,0.0,0.0,0,ok
R01,ROS_TCP,62,1782054783420346744,/cmd_vel,0.158,0.0,0.0,0,ok
R01,ROS_TCP,63,1782054783458249348,/cmd_vel,0.1624,0.0,0.0,0,ok
R01,ROS_TCP,64,1782054783514570999,/cmd_vel,0.1644,0.0,0.0,0,ok
R01,ROS_TCP,65,1782054783573721486,/cmd_vel,0.1544,0.0,0.0,0,ok
R01,ROS_TCP,66,1782054783625934544,/cmd_vel,0.1591,0.0,0.0,0,ok
R01,ROS_TCP,67,1782054783689472852,/cmd_vel,0.1616,0.0,0.0,0,ok
R01,ROS_TCP,68,1782054783749789569,/cmd_vel,0.1598,0.0,0.0,0,ok
R01,ROS_TCP,69,1782054783792344719,/cmd_vel,0.1549,0.0,0.0,0,ok
R01,ROS_TCP,70,1782054783849773650,/cmd_vel,0.1541,0.0,0.0,0,ok
R01,ROS_TCP,71,1782054783920105389,/cmd_vel,0.155,0.0,0.0,0,ok
R01,ROS_TCP,72,1782054783960034928,/cmd_vel,0.1567,0.0,0.0,0,ok
R01,ROS_TCP,73,1782054784014361636,/cmd_vel,0.1616,0.0,0.0,0,ok
R01,ROS_TCP,76,1782054784198697477,/cmd_vel,0.158,0.0,0.0,0,ok
R01,ROS_TCP,77,1782054784254126036,/cmd_vel,0.1539,0.0,0.0,0,ok
R01,ROS_TCP,78,1782054784296392985,/cmd_vel,0.154,0.0,0.0,0,ok
R01,ROS_TCP,80,1782054784419943981,/cmd_vel,0.1623,0.0,0.0,0,ok
R01,ROS_TCP,81,1782054784461273303,/cmd_vel,0.1527,0.0,0.0,0,ok
R01,ROS_TCP,82,1782054784519087392,/cmd_vel,0.1679,0.0,0.0,0,ok
R01,ROS_TCP,83,1782054784591848662,/cmd_vel,0.1542,0.0,0.0,0,ok
R01,ROS_TCP,84,1782054784634744015,/cmd_vel,0.1574,0.0,0.0,0,ok
R01,ROS_TCP,85,1782054784685040764,/cmd_vel,0.0,0.0,-0.0226,0,ok
R01,ROS_TCP,86,1782054784752748848,/cmd_vel,0.0,0.0,-0.0097,0,ok
R01,ROS_TCP,87,1782054784796013867,/cmd_vel,0.0,0.0,-0.0026,0,ok
R01,ROS_TCP,88,1782054784859901754,/cmd_vel,0.0,0.0,0.0019,0,ok
R01,ROS_TCP,89,1782054784920856789,/cmd_vel,0.0,0.0,-0.0061,0,ok
R01,ROS_TCP,90,1782054784979309402,/cmd_vel,0.0,0.0,-0.0069,0,ok
R01,ROS_TCP,91,1782054785024790950,/cmd_vel,0.0,0.0,-0.0012,0,ok
R01,ROS_TCP,92,1782054785096007474,/cmd_vel,0.0,0.0,-0.0079,0,ok
R01,ROS_TCP,93,1782054785131436736,/cmd_vel,0.0,0.0,-0.0177,0,ok
R01,ROS_TCP,94,1782054785198118727,/cmd_vel,0.0,0.0,-0.0017,0,ok
R01,ROS_TCP,95,1782054785241155253,/cmd_vel,0.0,0.0,-0.0039,0,ok
R01,ROS_TCP,96,1782054785303319564,/cmd_vel,0.0,0.0,-0.0091,0,ok
R01,ROS_TCP,99,1782054785464422791,/cmd_vel,0.0,0.0,0.0025,0,ok
R01,ROS_TCP,101,1782054785576398797,/cmd_vel,0.0,0.0,-0.0048,0,ok
R01,ROS_TCP,102,1782054785637481231,/cmd_vel,0.0,0.0,-0.0064,0,ok
R01,ROS_TCP,105,1782054785806600504,/cmd_vel,0.0,0.0,-0.0042,0,ok
R01,ROS_TCP,106,1782054785857279931,/cmd_vel,0.0,0.0,-0.009,0,ok
R01,ROS_TCP,107,1782054785915442736,/cmd_vel,0.0,0.0,-0.0118,0,ok
R01,ROS_TCP,109,1782054786028247498,/cmd_vel,0.0,0.0,-0.0078,0,ok
R01,ROS_TCP,110,1782054786092041575,/cmd_vel,0.0,0.0,-0.007,0,ok
R01,ROS_TCP,112,1782054786189995896,/cmd_vel,0.0,0.0,-0.0214,0,ok
R01,ROS_TCP,113,1782054786262857052,/cmd_vel,0.0,0.0,-0.0019,0,ok
R01,ROS_TCP,115,1782054786365404778,/cmd_vel,0.0,0.0,-0.0161,0,ok
R01,ROS_TCP,116,1782054786417098981,/cmd_vel,0.0,0.0,-0.0057,0,ok
R01,ROS_TCP,117,1782054786467779211,/cmd_vel,0.0,0.0,-0.0043,0,ok
R01,ROS_TCP,119,1782054786577541053,/cmd_vel,0.0,0.0,-0.0203,0,ok
R01,ROS_TCP,120,1782054786633286058,/cmd_vel,0.0,0.0,-0.0107,0,ok
R01,ROS_TCP,121,1782054786688953206,/cmd_vel,0.0,0.0,-0.0062,0,ok
R01,ROS_TCP,122,1782054786746503789,/cmd_vel,0.0,0.0,-0.0122,0,ok
R01,ROS_TCP,123,1782054786809937176,/cmd_vel,0.0,0.0,-0.0008,0,ok
R01,ROS_TCP,125,1782054786913685751,/cmd_vel,0.0,0.0,0.0013,0,ok
R01,ROS_TCP,127,1782054787024000017,/cmd_vel,0.0,0.0,-0.0153,0,ok
R01,ROS_TCP,128,1782054787092708327,/cmd_vel,0.0,0.0,-0.0078,0,ok
R01,ROS_TCP,129,1782054787133390744,/cmd_vel,0.0,0.0,-0.0056,0,ok
R01,ROS_TCP,131,1782054787247790834,/cmd_vel,0.0,0.0,-0.0099,0,ok
R01,ROS_TCP,132,1782054787302616073,/cmd_vel,0.0,0.0,-0.0094,0,ok
R01,ROS_TCP,133,1782054787369691981,/cmd_vel,0.0,0.0,-0.0013,0,ok
R01,ROS_TCP,135,1782054787469891394,/cmd_vel,0.1111,0.0,0.0,0,ok
R01,ROS_TCP,137,1782054787591608892,/cmd_vel,0.113,0.0,0.0,0,ok
R01,ROS_TCP,139,1782054787692247427,/cmd_vel,0.1051,0.0,0.0,0,ok
R01,ROS_TCP,140,1782054787746379767,/cmd_vel,0.109,0.0,0.0,0,ok
R01,ROS_TCP,141,1782054787805198692,/cmd_vel,0.1092,0.0,0.0,0,ok
R01,ROS_TCP,142,1782054787888071581,/cmd_vel,0.1167,0.0,0.0,0,ok
R01,ROS_TCP,143,1782054787913828771,/cmd_vel,0.1155,0.0,0.0,0,ok
R01,ROS_TCP,144,1782054787968957459,/cmd_vel,0.1111,0.0,0.0,0,ok
R01,ROS_TCP,145,1782054788025921340,/cmd_vel,0.1041,0.0,0.0,0,ok
R01,ROS_TCP,146,1782054788085126566,/cmd_vel,0.1101,0.0,0.0,0,ok
R01,ROS_TCP,147,1782054788138154035,/cmd_vel,0.1132,0.0,0.0,0,ok
R01,ROS_TCP,148,1782054788192077659,/cmd_vel,0.1111,0.0,0.0,0,ok
R01,ROS_TCP,149,1782054788269597569,/cmd_vel,0.1196,0.0,0.0,0,ok
R01,ROS_TCP,150,1782054788325073657,/cmd_vel,0.1121,0.0,0.0,0,ok
R01,ROS_TCP,151,1782054788377416249,/cmd_vel,0.1094,0.0,0.0,0,ok
R01,ROS_TCP,152,1782054788417787909,/cmd_vel,0.1081,0.0,0.0,0,ok
R01,ROS_TCP,153,1782054788483444653,/cmd_vel,0.1089,0.0,0.0,0,ok
R01,ROS_TCP,155,1782054788585915614,/cmd_vel,0.1101,0.0,0.0,0,ok
R01,ROS_TCP,157,1782054788702971854,/cmd_vel,0.1112,0.0,0.0,0,ok
R01,ROS_TCP,158,1782054788758276676,/cmd_vel,0.1009,0.0,0.0,0,ok
R01,ROS_TCP,159,1782054788802214263,/cmd_vel,0.1074,0.0,0.0,0,ok
R01,ROS_TCP,160,1782054788864493433,/cmd_vel,0.1112,0.0,0.0,0,ok
R01,ROS_TCP,161,1782054788915866727,/cmd_vel,0.1171,0.0,0.0,0,ok
R01,ROS_TCP,163,1782054789025716407,/cmd_vel,0.1083,0.0,0.0,0,ok
R01,ROS_TCP,164,1782054789078051943,/cmd_vel,0.1072,0.0,0.0,0,ok
R01,ROS_TCP,165,1782054789139285302,/cmd_vel,0.1183,0.0,0.0,0,ok
R01,ROS_TCP,166,1782054789205475175,/cmd_vel,0.1069,0.0,0.0,0,ok
R01,ROS_TCP,167,1782054789249707766,/cmd_vel,0.1105,0.0,0.0,0,ok
R01,ROS_TCP,168,1782054789304674084,/cmd_vel,0.1048,0.0,0.0,0,ok
R01,ROS_TCP,169,1782054789359058726,/cmd_vel,0.1095,0.0,0.0,0,ok
R01,ROS_TCP,170,1782054789416572085,/cmd_vel,0.1119,0.0,0.0,0,ok
R01,ROS_TCP,171,1782054789469350565,/cmd_vel,0.1165,0.0,0.0,0,ok
R01,ROS_TCP,172,1782054789530431091,/cmd_vel,0.1226,0.0,0.0,0,ok
R01,ROS_TCP,173,1782054789582818461,/cmd_vel,0.1137,0.0,0.0,0,ok
R01,ROS_TCP,174,1782054789649755556,/cmd_vel,0.115,0.0,0.0,0,ok
R01,ROS_TCP,175,1782054789701290942,/cmd_vel,0.0,0.0,0.0,0,ok
R01,ROS_TCP,177,1782054789808667054,/cmd_vel,0.0,0.0,0.0,0,ok
R01,ROS_TCP,178,1782054789865390892,/cmd_vel,0.0,0.0,0.0,0,ok
R01,ROS_TCP,179,1782054789920868156,/cmd_vel,0.0,0.0,0.0,0,ok
R01,ROS_TCP,181,1782054790025702573,/cmd_vel,0.0,0.0,0.0,0,ok
R01,ROS_TCP,182,1782054790096396643,/cmd_vel,0.0,0.0,0.0,0,ok
R01,ROS_TCP,183,1782054790157795338,/cmd_vel,0.0,0.0,0.0,0,ok
R01,ROS_TCP,184,1782054790191250360,/cmd_vel,0.0,0.0,0.0,0,ok
R01,ROS_TCP,185,1782054790248174890,/cmd_vel,0.0,0.0,0.0,0,ok
R01,ROS_TCP,186,1782054790303289706,/cmd_vel,0.0,0.0,0.0,0,ok
R01,ROS_TCP,187,1782054790362410126,/cmd_vel,0.0,0.0,0.0,0,ok
R01,ROS_TCP,188,1782054790422043104,/cmd_vel,0.0,0.0,0.0,0,ok
R01,ROS_TCP,189,1782054790492138026,/cmd_vel,0.0,0.0,0.0,0,ok
R01,ROS_TCP,191,1782054790597981592,/cmd_vel,0.0,0.0,0.0,0,ok
R01,ROS_TCP,192,1782054790636382739,/cmd_vel,0.0,0.0,0.0,0,ok
R01,ROS_TCP,193,1782054790691665370,/cmd_vel,0.0,0.0,0.0,0,ok
R01,ROS_TCP,194,1782054790761976286,/cmd_vel,0.0,0.0,0.0,0,ok
R01,ROS_TCP,195,1782054790815612684,/cmd_vel,0.0,0.0,0.0,0,ok
R01,ROS_TCP,196,1782054790869847228,/cmd_vel,0.0,0.0,0.0,0,ok
R01,ROS_TCP,197,1782054790922639349,/cmd_vel,0.0,0.0,0.0,0,ok
R01,ROS_TCP,198,1782054790971210403,/cmd_vel,0.0,0.0,0.0,0,ok
R01,ROS_TCP,200,1782054791083021323,/cmd_vel,0.0,0.0,0.0,0,ok
R01,ROS_TCP,201,1782054791143154404,/cmd_vel,0.0,0.0,0.0,0,ok
R01,ROS_TCP,202,1782054791190069892,/cmd_vel,0.0,0.0,0.0,0,ok
R01,ROS_TCP,206,1782054791425203619,/cmd_vel,0.0,0.0,0.0,0,ok
R01,ROS_TCP,207,1782054791468509650,/cmd_vel,0.0,0.0,0.0,0,ok
R01,ROS_TCP,209,1782054791592815736,/cmd_vel,0.0,0.0,-0.085,5,ok
R01,ROS_TCP,210,1782054791635316009,/cmd_vel,0.0,0.0,-0.0809,1,ok
R01,ROS_TCP,211,1782054791690509462,/cmd_vel,0.0,0.0,-0.0787,2,ok
R01,ROS_TCP,212,1782054791745793620,/cmd_vel,0.0,0.0,-0.087,5,ok
R01,ROS_TCP,213,1782054791803314466,/cmd_vel,0.0,0.0,-0.1022,4,ok
R01,ROS_TCP,214,1782054791859468502,/cmd_vel,0.0,0.0,-0.0855,1,ok
R01,ROS_TCP,215,1782054791916443160,/cmd_vel,0.0,0.0,-0.0888,4,ok
R01,ROS_TCP,216,1782054791974124941,/cmd_vel,0.0,0.0,-0.0877,3,ok
R01,ROS_TCP,217,1782054792041869899,/cmd_vel,0.0,0.0,-0.0881,1,ok
R01,ROS_TCP,218,1782054792079582718,/cmd_vel,0.0,0.0,-0.0852,1,ok
R01,ROS_TCP,220,1782054792197978150,/cmd_vel,0.0,0.0,-0.0811,5,ok
R01,ROS_TCP,221,1782054792267824681,/cmd_vel,0.0,0.0,-0.0861,1,ok
R01,ROS_TCP,222,1782054792315790834,/cmd_vel,0.0,0.0,-0.0868,3,ok
R01,ROS_TCP,223,1782054792357023363,/cmd_vel,0.0,0.0,-0.0883,2,ok
R01,ROS_TCP,224,1782054792414839450,/cmd_vel,0.0,0.0,-0.0918,3,ok
R01,ROS_TCP,225,1782054792470773908,/cmd_vel,0.0,0.0,-0.0869,3,ok
R01,ROS_TCP,226,1782054792537488765,/cmd_vel,0.0,0.0,-0.0773,5,ok
R01,ROS_TCP,227,1782054792586034464,/cmd_vel,0.0,0.0,-0.0748,2,ok
R01,ROS_TCP,228,1782054792635901672,/cmd_vel,0.0,0.0,-0.0898,2,ok
R01,ROS_TCP,229,1782054792690236561,/cmd_vel,0.0,0.0,-0.0737,2,ok
R01,ROS_TCP,230,1782054792762251822,/cmd_vel,0.0,0.0,-0.0716,4,ok
R01,ROS_TCP,231,1782054792800821748,/cmd_vel,0.0,0.0,-0.0806,2,ok
R01,ROS_TCP,232,1782054792867651643,/cmd_vel,0.0,0.0,-0.0906,5,ok
R01,ROS_TCP,233,1782054792910506251,/cmd_vel,0.0,0.0,-0.0805,3,ok
R01,ROS_TCP,234,1782054792966430347,/cmd_vel,0.221,0.0,0.0,0,ok
R01,ROS_TCP,235,1782054793020493835,/cmd_vel,0.2179,0.0,0.0,0,ok
R01,ROS_TCP,236,1782054793093609948,/cmd_vel,0.2248,0.0,0.0,0,ok
R01,ROS_TCP,237,1782054793136847805,/cmd_vel,0.2273,0.0,0.0,0,ok
R01,ROS_TCP,238,1782054793193285530,/cmd_vel,0.2219,0.0,0.0,0,ok
R01,ROS_TCP,239,1782054793260669796,/cmd_vel,0.2255,0.0,0.0,0,ok
R01,ROS_TCP,240,1782054793309089957,/cmd_vel,0.2266,0.0,0.0,0,ok
R01,ROS_TCP,241,1782054793364651397,/cmd_vel,0.2222,0.0,0.0,0,ok
R01,ROS_TCP,242,1782054793422378559,/cmd_vel,0.2253,0.0,0.0,0,ok
R01,ROS_TCP,243,1782054793479461758,/cmd_vel,0.2251,0.0,0.0,0,ok
R01,ROS_TCP,244,1782054793520990770,/cmd_vel,0.2195,0.0,0.0,0,ok
R01,ROS_TCP,246,1782054793631603982,/cmd_vel,0.2236,0.0,0.0,0,ok
R01,ROS_TCP,247,1782054793698193712,/cmd_vel,0.2245,0.0,0.0,0,ok
R01,ROS_TCP,248,1782054793751960232,/cmd_vel,0.2268,0.0,0.0,0,ok
R01,ROS_TCP,249,1782054793799759710,/cmd_vel,0.2212,0.0,0.0,0,ok
R01,ROS_TCP,250,1782054793870507729,/cmd_vel,0.2381,0.0,0.0,0,ok
R01,ROS_TCP,251,1782054793911336088,/cmd_vel,0.2286,0.0,0.0,0,ok
R01,ROS_TCP,253,1782054794019483977,/cmd_vel,0.228,0.0,0.0,0,ok
R01,ROS_TCP,255,1782054794138653496,/cmd_vel,0.0913,0.0,0.0,0,ok
R01,ROS_TCP,256,1782054794194264249,/cmd_vel,0.0885,0.0,0.0,0,ok
R01,ROS_TCP,257,1782054794252885981,/cmd_vel,0.0903,0.0,0.0,0,ok
R01,ROS_TCP,258,1782054794303526784,/cmd_vel,0.0974,0.0,0.0,0,ok
R01,ROS_TCP,259,1782054794352521168,/cmd_vel,0.0931,0.0,0.0,0,ok
R01,ROS_TCP,260,1782054794406167969,/cmd_vel,0.0939,0.0,0.0,0,ok
R01,ROS_TCP,261,1782054794463267713,/cmd_vel,0.0915,0.0,0.0,0,ok
R01,ROS_TCP,262,1782054794528608590,/cmd_vel,0.098,0.0,0.0,0,ok
R01,ROS_TCP,263,1782054794576843722,/cmd_vel,0.0875,0.0,0.0,0,ok
R01,ROS_TCP,264,1782054794631006679,/cmd_vel,0.0986,0.0,0.0,0,ok
R01,ROS_TCP,265,1782054794686552171,/cmd_vel,0.0938,0.0,0.0,0,ok
R01,ROS_TCP,267,1782054794797862196,/cmd_vel,0.0946,0.0,0.0,0,ok
R01,ROS_TCP,268,1782054794858268618,/cmd_vel,0.0906,0.0,0.0,0,ok
R01,ROS_TCP,269,1782054794923814036,/cmd_vel,0.0923,0.0,0.0,0,ok
R01,ROS_TCP,270,1782054794964339331,/cmd_vel,0.0919,0.0,0.0,0,ok
R01,ROS_TCP,271,1782054795017606137,/cmd_vel,0.0899,0.0,0.0,0,ok
R01,ROS_TCP,275,1782054795241444408,/cmd_vel,0.0965,0.0,0.0,0,ok
R01,ROS_TCP,276,1782054795298803836,/cmd_vel,0.0873,0.0,0.0,0,ok
R01,ROS_TCP,277,1782054795368960332,/cmd_vel,0.0894,0.0,0.0,0,ok
R01,ROS_TCP,278,1782054795408191936,/cmd_vel,0.0935,0.0,0.0,0,ok
R01,ROS_TCP,279,1782054795471965458,/cmd_vel,0.0917,0.0,0.0,0,ok
R01,ROS_TCP,281,1782054795573772308,/cmd_vel,0.0908,0.0,0.0,0,ok
R01,ROS_TCP,282,1782054795640965488,/cmd_vel,0.0949,0.0,0.0,0,ok
R01,ROS_TCP,283,1782054795699739595,/cmd_vel,0.0871,0.0,0.0,0,ok
R01,ROS_TCP,286,1782054795869896583,/cmd_vel,0.09,0.0,0.0,0,ok
R01,ROS_TCP,287,1782054795908448678,/cmd_vel,0.0959,0.0,0.0,0,ok
R01,ROS_TCP,288,1782054795963547234,/cmd_vel,0.0848,0.0,0.0,0,ok
R01,ROS_TCP,290,1782054796086056287,/cmd_vel,0.0837,0.0,0.0,0,ok
R01,ROS_TCP,291,1782054796138085418,/cmd_vel,0.0907,0.0,0.0,0,ok
R01,ROS_TCP,292,1782054796186826845,/cmd_vel,0.0982,0.0,0.0,0,ok
R01,ROS_TCP,293,1782054796247732966,/cmd_vel,0.0907,0.0,0.0,0,ok
R01,ROS_TCP,295,1782054796353346159,/cmd_vel,0.0929,0.0,0.0,0,ok
R01,ROS_TCP,296,1782054796416834406,/cmd_vel,0.0,0.0,-0.1088,3,ok
R01,ROS_TCP,298,1782054796532226252,/cmd_vel,0.0,0.0,-0.1089,5,ok
R01,ROS_TCP,300,1782054796631927786,/cmd_vel,0.0,0.0,-0.1089,5,ok
R01,ROS_TCP,302,1782054796741482399,/cmd_vel,0.0,0.0,-0.1007,1,ok
R01,ROS_TCP,303,1782054796796299776,/cmd_vel,0.0,0.0,-0.0997,3,ok
R01,ROS_TCP,304,1782054796860496538,/cmd_vel,0.0,0.0,-0.0921,1,ok
R01,ROS_TCP,305,1782054796907308509,/cmd_vel,0.0,0.0,-0.0944,2,ok
R01,ROS_TCP,307,1782054797023311454,/cmd_vel,0.0,0.0,-0.0931,1,ok
R01,ROS_TCP,308,1782054797084661255,/cmd_vel,0.0,0.0,-0.1037,4,ok
R01,ROS_TCP,309,1782054797142740446,/cmd_vel,0.0,0.0,-0.0982,4,ok
R01,ROS_TCP,311,1782054797240434744,/cmd_vel,0.0,0.0,-0.0929,5,ok
R01,ROS_TCP,313,1782054797364930615,/cmd_vel,0.0,0.0,-0.0968,1,ok
R01,ROS_TCP,314,1782054797420369274,/cmd_vel,0.0,0.0,-0.085,1,ok
R01,ROS_TCP,315,1782054797463241168,/cmd_vel,0.0,0.0,-0.0894,5,ok
R01,ROS_TCP,317,1782054797573553309,/cmd_vel,0.0,0.0,-0.0758,4,ok
R01,ROS_TCP,318,1782054797629052205,/cmd_vel,0.0,0.0,-0.0973,5,ok
R01,ROS_TCP,319,1782054797685339640,/cmd_vel,0.0,0.0,-0.0992,2,ok
R01,ROS_TCP,322,1782054797863416576,/cmd_vel,0.0,0.0,0.1193,5,ok
R01,ROS_TCP,324,1782054797983054440,/cmd_vel,0.0,0.0,0.1173,2,ok
R01,ROS_TCP,325,1782054798020604610,/cmd_vel,0.0,0.0,0.1208,4,ok
R01,ROS_TCP,326,1782054798083650452,/cmd_vel,0.0,0.0,0.1243,4,ok
R01,ROS_TCP,328,1782054798184833760,/cmd_vel,0.0,0.0,0.1195,2,ok
R01,ROS_TCP,329,1782054798239152302,/cmd_vel,0.0,0.0,0.1212,3,ok
R01,ROS_TCP,330,1782054798293758788,/cmd_vel,0.0,0.0,0.1175,3,ok
R01,ROS_TCP,331,1782054798358832496,/cmd_vel,0.0,0.0,0.1225,1,ok
R01,ROS_TCP,332,1782054798416889161,/cmd_vel,0.0,0.0,0.1189,1,ok
R01,ROS_TCP,333,1782054798467514023,/cmd_vel,0.0,0.0,0.1129,1,ok
R01,ROS_TCP,334,1782054798515167735,/cmd_vel,0.0,0.0,0.1155,4,ok
R01,ROS_TCP,335,1782054798579536591,/cmd_vel,0.0,0.0,0.1178,4,ok
R01,ROS_TCP,336,1782054798635847058,/cmd_vel,0.0,0.0,0.127,5,ok
R01,ROS_TCP,337,1782054798682026040,/cmd_vel,0.0,0.0,0.1191,3,ok
R01,ROS_TCP,338,1782054798743151281,/cmd_vel,0.0,0.0,0.1254,4,ok
R01,ROS_TCP,339,1782054798803901637,/cmd_vel,0.0,0.0,0.1146,4,ok
R01,ROS_TCP,340,1782054798865663746,/cmd_vel,0.0,0.0,0.1317,3,ok
R01,ROS_TCP,341,1782054798905307635,/cmd_vel,0.0,0.0,0.1331,1,ok
R01,ROS_TCP,342,1782054798979372925,/cmd_vel,0.0,0.0,0.1198,5,ok
R01,ROS_TCP,343,1782054799014922587,/cmd_vel,0.0,0.0,0.1214,3,ok
R01,ROS_TCP,344,1782054799072485884,/cmd_vel,0.0,0.0,0.1206,2,ok
R01,ROS_TCP,345,1782054799140338706,/cmd_vel,0.0,0.0,0.1185,4,ok
R01,ROS_TCP,346,1782054799185778138,/cmd_vel,0.0,0.0,0.1281,1,ok
R01,ROS_TCP,347,1782054799236462011,/cmd_vel,0.0,0.0,0.1143,3,ok
R01,ROS_TCP,348,1782054799295160287,/cmd_vel,0.0,0.0,0.1223,4,ok
R01,ROS_TCP,349,1782054799349157565,/cmd_vel,0.0,0.0,0.114,1,ok
R01,ROS_TCP,351,1782054799463786373,/cmd_vel,0.0,0.0,0.1173,2,ok
R01,ROS_TCP,352,1782054799521716741,/cmd_vel,0.0,0.0,0.1249,3,ok
R01,ROS_TCP,353,1782054799569323713,/cmd_vel,0.0,0.0,0.1245,2,ok
R01,ROS_TCP,354,1782054799628186692,/cmd_vel,0.0,0.0,0.119,2,ok
R01,ROS_TCP,355,1782054799682617061,/cmd_vel,0.0,0.0,0.1225,4,ok
R01,ROS_TCP,356,1782054799748123030,/cmd_vel,0.0,0.0,0.1141,3,ok
R01,ROS_TCP,357,1782054799794094847,/cmd_vel,0.0,0.0,0.1237,4,ok
R01,ROS_TCP,358,1782054799850910560,/cmd_vel,0.0,0.0,0.1268,4,ok
R01,ROS_TCP,361,1782054800028832789,/cmd_vel,0.0,0.0,0.1269,5,ok
R01,ROS_TCP,362,1782054800085204868,/cmd_vel,0.0,0.0,0.1219,5,ok
R01,ROS_TCP,363,1782054800143262134,/cmd_vel,0.0,0.0,0.1173,2,ok
R01,ROS_TCP,364,1782054800184679369,/cmd_vel,0.0,0.0,0.1095,5,ok
R01,ROS_TCP,365,1782054800247545725,/cmd_vel,0.0,0.0,0.1235,5,ok
R01,ROS_TCP,366,1782054800292619036,/cmd_vel,0.0,0.0,0.121,5,ok
R01,ROS_TCP,368,1782054800409552505,/cmd_vel,0.0,0.0,0.164,3,ok
R01,ROS_TCP,369,1782054800457311247,/cmd_vel,0.0,0.0,0.1712,5,ok
R01,ROS_TCP,370,1782054800526750190,/cmd_vel,0.0,0.0,0.1553,4,ok
R01,ROS_TCP,371,1782054800576083956,/cmd_vel,0.0,0.0,0.1555,4,ok
R01,ROS_TCP,373,1782054800695911571,/cmd_vel,0.0,0.0,0.1482,2,ok
R01,ROS_TCP,375,1782054800800628244,/cmd_vel,0.0,0.0,0.1524,5,ok
R01,ROS_TCP,376,1782054800858070692,/cmd_vel,0.0,0.0,0.1533,4,ok
R01,ROS_TCP,377,1782054800914736810,/cmd_vel,0.0,0.0,0.1683,1,ok
R01,ROS_TCP,378,1782054800957815045,/cmd_vel,0.0,0.0,0.16,1,ok
R01,ROS_TCP,379,1782054801015072999,/cmd_vel,0.0,0.0,0.1584,4,ok
R01,ROS_TCP,380,1782054801071930993,/cmd_vel,0.0,0.0,0.1628,2,ok
R01,ROS_TCP,381,1782054801127256310,/cmd_vel,0.0,0.0,0.1561,5,ok
R01,ROS_TCP,382,1782054801182766307,/cmd_vel,0.0,0.0,-0.1035,4,ok
R01,ROS_TCP,383,1782054801241221195,/cmd_vel,0.0,0.0,-0.1023,1,ok
R01,ROS_TCP,385,1782054801352369894,/cmd_vel,0.0,0.0,-0.108,5,ok
R01,ROS_TCP,386,1782054801403374430,/cmd_vel,0.0,0.0,-0.1036,2,ok
R01,ROS_TCP,387,1782054801462053647,/cmd_vel,0.0,0.0,-0.0976,4,ok
R01,ROS_TCP,388,1782054801523587146,/cmd_vel,0.0,0.0,-0.1052,5,ok
R01,ROS_TCP,389,1782054801569924185,/cmd_vel,0.0,0.0,-0.1024,5,ok
R01,ROS_TCP,390,1782054801635017914,/cmd_vel,0.0,0.0,-0.1086,4,ok
R01,ROS_TCP,391,1782054801691210326,/cmd_vel,0.0,0.0,-0.0936,2,ok
R01,ROS_TCP,392,1782054801738195381,/cmd_vel,0.0,0.0,-0.0972,3,ok
R01,ROS_TCP,394,1782054801856636133,/cmd_vel,0.0,0.0,-0.1028,5,ok
R01,ROS_TCP,395,1782054801920406663,/cmd_vel,0.0,0.0,-0.108,1,ok
R01,ROS_TCP,396,1782054801961801538,/cmd_vel,0.0,0.0,-0.1076,2,ok
R01,ROS_TCP,397,1782054802014769808,/cmd_vel,0.0,0.0,-0.1055,2,ok
R01,ROS_TCP,399,1782054802145959365,/cmd_vel,0.0,0.0,-0.1002,1,ok
R01,ROS_TCP,400,1782054802180379555,/cmd_vel,0.0,0.0,-0.0975,4,ok
R01,ROS_TCP,401,1782054802254378577,/cmd_vel,0.0,0.0,-0.0984,3,ok
R01,ROS_TCP,402,1782054802291097037,/cmd_vel,0.0,0.0,-0.1053,2,ok
R01,ROS_TCP,403,1782054802348371359,/cmd_vel,0.0,0.0,-0.0971,1,ok
R01,ROS_TCP,404,1782054802404876834,/cmd_vel,0.0,0.0,-0.0939,1,ok
R01,ROS_TCP,405,1782054802459287451,/cmd_vel,0.0,0.0,-0.0963,4,ok
R01,ROS_TCP,406,1782054802528946935,/cmd_vel,0.0,0.0,-0.1007,3,ok
R01,ROS_TCP,407,1782054802570013900,/cmd_vel,0.0,0.0,-0.1053,1,ok
R01,ROS_TCP,408,1782054802626960177,/cmd_vel,0.0,0.0,-0.0928,4,ok
R01,ROS_TCP,409,1782054802693101335,/cmd_vel,0.0,0.0,-0.1035,1,ok
R01,ROS_TCP,411,1782054802792352002,/cmd_vel,0.0,0.0,-0.1041,2,ok
R01,ROS_TCP,412,1782054802859517046,/cmd_vel,0.0,0.0,-0.097,3,ok
R01,ROS_TCP,413,1782054802901131215,/cmd_vel,0.0,0.0,-0.1091,4,ok
R01,ROS_TCP,414,1782054802959137770,/cmd_vel,0.0,0.0,-0.1,1,ok
R01,ROS_TCP,415,1782054803016855838,/cmd_vel,0.0,0.0,-0.0993,2,ok
R01,ROS_TCP,417,1782054803130562413,/cmd_vel,0.0,0.0,-0.1058,2,ok
R01,ROS_TCP,418,1782054803183413076,/cmd_vel,0.0,0.0,-0.1012,4,ok
R01,ROS_TCP,419,1782054803246293363,/cmd_vel,0.0,0.0,-0.0904,2,ok
R01,ROS_TCP,420,1782054803289403389,/cmd_vel,0.0,0.0,-0.0991,4,ok
R01,ROS_TCP,421,1782054803354114465,/cmd_vel,0.0,0.0,-0.1111,4,ok
R01,ROS_TCP,422,1782054803411082747,/cmd_vel,0.0,0.0,-0.0923,5,ok
R01,ROS_TCP,423,1782054803462382711,/cmd_vel,0.0,0.0,-0.0946,2,ok
R01,ROS_TCP,424,1782054803514834254,/cmd_vel,0.0,0.0,-0.0942,2,ok
R01,ROS_TCP,425,1782054803581145234,/cmd_vel,0.0,0.0,-0.0962,3,ok
R01,ROS_TCP,426,1782054803626384880,/cmd_vel,0.0,0.0,-0.0954,2,ok
R01,ROS_TCP,427,1782054803679936516,/cmd_vel,0.0,0.0,-0.1056,5,ok
R01,ROS_TCP,428,1782054803735680540,/cmd_vel,0.0,0.0,-0.1047,5,ok
R01,ROS_TCP,429,1782054803792025409,/cmd_vel,0.0,0.0,-0.0952,2,ok
R01,ROS_TCP,430,1782054803845907015,/cmd_vel,0.0,0.0,-0.1087,4,ok
R01,ROS_TCP,431,1782054803917568710,/cmd_vel,0.0,0.0,0.2071,3,ok
R01,ROS_TCP,432,1782054803955883654,/cmd_vel,0.0,0.0,0.2059,4,ok
R01,ROS_TCP,433,1782054804011587724,/cmd_vel,0.0,0.0,0.1966,1,ok
R01,ROS_TCP,434,1782054804068446845,/cmd_vel,0.0,0.0,0.1982,2,ok
R01,ROS_TCP,435,1782054804133453583,/cmd_vel,0.0,0.0,0.2102,1,ok
R01,ROS_TCP,436,1782054804186885081,/cmd_vel,0.0,0.0,0.2041,3,ok
R01,ROS_TCP,437,1782054804232490734,/cmd_vel,0.0,0.0,0.206,2,ok
R01,ROS_TCP,439,1782054804354816968,/cmd_vel,0.0,0.0,0.1914,3,ok
R01,ROS_TCP,440,1782054804403290627,/cmd_vel,0.0,0.0,0.1955,4,ok
R01,ROS_TCP,442,1782054804513788577,/cmd_vel,0.0,0.0,0.198,5,ok
R01,ROS_TCP,443,1782054804573488879,/cmd_vel,0.0,0.0,0.197,4,ok
R01,ROS_TCP,444,1782054804635057069,/cmd_vel,0.0,0.0,0.2087,3,ok
R01,ROS_TCP,446,1782054804747183608,/cmd_vel,0.0,0.0,0.2102,1,ok
R01,ROS_TCP,447,1782054804801030892,/cmd_vel,0.0,0.0,0.2032,1,ok
R01,ROS_TCP,448,1782054804856702538,/cmd_vel,0.0,0.0,0.1924,1,ok
R01,ROS_TCP,449,1782054804912900122,/cmd_vel,0.0,0.0,0.1969,2,ok
R01,ROS_TCP,450,1782054804958958615,/cmd_vel,0.0,0.0,0.2036,5,ok
R01,ROS_TCP,451,1782054805015339323,/cmd_vel,0.0,0.0,0.1956,2,ok
R01,ROS_TCP,452,1782054805069975044,/cmd_vel,0.0,0.0,0.2048,5,ok
R01,ROS_TCP,453,1782054805126565348,/cmd_vel,0.0,0.0,0.2085,4,ok
R01,ROS_TCP,455,1782054805237200763,/cmd_vel,0.0,0.0,0.2053,5,ok
R01,ROS_TCP,457,1782054805348983697,/cmd_vel,0.0,0.0,0.1999,1,ok
R01,ROS_TCP,458,1782054805412573832,/cmd_vel,0.0,0.0,0.2058,3,ok
R01,ROS_TCP,459,1782054805484421112,/cmd_vel,0.0,0.0,0.1965,1,ok
R01,ROS_TCP,461,1782054805568243072,/cmd_vel,0.1507,0.0,0.1226,0,ok
R01,ROS_TCP,462,1782054805641626247,/cmd_vel,0.1465,0.0,0.1371,0,ok
R01,ROS_TCP,463,1782054805677444373,/cmd_vel,0.1551,0.0,0.1334,0,ok
R01,ROS_TCP,464,1782054805742845669,/cmd_vel,0.1564,0.0,0.1266,0,ok
R01,ROS_TCP,465,1782054805796964808,/cmd_vel,0.1557,0.0,0.1287,0,ok
R01,ROS_TCP,467,1782054805899055067,/cmd_vel,0.1592,0.0,0.1303,0,ok
R01,ROS_TCP,468,1782054805954793788,/cmd_vel,0.1574,0.0,0.1284,0,ok
R01,ROS_TCP,469,1782054806022792166,/cmd_vel,0.15,0.0,0.1344,0,ok
R01,ROS_TCP,470,1782054806064075220,/cmd_vel,0.1524,0.0,0.1253,0,ok
R01,ROS_TCP,471,1782054806126946459,/cmd_vel,0.1582,0.0,0.1214,0,ok
R01,ROS_TCP,472,1782054806190240983,/cmd_vel,0.1492,0.0,0.115,0,ok
R01,ROS_TCP,473,1782054806233770185,/cmd_vel,0.1458,0.0,0.1333,0,ok
R01,ROS_TCP,474,1782054806305502948,/cmd_vel,0.1524,0.0,0.126,0,ok
R01,ROS_TCP,475,1782054806344054309,/cmd_vel,0.1522,0.0,0.1233,0,ok
R01,ROS_TCP,477,1782054806457849933,/cmd_vel,0.1629,0.0,0.0,0,ok
R01,ROS_TCP,478,1782054806512930044,/cmd_vel,0.1602,0.0,0.0,0,ok
R01,ROS_TCP,479,1782054806566282567,/cmd_vel,0.1519,0.0,0.0,0,ok
R01,ROS_TCP,480,1782054806627017893,/cmd_vel,0.16,0.0,0.0,0,ok
R01,ROS_TCP,481,1782054806688695031,/cmd_vel,0.16,0.0,0.0,0,ok
R01,ROS_TCP,482,1782054806746370082,/cmd_vel,0.1544,0.0,0.0,0,ok
R01,ROS_TCP,483,1782054806786619925,/cmd_vel,0.1628,0.0,0.0,0,ok
R01,ROS_TCP,484,1782054806850055487,/cmd_vel,0.1546,0.0,0.0,0,ok
R01,ROS_TCP,486,1782054806972314146,/cmd_vel,0.1552,0.0,0.0,0,ok
R01,ROS_TCP,488,1782054807085376290,/cmd_vel,0.1602,0.0,0.0,0,ok
R01,ROS_TCP,489,1782054807124633961,/cmd_vel,0.1553,0.0,0.0,0,ok
R01,ROS_TCP,490,1782054807185993235,/cmd_vel,0.157,0.0,0.0,0,ok
R01,ROS_TCP,491,1782054807240694751,/cmd_vel,0.1578,0.0,0.0,0,ok
R01,ROS_TCP,492,1782054807305010379,/cmd_vel,0.1657,0.0,0.0,0,ok
R01,ROS_TCP,493,1782054807353607190,/cmd_vel,0.1626,0.0,0.0,0,ok
R01,ROS_TCP,494,1782054807401634680,/cmd_vel,0.1637,0.0,0.0,0,ok
R01,ROS_TCP,495,1782054807466562067,/cmd_vel,0.1645,0.0,0.0,0,ok
R01,ROS_TCP,496,1782054807523125083,/cmd_vel,0.1587,0.0,0.0,0,ok
R01,ROS_TCP,497,1782054807568259038,/cmd_vel,0.1645,0.0,0.0,0,ok
R01,ROS_TCP,498,1782054807620390863,/cmd_vel,0.1617,0.0,0.0,0,ok
R01,ROS_TCP,500,1782054807740748309,/cmd_vel,0.1638,0.0,0.0,0,ok
R01,ROS_TCP,501,1782054807800068209,/cmd_vel,0.1539,0.0,0.0,0,ok
R01,ROS_TCP,502,1782054807846506461,/cmd_vel,0.1489,0.0,0.0,0,ok
R01,ROS_TCP,503,1782054807909148176,/cmd_vel,0.1603,0.0,0.0,0,ok
R01,ROS_TCP,504,1782054807956427704,/cmd_vel,0.1588,0.0,0.0,0,ok
R01,ROS_TCP,505,1782054808015133201,/cmd_vel,0.1561,0.0,0.0,0,ok
R01,ROS_TCP,506,1782054808064098300,/cmd_vel,0.1596,0.0,0.0,0,ok
R01,ROS_TCP,507,1782054808117677798,/cmd_vel,0.1598,0.0,0.0,0,ok
R01,ROS_TCP,509,1782054808233319572,/cmd_vel,0.1549,0.0,0.0,0,ok
R01,ROS_TCP,510,1782054808288990487,/cmd_vel,0.1646,0.0,0.0,0,ok
R01,ROS_TCP,511,1782054808339316974,/cmd_vel,0.1654,0.0,0.0,0,ok
R01,ROS_TCP,512,1782054808400733567,/cmd_vel,0.1615,0.0,0.0,0,ok
R01,ROS_TCP,513,1782054808453559736,/cmd_vel,0.1552,0.0,0.0,0,ok
R01,ROS_TCP,514,1782054808514411480,/cmd_vel,0.1657,0.0,0.0,0,ok
R01,ROS_TCP,515,1782054808562337046,/cmd_vel,0.1621,0.0,0.0,0,ok
R01,ROS_TCP,516,1782054808632253343,/cmd_vel,0.1585,0.0,0.0,0,ok
R01,ROS_TCP,517,1782054808673959125,/cmd_vel,0.1659,0.0,0.0,0,ok
R01,ROS_TCP,518,1782054808737282198,/cmd_vel,0.165,0.0,0.0,0,ok
R01,ROS_TCP,519,1782054808789009885,/cmd_vel,0.1577,0.0,0.0,0,ok
R01,ROS_TCP,520,1782054808861331588,/cmd_vel,0.1576,0.0,0.0,0,ok
R01,ROS_TCP,521,1782054808894773094,/cmd_vel,0.1563,0.0,0.0,0,ok
R01,ROS_TCP,522,1782054808962341642,/cmd_vel,0.1709,0.0,0.0,0,ok
R01,ROS_TCP,523,1782054809020230329,/cmd_vel,0.1548,0.0,0.0,0,ok
R01,ROS_TCP,524,1782054809062847192,/cmd_vel,0.1556,0.0,0.0,0,ok
R01,ROS_TCP,525,1782054809117236405,/cmd_vel,0.0864,0.0,0.0,0,ok
R01,ROS_TCP,526,1782054809171367204,/cmd_vel,0.103,0.0,0.0,0,ok
R01,ROS_TCP,527,1782054809234652983,/cmd_vel,0.1021,0.0,0.0,0,ok
R01,ROS_TCP,528,1782054809285158187,/cmd_vel,0.0944,0.0,0.0,0,ok
R01,ROS_TCP,529,1782054809346804198,/cmd_vel,0.0907,0.0,0.0,0,ok
R01,ROS_TCP,530,1782054809394452136,/cmd_vel,0.0917,0.0,0.0,0,ok
R01,ROS_TCP,531,1782054809450146157,/cmd_vel,0.0906,0.0,0.0,0,ok
R01,ROS_TCP,532,1782054809502436374,/cmd_vel,0.0942,0.0,0.0,0,ok
R01,ROS_TCP,533,1782054809565788646,/cmd_vel,0.089,0.0,0.0,0,ok
R01,ROS_TCP,535,1782054809674938948,/cmd_vel,0.0951,0.0,0.0,0,ok
R01,ROS_TCP,537,1782054809789162653,/cmd_vel,0.0979,0.0,0.0,0,ok
R01,ROS_TCP,538,1782054809838255982,/cmd_vel,0.0984,0.0,0.0,0,ok
R01,ROS_TCP,539,1782054809919108636,/cmd_vel,0.0988,0.0,0.0,0,ok
R01,ROS_TCP,540,1782054809958232924,/cmd_vel,0.0912,0.0,0.0,0,ok
R01,ROS_TCP,541,1782054810014659348,/cmd_vel,0.0892,0.0,0.0,0,ok
R01,ROS_TCP,542,1782054810060099555,/cmd_vel,0.0921,0.0,0.0,0,ok
R01,ROS_TCP,543,1782054810115465113,/cmd_vel,0.0979,0.0,0.0,0,ok
R01,ROS_TCP,544,1782054810178274906,/cmd_vel,0.0939,0.0,0.0,0,ok
R01,ROS_TCP,545,1782054810231148065,/cmd_vel,0.0908,0.0,0.0,0,ok
R01,ROS_TCP,546,1782054810287279993,/cmd_vel,0.0944,0.0,0.0,0,ok
R01,ROS_TCP,547,1782054810348906522,/cmd_vel,0.0861,0.0,0.0,0,ok
R01,ROS_TCP,548,1782054810412872904,/cmd_vel,0.095,0.0,0.0,0,ok
R01,ROS_TCP,549,1782054810448559101,/cmd_vel,0.0902,0.0,0.0,0,ok
R01,ROS_TCP,553,1782054810670320606,/cmd_vel,0.0931,0.0,0.0,0,ok
R01,ROS_TCP,554,1782054810738160120,/cmd_vel,0.1018,0.0,0.0,0,ok
R01,ROS_TCP,556,1782054810837077986,/cmd_vel,0.0964,0.0,0.0,0,ok
R01,ROS_TCP,557,1782054810911954974,/cmd_vel,0.0954,0.0,0.0,0,ok
R01,ROS_TCP,558,1782054810954314562,/cmd_vel,0.0928,0.0,0.0,0,ok
R01,ROS_TCP,559,1782054811007944907,/cmd_vel,0.0943,0.0,0.0,0,ok
R01,ROS_TCP,560,1782054811056928605,/cmd_vel,0.0919,0.0,0.0,0,ok
R01,ROS_TCP,561,1782054811127321338,/cmd_vel,0.0933,0.0,0.0,0,ok
R01,ROS_TCP,562,1782054811184304327,/cmd_vel,0.0881,0.0,0.0,0,ok
R01,ROS_TCP,563,1782054811227090399,/cmd_vel,0.0972,0.0,0.0,0,ok
R01,ROS_TCP,564,1782054811291310695,/cmd_vel,0.093,0.0,0.0,0,ok
R01,ROS_TCP,565,1782054811334398135,/cmd_vel,0.091,0.0,0.0,0,ok
R01,ROS_TCP,567,1782054811447859841,/cmd_vel,0.0,0.0,0.2402,5,ok
R01,ROS_TCP,568,1782054811500606703,/cmd_vel,0.0,0.0,0.239,5,ok
R01,ROS_TCP,569,1782054811567520030,/cmd_vel,0.0,0.0,0.2475,2,ok
R01,ROS_TCP,570,1782054811634150244,/cmd_vel,0.0,0.0,0.245,3,ok
R01,ROS_TCP,571,1782054811682969775,/cmd_vel,0.0,0.0,0.2357,3,ok
R01,ROS_TCP,572,1782054811735995951,/cmd_vel,0.0,0.0,0.2463,3,ok
R01,ROS_TCP,573,1782054811790314109,/cmd_vel,0.0,0.0,0.2338,2,ok
R01,ROS_TCP,575,1782054811905041528,/cmd_vel,0.0,0.0,0.2474,3,ok
R01,ROS_TCP,576,1782054811945840863,/cmd_vel,0.0,0.0,0.2382,3,ok
R01,ROS_TCP,577,1782054812013944524,/cmd_vel,0.0,0.0,0.2369,3,ok
R01,ROS_TCP,578,1782054812065961490,/cmd_vel,0.0,0.0,0.2244,1,ok
R01,ROS_TCP,579,1782054812127771503,/cmd_vel,0.0,0.0,0.239,1,ok
R01,ROS_TCP,580,1782054812168158929,/cmd_vel,0.0,0.0,0.2322,1,ok
R01,ROS_TCP,581,1782054812224702976,/cmd_vel,0.0,0.0,0.2388,2,ok
R01,ROS_TCP,582,1782054812282415109,/cmd_vel,0.0,0.0,0.2421,5,ok
R01,ROS_TCP,583,1782054812341545441,/cmd_vel,0.0,0.0,0.2452,2,ok
R01,ROS_TCP,584,1782054812408393738,/cmd_vel,0.0,0.0,0.2436,4,ok
R01,ROS_TCP,585,1782054812446307360,/cmd_vel,0.0,0.0,0.2434,1,ok
R01,ROS_TCP,586,1782054812503477798,/cmd_vel,0.1111,0.0,0.0,0,ok
R01,ROS_TCP,587,1782054812562205959,/cmd_vel,0.101,0.0,0.0,0,ok
R01,ROS_TCP,588,1782054812629319928,/cmd_vel,0.108,0.0,0.0,0,ok
R01,ROS_TCP,589,1782054812684782052,/cmd_vel,0.1151,0.0,0.0,0,ok
R01,ROS_TCP,590,1782054812736527210,/cmd_vel,0.104,0.0,0.0,0,ok
R01,ROS_TCP,592,1782054812846167502,/cmd_vel,0.1074,0.0,0.0,0,ok
R01,ROS_TCP,593,1782054812898083972,/cmd_vel,0.1139,0.0,0.0,0,ok
R01,ROS_TCP,594,1782054812950603201,/cmd_vel,0.1118,0.0,0.0,0,ok
R01,ROS_TCP,595,1782054813009039201,/cmd_vel,0.1078,0.0,0.0,0,ok
R01,ROS_TCP,598,1782054813183070860,/cmd_vel,0.1074,0.0,0.0,0,ok
R01,ROS_TCP,599,1782054813226452678,/cmd_vel,0.1058,0.0,0.0,0,ok
R01,ROS_TCP,600,1782054813291869362,/cmd_vel,0.1072,0.0,0.0,0,ok
R01,ROS_TCP,601,1782054813340538603,/cmd_vel,0.1063,0.0,0.0,0,ok
R01,ROS_TCP,602,1782054813394825081,/cmd_vel,0.1056,0.0,0.0,0,ok
R01,ROS_TCP,603,1782054813461424570,/cmd_vel,0.1143,0.0,0.0,0,ok
R01,ROS_TCP,604,1782054813506142862,/cmd_vel,0.1064,0.0,0.0,0,ok
R01,ROS_TCP,606,1782054813622449704,/cmd_vel,0.1075,0.0,0.0,0,ok
R01,ROS_TCP,607,1782054813689781973,/cmd_vel,0.1072,0.0,0.0,0,ok
R01,ROS_TCP,609,1782054813788778762,/cmd_vel,0.1056,0.0,0.0,0,ok
R01,ROS_TCP,610,1782054813837469647,/cmd_vel,0.1044,0.0,0.0,0,ok
R01,ROS_TCP,611,1782054813895780942,/cmd_vel,0.1102,0.0,0.0,0,ok
R01,ROS_TCP,613,1782054814023581032,/cmd_vel,0.1074,0.0,0.0,0,ok
R01,ROS_TCP,614,1782054814060649177,/cmd_vel,0.1017,0.0,0.0,0,ok
R01,ROS_TCP,615,1782054814130550643,/cmd_vel,0.1059,0.0,0.0,0,ok
R01,ROS_TCP,617,1782054814228079755,/cmd_vel,0.109,0.0,0.0,0,ok
R01,ROS_TCP,618,1782054814282353456,/cmd_vel,0.1072,0.0,0.0,0,ok
R01,ROS_TCP,619,1782054814359071804,/cmd_vel,0.111,0.0,0.0,0,ok
R01,ROS_TCP,620,1782054814405641650,/cmd_vel,0.104,0.0,0.0,0,ok
R01,ROS_TCP,621,1782054814447289859,/cmd_vel,0.1021,0.0,0.0,0,ok
R01,ROS_TCP,622,1782054814500408852,/cmd_vel,0.1005,0.0,0.0,0,ok
R01,ROS_TCP,623,1782054814558580963,/cmd_vel,0.1099,0.0,0.0,0,ok
R01,ROS_TCP,624,1782054814619936735,/cmd_vel,0.1066,0.0,0.0,0,ok
R01,ROS_TCP,625,1782054814672785051,/cmd_vel,0.1149,0.0,0.0,0,ok
R01,ROS_TCP,627,1782054814798405532,/cmd_vel,0.1064,0.0,0.0,0,ok
R01,ROS_TCP,628,1782054814840834785,/cmd_vel,0.1073,0.0,0.0,0,ok
R01,ROS_TCP,629,1782054814902072730,/cmd_vel,0.1109,0.0,0.0,0,ok
R01,ROS_TCP,630,1782054814950781271,/cmd_vel,0.1038,0.0,0.0,0,ok
R01,ROS_TCP,631,1782054815009305890,/cmd_vel,0.1092,0.0,0.0,0,ok
R01,ROS_TCP,632,1782054815058453079,/cmd_vel,0.1011,0.0,0.0,0,ok
R01,ROS_TCP,633,1782054815127058731,/cmd_vel,0.1091,0.0,0.0,0,ok
R01,ROS_TCP,635,1782054815238379971,/cmd_vel,0.0,0.0,-0.2,1,ok
R01,ROS_TCP,636,1782054815285242765,/cmd_vel,0.0,0.0,-0.2082,5,ok
R01,ROS_TCP,640,1782054815502631756,/cmd_vel,0.0,0.0,-0.1911,1,ok
R01,ROS_TCP,641,1782054815558446166,/cmd_vel,0.0,0.0,-0.2071,2,ok
R01,ROS_TCP,642,1782054815614620273,/cmd_vel,0.0,0.0,-0.1953,5,ok
R01,ROS_TCP,643,1782054815681581531,/cmd_vel,0.0,0.0,-0.1921,2,ok
R01,ROS_TCP,644,1782054815733839323,/cmd_vel,0.0,0.0,-0.1889,4,ok
R01,ROS_TCP,645,1782054815781237937,/cmd_vel,0.0,0.0,-0.1962,5,ok
R01,ROS_TCP,646,1782054815837112624,/cmd_vel,0.0,0.0,-0.1956,4,ok
R01,ROS_TCP,647,1782054815895609109,/cmd_vel,0.0,0.0,-0.2028,1,ok
R01,ROS_TCP,649,1782054816004122907,/cmd_vel,0.0,0.0,-0.203,5,ok
R01,ROS_TCP,650,1782054816060279001,/cmd_vel,0.0,0.0,-0.1926,2,ok
R01,ROS_TCP,651,1782054816115551800,/cmd_vel,0.0,0.0,-0.2012,5,ok
R01,ROS_TCP,652,1782054816169465438,/cmd_vel,0.0,0.0,-0.1929,1,ok
R01,ROS_TCP,653,1782054816225693945,/cmd_vel,0.0,0.0,-0.1934,5,ok
R01,ROS_TCP,654,1782054816281547465,/cmd_vel,0.0,0.0,-0.0787,1,ok
R01,ROS_TCP,655,1782054816354825737,/cmd_vel,0.0,0.0,-0.0685,4,ok
R01,ROS_TCP,656,1782054816392702769,/cmd_vel,0.0,0.0,-0.0714,5,ok
R01,ROS_TCP,658,1782054816518870611,/cmd_vel,0.0,0.0,-0.0736,2,ok
R01,ROS_TCP,659,1782054816557528722,/cmd_vel,0.0,0.0,-0.0646,1,ok
R01,ROS_TCP,660,1782054816625575718,/cmd_vel,0.0,0.0,-0.0807,4,ok
R01,ROS_TCP,661,1782054816670443983,/cmd_vel,0.0,0.0,-0.0728,3,ok
R01,ROS_TCP,662,1782054816735707560,/cmd_vel,0.0,0.0,-0.079,2,ok
R01,ROS_TCP,663,1782054816791248850,/cmd_vel,0.0,0.0,-0.0715,1,ok
R01,ROS_TCP,664,1782054816835202810,/cmd_vel,0.0,0.0,-0.0728,5,ok
R01,ROS_TCP,665,1782054816905611305,/cmd_vel,0.0,0.0,-0.0799,3,ok
R01,ROS_TCP,666,1782054816957458832,/cmd_vel,0.0,0.0,-0.0819,3,ok
R01,ROS_TCP,668,1782054817065825572,/cmd_vel,0.0,0.0,-0.0705,1,ok
R01,ROS_TCP,670,1782054817171775469,/cmd_vel,0.0,0.0,-0.0767,2,ok
R01,ROS_TCP,671,1782054817236640853,/cmd_vel,0.0,0.0,-0.0776,3,ok
R01,ROS_TCP,672,1782054817281983859,/cmd_vel,0.0,0.0,-0.1645,5,ok
R01,ROS_TCP,673,1782054817337054111,/cmd_vel,0.0,0.0,-0.1652,3,ok
R01,ROS_TCP,674,1782054817400416395,/cmd_vel,0.0,0.0,-0.1619,2,ok
R01,ROS_TCP,675,1782054817450166243,/cmd_vel,0.0,0.0,-0.1695,1,ok
R01,ROS_TCP,676,1782054817518268052,/cmd_vel,0.0,0.0,-0.175,5,ok
R01,ROS_TCP,677,1782054817572090111,/cmd_vel,0.0,0.0,-0.1628,4,ok
R01,ROS_TCP,680,1782054817728900763,/cmd_vel,0.0,0.0,-0.162,5,ok
R01,ROS_TCP,682,1782054817854176169,/cmd_vel,0.0,0.0,-0.168,5,ok
R01,ROS_TCP,683,1782054817894619747,/cmd_vel,0.0,0.0,-0.1651,4,ok
R01,ROS_TCP,684,1782054817949507444,/cmd_vel,0.0,0.0,-0.1733,5,ok
R01,ROS_TCP,685,1782054818017122455,/cmd_vel,0.0,0.0,-0.1575,4,ok
R01,ROS_TCP,686,1782054818067354923,/cmd_vel,0.0,0.0,-0.1799,3,ok
R01,ROS_TCP,687,1782054818114398324,/cmd_vel,0.0676,0.0,0.1933,0,ok
R01,ROS_TCP,689,1782054818224770683,/cmd_vel,0.0752,0.0,0.1896,0,ok
R01,ROS_TCP,690,1782054818292152996,/cmd_vel,0.0722,0.0,0.1778,0,ok
R01,ROS_TCP,691,1782054818336001258,/cmd_vel,0.0736,0.0,0.1789,0,ok
R01,ROS_TCP,692,1782054818416258511,/cmd_vel,0.0705,0.0,0.1763,0,ok
R01,ROS_TCP,694,1782054818502110183,/cmd_vel,0.0689,0.0,0.1816,0,ok
R01,ROS_TCP,695,1782054818565768938,/cmd_vel,0.0749,0.0,0.1777,0,ok
R01,ROS_TCP,696,1782054818613085774,/cmd_vel,0.0724,0.0,0.1784,0,ok
R01,ROS_TCP,697,1782054818685595695,/cmd_vel,0.0718,0.0,0.173,0,ok
R01,ROS_TCP,699,1782054818780243946,/cmd_vel,0.0707,0.0,0.1831,0,ok
R01,ROS_TCP,700,1782054818851133426,/cmd_vel,0.0753,0.0,0.1833,0,ok
R01,ROS_TCP,701,1782054818904139717,/cmd_vel,0.0774,0.0,0.1729,0,ok
R01,ROS_TCP,702,1782054818950112120,/cmd_vel,0.0781,0.0,0.1823,0,ok
R01,ROS_TCP,703,1782054819004480920,/cmd_vel,0.0798,0.0,0.1777,0,ok
R01,ROS_TCP,704,1782054819059825655,/cmd_vel,0.1476,0.0,0.0,0,ok
R01,ROS_TCP,705,1782054819115723617,/cmd_vel,0.1548,0.0,0.0,0,ok
R01,ROS_TCP,707,1782054819235908915,/cmd_vel,0.1446,0.0,0.0,0,ok
R01,ROS_TCP,708,1782054819293993601,/cmd_vel,0.1558,0.0,0.0,0,ok
R01,ROS_TCP,710,1782054819390699181,/cmd_vel,0.153,0.0,0.0,0,ok
R01,ROS_TCP,711,1782054819453237553,/cmd_vel,0.148,0.0,0.0,0,ok
R01,ROS_TCP,712,1782054819501403605,/cmd_vel,0.1497,0.0,0.0,0,ok
R01,ROS_TCP,713,1782054819556644532,/cmd_vel,0.1537,0.0,0.0,0,ok
R01,ROS_TCP,714,1782054819618702345,/cmd_vel,0.1515,0.0,0.0,0,ok
R01,ROS_TCP,716,1782054819725444232,/cmd_vel,0.149,0.0,0.0,0,ok
R01,ROS_TCP,717,1782054819791850522,/cmd_vel,0.1534,0.0,0.0,0,ok
R01,ROS_TCP,718,1782054819836004289,/cmd_vel,0.1572,0.0,0.0,0,ok
R01,ROS_TCP,721,1782054820011841496,/cmd_vel,0.1564,0.0,0.0,0,ok
R01,ROS_TCP,722,1782054820062470339,/cmd_vel,0.1536,0.0,0.0,0,ok
R01,ROS_TCP,725,1782054820226683288,/cmd_vel,0.1479,0.0,0.0,0,ok
R01,ROS_TCP,726,1782054820284136652,/cmd_vel,0.1512,0.0,0.0,0,ok
R01,ROS_TCP,728,1782054820403436431,/cmd_vel,0.1512,0.0,0.0,0,ok
R01,ROS_TCP,729,1782054820449943451,/cmd_vel,0.0616,0.0,0.0,0,ok
R01,ROS_TCP,730,1782054820512455201,/cmd_vel,0.0599,0.0,0.0,0,ok
R01,ROS_TCP,731,1782054820573152969,/cmd_vel,0.0543,0.0,0.0,0,ok
R01,ROS_TCP,732,1782054820616431977,/cmd_vel,0.0538,0.0,0.0,0,ok
R01,ROS_TCP,733,1782054820675587901,/cmd_vel,0.0551,0.0,0.0,0,ok
R01,ROS_TCP,735,1782054820783237815,/cmd_vel,0.0547,0.0,0.0,0,ok
R01,ROS_TCP,736,1782054820846365026,/cmd_vel,0.0608,0.0,0.0,0,ok
R01,ROS_TCP,737,1782054820908537249,/cmd_vel,0.054,0.0,0.0,0,ok
R01,ROS_TCP,738,1782054820953261242,/cmd_vel,0.0617,0.0,0.0,0,ok
R01,ROS_TCP,740,1782054821063673148,/cmd_vel,0.0611,0.0,0.0,0,ok
R01,ROS_TCP,741,1782054821121623273,/cmd_vel,0.0582,0.0,0.0,0,ok
R01,ROS_TCP,742,1782054821180102455,/cmd_vel,0.0551,0.0,0.0,0,ok
R01,ROS_TCP,744,1782054821282837346,/cmd_vel,0.0562,0.0,0.0,0,ok
R01,ROS_TCP,745,1782054821351948170,/cmd_vel,0.0606,0.0,0.0,0,ok
R01,ROS_TCP,746,1782054821414150427,/cmd_vel,0.0556,0.0,0.0,0,ok
R01,ROS_TCP,747,1782054821451684567,/cmd_vel,0.0537,0.0,0.0,0,ok
R01,ROS_TCP,748,1782054821509019475,/cmd_vel,0.0584,0.0,0.0,0,ok
R01,ROS_TCP,749,1782054821575761207,/cmd_vel,0.0566,0.0,0.0,0,ok
R01,ROS_TCP,750,1782054821619112768,/cmd_vel,0.0504,0.0,0.0,0,ok
R01,ROS_TCP,751,1782054821676021442,/cmd_vel,0.0573,0.0,0.0,0,ok
R01,ROS_TCP,752,1782054821731147997,/cmd_vel,0.059,0.0,0.0,0,ok
R01,ROS_TCP,754,1782054821857310323,/cmd_vel,0.0626,0.0,0.0,0,ok
R01,ROS_TCP,755,1782054821894195383,/cmd_vel,0.0,0.0,0.0,0,ok
R01,ROS_TCP,756,1782054821953683915,/cmd_vel,0.0,0.0,0.0,0,ok
R01,ROS_TCP,757,1782054822007750603,/cmd_vel,0.0,0.0,0.0,0,ok
R01,ROS_TCP,760,1782054822173759384,/cmd_vel,0.0,0.0,0.0,0,ok
R01,ROS_TCP,762,1782054822298443035,/cmd_vel,0.0,0.0,0.0,0,ok
R01,ROS_TCP,763,1782054822339857964,/cmd_vel,0.0,0.0,0.0,0,ok
R01,ROS_TCP,764,1782054822397079928,/cmd_vel,0.0,0.0,0.0,0,ok
R01,ROS_TCP,765,1782054822450846865,/cmd_vel,0.0,0.0,0.0,0,ok
R01,ROS_TCP,766,1782054822508183774,/cmd_vel,0.0,0.0,0.0,0,ok
R01,ROS_TCP,767,1782054822568022942,/cmd_vel,0.0,0.0,0.0,0,ok
R01,ROS_TCP,768,1782054822621492172,/cmd_vel,0.0,0.0,0.0,0,ok
R01,ROS_TCP,769,1782054822684722396,/cmd_vel,0.0,0.0,0.0,0,ok
R01,ROS_TCP,770,1782054822730347783,/cmd_vel,0.0,0.0,0.0,0,ok
R01,ROS_TCP,771,1782054822794378767,/cmd_vel,0.0,0.0,0.0,0,ok
R01,ROS_TCP,772,1782054822850042012,/cmd_vel,0.0,0.0,0.0,0,ok
R01,ROS_TCP,773,1782054822896780042,/cmd_vel,0.0,0.0,0.0,0,ok
R01,ROS_TCP,774,1782054822954525970,/cmd_vel,0.0,0.0,0.0,0,ok
R01,ROS_TCP,775,1782054823011749531,/cmd_vel,0.0,0.0,0.0,0,ok
R01,ROS_TCP,776,1782054823065001882,/cmd_vel,0.0,0.0,0.0,0,ok
R01,ROS_TCP,777,1782054823120378083,/cmd_vel,0.0,0.0,0.0,0,ok
R01,ROS_TCP,780,1782054823287009738,/cmd_vel,0.0,0.0,0.0,0,ok
R01,ROS_TCP,781,1782054823345869298,/cmd_vel,0.0,0.0,0.0,0,ok
R01,ROS_TCP,782,1782054823398461049,/cmd_vel,0.0,0.0,0.0,0,ok
R01,ROS_TCP,783,1782054823460849985,/cmd_vel,0.0,0.0,0.0,0,ok
R01,ROS_TCP,785,1782054823570825294,/cmd_vel,0.0,0.0,0.0,0,ok
R01,ROS_TCP,786,1782054823620104497,/cmd_vel,0.0,0.0,0.0,0,ok
R01,ROS_TCP,787,1782054823684922256,/cmd_vel,0.0,0.0,0.0,0,ok
R01,ROS_TCP,788,1782054823738088011,/cmd_vel,0.0,0.0,0.0,0,ok
R01,ROS_TCP,789,1782054823791320278,/cmd_vel,0.0,0.0,0.0,0,ok
R01,ROS_TCP,790,1782054823867242104,/cmd_vel,0.0,0.0,0.0,0,ok
R01,ROS_TCP,791,1782054823904842508,/cmd_vel,0.0,0.0,0.0,0,ok
R01,ROS_TCP,792,1782054823956340481,/cmd_vel,0.0,0.0,0.0,0,ok
R01,ROS_TCP,794,1782054824067434624,/cmd_vel,0.0,0.0,0.0,0,ok
R01,ROS_TCP,795,1782054824120822071,/cmd_vel,0.0,0.0,0.0,0,ok
R01,ROS_TCP,796,1782054824178500677,/cmd_vel,0.0,0.0,0.0,0,ok
R01,ROS_TCP,797,1782054824232014226,/cmd_vel,0.0,0.0,0.0,0,ok
R01,ROS_TCP,798,1782054824298240155,/cmd_vel,0.0,0.0,0.0,0,ok
R01,ROS_TCP,799,1782054824344628381,/cmd_vel,0.0,0.0,0.0,0,ok
R01,ROS_TCP,801,1782054824475164755,/cmd_vel,0.0,0.0,0.0,0,ok
R01,ROS_TCP,802,1782054824509888862,/cmd_vel,0.0,0.0,0.0,0,ok
R01,ROS_TCP,803,1782054824572691215,/cmd_vel,0.2327,0.0,0.0,0,ok
R01,ROS_TCP,804,1782054824635043702,/cmd_vel,0.2456,0.0,0.0,0,ok
R01,ROS_TCP,805,1782054824676288691,/cmd_vel,0.24,0.0,0.0,0,ok
R01,ROS_TCP,806,1782054824739487724,/cmd_vel,0.2374,0.0,0.0,0,ok
R01,ROS_TCP,807,1782054824794449847,/cmd_vel,0.2441,0.0,0.0,0,ok
R01,ROS_TCP,808,1782054824842803539,/cmd_vel,0.2334,0.0,0.0,0,ok
R01,ROS_TCP,809,1782054824898790879,/cmd_vel,0.2298,0.0,0.0,0,ok
R01,ROS_TCP,810,1782054824954341770,/cmd_vel,0.2326,0.0,0.0,0,ok
R01,ROS_TCP,811,1782054825012866479,/cmd_vel,0.2365,0.0,0.0,0,ok
R01,ROS_TCP,812,1782054825064492487,/cmd_vel,0.2391,0.0,0.0,0,ok
R01,ROS_TCP,813,1782054825132352680,/cmd_vel,0.2317,0.0,0.0,0,ok
R01,ROS_TCP,814,1782054825189493182,/cmd_vel,0.2397,0.0,0.0,0,ok
R01,ROS_TCP,815,1782054825244814191,/cmd_vel,0.2394,0.0,0.0,0,ok
R01,ROS_TCP,817,1782054825342635554,/cmd_vel,0.2305,0.0,0.0,0,ok
R01,ROS_TCP,818,1782054825397978035,/cmd_vel,0.2329,0.0,0.0,0,ok
R01,ROS_TCP,820,1782054825517145076,/cmd_vel,0.2339,0.0,0.0,0,ok
R01,ROS_TCP,821,1782054825576285325,/cmd_vel,0.2455,0.0,0.0,0,ok
R01,ROS_TCP,822,1782054825634113946,/cmd_vel,0.2371,0.0,0.0,0,ok
R01,ROS_TCP,823,1782054825686813925,/cmd_vel,0.2397,0.0,0.0,0,ok
R01,ROS_TCP,824,1782054825744698202,/cmd_vel,0.239,0.0,0.0,0,ok
R01,ROS_TCP,826,1782054825845279375,/cmd_vel,0.2341,0.0,0.0,0,ok
R01,ROS_TCP,828,1782054825956516805,/cmd_vel,0.2345,0.0,0.0,0,ok
R01,ROS_TCP,829,1782054826011471481,/cmd_vel,0.2422,0.0,0.0,0,ok
R01,ROS_TCP,830,1782054826080850652,/cmd_vel,0.2383,0.0,0.0,0,ok
R01,ROS_TCP,831,1782054826124768823,/cmd_vel,0.2413,0.0,0.0,0,ok
R01,ROS_TCP,832,1782054826197540043,/cmd_vel,0.2369,0.0,0.0,0,ok
R01,ROS_TCP,834,1782054826296570970,/cmd_vel,0.232,0.0,0.0,0,ok
R01,ROS_TCP,835,1782054826351621096,/cmd_vel,0.2404,0.0,0.0,0,ok
R01,ROS_TCP,836,1782054826402290594,/cmd_vel,0.2391,0.0,0.0,0,ok
R01,ROS_TCP,839,1782054826570186318,/cmd_vel,0.2328,0.0,0.0,0,ok
R01,ROS_TCP,840,1782054826631010516,/cmd_vel,0.2411,0.0,0.0,0,ok
R01,ROS_TCP,841,1782054826692464255,/cmd_vel,0.2354,0.0,0.0,0,ok
R01,ROS_TCP,842,1782054826735508243,/cmd_vel,0.0,0.0,0.0,0,ok
R01,ROS_TCP,843,1782054826791030757,/cmd_vel,0.0,0.0,0.0,0,ok
R01,ROS_TCP,844,1782054826846906088,/cmd_vel,0.0,0.0,0.0,0,ok
R01,ROS_TCP,845,1782054826913282424,/cmd_vel,0.0,0.0,0.0,0,ok
R01,ROS_TCP,846,1782054826959051687,/cmd_vel,0.0,0.0,0.0,0,ok
R01,ROS_TCP,847,1782054827022049493,/cmd_vel,0.0,0.0,0.0,0,ok
R01,ROS_TCP,848,1782054827074192777,/cmd_vel,0.0,0.0,0.0,0,ok
R01,ROS_TCP,852,1782054827313342033,/cmd_vel,0.0,0.0,0.0,0,ok
R01,ROS_TCP,853,1782054827348048874,/cmd_vel,0.0,0.0,0.0,0,ok
R01,ROS_TCP,854,1782054827411128963,/cmd_vel,0.0,0.0,0.0,0,ok
R01,ROS_TCP,855,1782054827487078456,/cmd_vel,0.0,0.0,0.0,0,ok
R01,ROS_TCP,857,1782054827571376099,/cmd_vel,0.0,0.0,0.0,0,ok
R01,ROS_TCP,858,1782054827640197674,/cmd_vel,0.0,0.0,0.0,0,ok
R01,ROS_TCP,859,1782054827690626720,/cmd_vel,0.0,0.0,0.0,0,ok
R01,ROS_TCP,860,1782054827738292296,/cmd_vel,0.0,0.0,0.0,0,ok
R01,ROS_TCP,861,1782054827806491373,/cmd_vel,0.0,0.0,0.0,0,ok
R01,ROS_TCP,863,1782054827931449029,/cmd_vel,0.0,0.0,0.0,0,ok
R01,ROS_TCP,864,1782054827958970175,/cmd_vel,0.0,0.0,0.0,0,ok
R01,ROS_TCP,865,1782054828041934567,/cmd_vel,0.0,0.0,0.0,0,ok
R01,ROS_TCP,866,1782054828085511158,/cmd_vel,0.0,0.0,0.0,0,ok
R01,ROS_TCP,867,1782054828126176227,/cmd_vel,0.0,0.0,0.0,0,ok
R01,ROS_TCP,868,1782054828205492406,/cmd_vel,0.0,0.0,0.0,0,ok
R01,ROS_TCP,869,1782054828245210998,/cmd_vel,0.0,0.0,0.0,0,ok
R01,ROS_TCP,870,1782054828302329017,/cmd_vel,0.0,0.0,0.0,0,ok
R01,ROS_TCP,871,1782054828352787383,/cmd_vel,0.0,0.0,0.0,0,ok
R01,ROS_TCP,872,1782054828404906962,/cmd_vel,0.0,0.0,0.0,0,ok
R01,ROS_TCP,873,1782054828462086809,/cmd_vel,0.0,0.0,0.0,0,ok
R01,ROS_TCP,875,1782054828580114174,/cmd_vel,0.0,0.0,0.0,0,ok
R01,ROS_TCP,876,1782054828640649160,/cmd_vel,0.0,0.0,0.0,0,ok
R01,ROS_TCP,877,1782054828688478232,/cmd_vel,0.0,0.0,0.0,0,ok
R01,ROS_TCP,878,1782054828739621267,/cmd_vel,0.0,0.0,0.0,0,ok
R01,ROS_TCP,879,1782054828806028938,/cmd_vel,0.0,0.0,0.0,0,ok
R01,ROS_TCP,880,1782054828851032130,/cmd_vel,0.0,0.0,0.0,0,ok
R01,ROS_TCP,881,1782054828912888388,/cmd_vel,0.0,0.0,0.0,0,ok
R01,ROS_TCP,882,1782054828985224690,/cmd_vel,0.0,0.0,0.1862,3,ok
R01,ROS_TCP,884,1782054829073603150,/cmd_vel,0.0,0.0,0.2102,3,ok
R01,ROS_TCP,885,1782054829135842082,/cmd_vel,0.0,0.0,0.193,1,ok
R01,ROS_TCP,886,1782054829195678243,/cmd_vel,0.0,0.0,0.2007,1,ok
R01,ROS_TCP,887,1782054829244918294,/cmd_vel,0.0,0.0,0.1919,4,ok
R01,ROS_TCP,888,1782054829299535776,/cmd_vel,0.0,0.0,0.1938,2,ok
R01,ROS_TCP,889,1782054829350590163,/cmd_vel,0.0,0.0,0.1944,2,ok
R01,ROS_TCP,890,1782054829422369909,/cmd_vel,0.0,0.0,0.1898,3,ok
R01,ROS_TCP,891,1782054829470203747,/cmd_vel,0.0,0.0,0.195,2,ok
R01,ROS_TCP,892,1782054829526882309,/cmd_vel,0.0,0.0,0.1918,3,ok
R01,ROS_TCP,893,1782054829586760996,/cmd_vel,0.0,0.0,0.1964,2,ok
R01,ROS_TCP,894,1782054829633464664,/cmd_vel,0.0,0.0,0.1965,1,ok
R01,ROS_TCP,895,1782054829696861450,/cmd_vel,0.0,0.0,0.2038,2,ok
R01,ROS_TCP,896,1782054829739074210,/cmd_vel,0.0,0.0,0.1957,5,ok
R01,ROS_TCP,897,1782054829799399973,/cmd_vel,0.0,0.0,0.1998,3,ok
R01,ROS_TCP,898,1782054829848887724,/cmd_vel,0.0,0.0,0.1916,1,ok
R01,ROS_TCP,899,1782054829904811636,/cmd_vel,0.0,0.0,0.2147,1,ok
R01,ROS_TCP,901,1782054830016195125,/cmd_vel,0.0,0.0,0.1941,1,ok
R01,ROS_TCP,902,1782054830082416966,/cmd_vel,0.0,0.0,0.1955,4,ok
R01,ROS_TCP,903,1782054830134012481,/cmd_vel,0.0,0.0,0.1926,2,ok
R01,ROS_TCP,904,1782054830182498063,/cmd_vel,0.0,0.0,0.1994,4,ok
R01,ROS_TCP,905,1782054830251533324,/cmd_vel,0.0,0.0,0.1982,2,ok
R01,ROS_TCP,906,1782054830305888006,/cmd_vel,0.0,0.0,0.2013,1,ok
R01,ROS_TCP,907,1782054830350685963,/cmd_vel,0.0,0.0,0.1996,1,ok
R01,ROS_TCP,908,1782054830414933603,/cmd_vel,0.0,0.0,0.1967,2,ok
R01,ROS_TCP,909,1782054830466968375,/cmd_vel,0.0,0.0,0.1955,1,ok
R01,ROS_TCP,910,1782054830543003850,/cmd_vel,0.0,0.0,0.1951,1,ok
R01,ROS_TCP,911,1782054830573037855,/cmd_vel,0.0,0.0,0.1969,2,ok
R01,ROS_TCP,912,1782054830644111406,/cmd_vel,0.0,0.0,0.1956,4,ok
R01,ROS_TCP,913,1782054830682624531,/cmd_vel,0.0,0.0,0.1956,2,ok
R01,ROS_TCP,914,1782054830742130355,/cmd_vel,0.0,0.0,0.1905,4,ok
R01,ROS_TCP,915,1782054830809005818,/cmd_vel,0.0,0.0,0.1929,4,ok
R01,ROS_TCP,916,1782054830852407469,/cmd_vel,0.0,0.0,0.1937,1,ok
R01,ROS_TCP,917,1782054830921727298,/cmd_vel,0.0,0.0,0.2036,3,ok
R01,ROS_TCP,918,1782054830972787499,/cmd_vel,0.0,0.0,0.2036,5,ok
R01,ROS_TCP,919,1782054831030174185,/cmd_vel,0.0,0.0,-0.0638,2,ok
R01,ROS_TCP,920,1782054831084481608,/cmd_vel,0.0,0.0,-0.0622,5,ok
R01,ROS_TCP,922,1782054831189994685,/cmd_vel,0.0,0.0,-0.0591,4,ok
R01,ROS_TCP,923,1782054831243472538,/cmd_vel,0.0,0.0,-0.0514,5,ok
R01,ROS_TCP,924,1782054831309582406,/cmd_vel,0.0,0.0,-0.0528,1,ok
R01,ROS_TCP,925,1782054831363662136,/cmd_vel,0.0,0.0,-0.0683,2,ok
R01,ROS_TCP,926,1782054831411127266,/cmd_vel,0.0,0.0,-0.0556,2,ok
R01,ROS_TCP,927,1782054831479239691,/cmd_vel,0.0,0.0,-0.061,5,ok
R01,ROS_TCP,928,1782054831537324696,/cmd_vel,0.0,0.0,-0.0594,3,ok
R01,ROS_TCP,930,1782054831642019560,/cmd_vel,0.0,0.0,-0.0577,3,ok
R01,ROS_TCP,931,1782054831690862512,/cmd_vel,0.0,0.0,-0.0579,2,ok
R01,ROS_TCP,932,1782054831746575785,/cmd_vel,0.0,0.0,-0.0726,5,ok
R01,ROS_TCP,933,1782054831812764696,/cmd_vel,0.0,0.0,-0.0597,2,ok
R01,ROS_TCP,935,1782054831910505152,/cmd_vel,0.0,0.0,-0.0659,1,ok
R01,ROS_TCP,936,1782054831971303276,/cmd_vel,0.0,0.0,-0.0584,4,ok
R01,ROS_TCP,938,1782054832081460235,/cmd_vel,0.0,0.0,-0.0468,0,ok
R01,ROS_TCP,939,1782054832138739915,/cmd_vel,0.0,0.0,-0.0506,3,ok
R01,ROS_TCP,941,1782054832247411091,/cmd_vel,0.0,0.0,-0.0524,1,ok
R01,ROS_TCP,942,1782054832309175581,/cmd_vel,0.0,0.0,-0.0611,5,ok
R01,ROS_TCP,943,1782054832357884656,/cmd_vel,0.0,0.0,-0.0523,2,ok
R01,ROS_TCP,945,1782054832466715163,/cmd_vel,0.0,0.0,-0.0638,3,ok
R01,ROS_TCP,946,1782054832524549756,/cmd_vel,0.0,0.0,-0.0527,1,ok
R01,ROS_TCP,947,1782054832592411209,/cmd_vel,0.0,0.0,-0.0566,1,ok
R01,ROS_TCP,949,1782054832699343548,/cmd_vel,0.0,0.0,-0.062,3,ok
R01,ROS_TCP,951,1782054832810481547,/cmd_vel,0.0,0.0,-0.0613,3,ok
R01,ROS_TCP,952,1782054832870788692,/cmd_vel,0.0,0.0,-0.0694,2,ok
R01,ROS_TCP,953,1782054832913078813,/cmd_vel,0.0,0.0,-0.0469,0,ok
R01,ROS_TCP,954,1782054832984304651,/cmd_vel,0.0,0.0,-0.0674,4,ok
R01,ROS_TCP,955,1782054833024450503,/cmd_vel,0.0,0.0,-0.0565,5,ok
R01,ROS_TCP,956,1782054833103778005,/cmd_vel,0.0,0.0,-0.0581,5,ok
R01,ROS_TCP,957,1782054833141549508,/cmd_vel,0.0,0.0,-0.0492,0,ok
R01,ROS_TCP,958,1782054833193810113,/cmd_vel,0.0,0.0,-0.0583,3,ok
R01,ROS_TCP,960,1782054833317358794,/cmd_vel,0.0,0.0,-0.0622,5,ok
R01,ROS_TCP,961,1782054833365573093,/cmd_vel,0.0,0.0,-0.0564,4,ok
R01,ROS_TCP,962,1782054833420188889,/cmd_vel,0.0,0.0,-0.0535,4,ok
R01,ROS_TCP,963,1782054833467985351,/cmd_vel,0.0,0.0,-0.0596,3,ok
R01,ROS_TCP,964,1782054833530290233,/cmd_vel,0.0,0.0,-0.0451,0,ok
R01,ROS_TCP,965,1782054833588664279,/cmd_vel,0.0,0.0,-0.0559,3,ok
R01,ROS_TCP,966,1782054833647395096,/cmd_vel,0.0,0.0,-0.0622,4,ok
R01,ROS_TCP,967,1782054833705224280,/cmd_vel,0.0,0.0,-0.0581,5,ok
R01,ROS_TCP,968,1782054833769589888,/cmd_vel,0.1362,0.0,0.0497,0,ok
R01,ROS_TCP,969,1782054833811640151,/cmd_vel,0.1378,0.0,0.0613,0,ok
R01,ROS_TCP,970,1782054833853363513,/cmd_vel,0.135,0.0,0.0528,0,ok
R01,ROS_TCP,971,1782054833915817882,/cmd_vel,0.1315,0.0,0.0519,0,ok
R01,ROS_TCP,972,1782054833966669723,/cmd_vel,0.1365,0.0,0.0566,0,ok
R01,ROS_TCP,973,1782054834027758596,/cmd_vel,0.1311,0.0,0.0581,0,ok
R01,ROS_TCP,974,1782054834082635082,/cmd_vel,0.1311,0.0,0.0494,0,ok
R01,ROS_TCP,975,1782054834148687835,/cmd_vel,0.1348,0.0,0.0573,0,ok
R01,ROS_TCP,976,1782054834206248457,/cmd_vel,0.1307,0.0,0.0534,0,ok
R01,ROS_TCP,977,1782054834245023569,/cmd_vel,0.1356,0.0,0.0574,0,ok
R01,ROS_TCP,978,1782054834302555933,/cmd_vel,0.1356,0.0,0.0544,0,ok
R01,ROS_TCP,979,1782054834355286577,/cmd_vel,0.1333,0.0,0.0541,0,ok
R01,ROS_TCP,980,1782054834412691391,/cmd_vel,0.1306,0.0,0.0557,0,ok
R01,ROS_TCP,981,1782054834480123469,/cmd_vel,0.1395,0.0,0.0504,0,ok
R01,ROS_TCP,982,1782054834523086465,/cmd_vel,0.1338,0.0,0.0477,0,ok
R01,ROS_TCP,983,1782054834584685500,/cmd_vel,0.1306,0.0,0.06,0,ok
R01,ROS_TCP,984,1782054834632134760,/cmd_vel,0.1314,0.0,0.0545,0,ok
R01,ROS_TCP,985,1782054834691226558,/cmd_vel,0.1319,0.0,0.0519,0,ok
R01,ROS_TCP,986,1782054834752132241,/cmd_vel,0.1333,0.0,0.054,0,ok
R01,ROS_TCP,987,1782054834802772240,/cmd_vel,0.1321,0.0,0.0508,0,ok
R01,ROS_TCP,988,1782054834854785569,/cmd_vel,0.1333,0.0,0.061,0,ok
R01,ROS_TCP,989,1782054834915390405,/cmd_vel,0.1327,0.0,0.057,0,ok
R01,ROS_TCP,990,1782054834974158838,/cmd_vel,0.1327,0.0,0.0612,0,ok
R01,ROS_TCP,991,1782054835033994097,/cmd_vel,0.134,0.0,0.054,0,ok
R01,ROS_TCP,992,1782054835087366753,/cmd_vel,0.134,0.0,0.0564,0,ok
R01,ROS_TCP,994,1782054835196605928,/cmd_vel,0.1275,0.0,0.0545,0,ok
R01,ROS_TCP,995,1782054835243113176,/cmd_vel,0.1325,0.0,0.0533,0,ok
R01,ROS_TCP,996,1782054835306602356,/cmd_vel,0.1342,0.0,0.0584,0,ok
R01,ROS_TCP,997,1782054835354953593,/cmd_vel,0.1346,0.0,0.0552,0,ok
R01,ROS_TCP,998,1782054835427985718,/cmd_vel,0.1323,0.0,0.0516,0,ok
R01,ROS_TCP,999,1782054835467540839,/cmd_vel,0.1333,0.0,0.0542,0,ok
R01,ROS_TCP,1000,1782054835523281921,/cmd_vel,0.1321,0.0,0.056,0,ok
R01,ROS_TCP,1003,1782054835690825737,/cmd_vel,0.1331,0.0,0.0554,0,ok
R01,ROS_TCP,1004,1782054835755837749,/cmd_vel,0.1407,0.0,0.0531,0,ok
R01,ROS_TCP,1005,1782054835802693825,/cmd_vel,0.1307,0.0,0.0485,0,ok
R01,ROS_TCP,1006,1782054835857597431,/cmd_vel,0.1279,0.0,0.0529,0,ok
R01,ROS_TCP,1007,1782054835913398681,/cmd_vel,0.1391,0.0,0.0581,0,ok
R01,ROS_TCP,1008,1782054835969012891,/cmd_vel,0.1366,0.0,0.0551,0,ok
R01,ROS_TCP,1010,1782054836093183405,/cmd_vel,0.1315,0.0,0.0528,0,ok
R01,ROS_TCP,1011,1782054836135973828,/cmd_vel,0.137,0.0,0.0627,0,ok
R01,ROS_TCP,1012,1782054836191623217,/cmd_vel,0.1283,0.0,0.0515,0,ok
R01,ROS_TCP,1013,1782054836247554035,/cmd_vel,0.1295,0.0,0.048,0,ok
R01,ROS_TCP,1014,1782054836301710549,/cmd_vel,0.1334,0.0,0.0588,0,ok
R01,ROS_TCP,1015,1782054836374846191,/cmd_vel,0.1339,0.0,0.0551,0,ok
R01,ROS_TCP,1016,1782054836413605559,/cmd_vel,0.1336,0.0,0.0568,0,ok
R01,ROS_TCP,1017,1782054836470610722,/cmd_vel,0.1319,0.0,0.0588,0,ok
R01,ROS_TCP,1019,1782054836579998329,/cmd_vel,0.1323,0.0,0.0581,0,ok
R01,ROS_TCP,1020,1782054836638367655,/cmd_vel,0.1381,0.0,0.0531,0,ok
R01,ROS_TCP,1021,1782054836698788546,/cmd_vel,0.0,0.0,0.1081,5,ok
R01,ROS_TCP,1022,1782054836754614075,/cmd_vel,0.0,0.0,0.1132,4,ok
R01,ROS_TCP,1023,1782054836799546950,/cmd_vel,0.0,0.0,0.1064,4,ok
R01,ROS_TCP,1024,1782054836876293962,/cmd_vel,0.0,0.0,0.1151,2,ok
R01,ROS_TCP,1025,1782054836916387202,/cmd_vel,0.0,0.0,0.1103,4,ok
R01,ROS_TCP,1026,1782054836976393664,/cmd_vel,0.0,0.0,0.1167,3,ok
R01,ROS_TCP,1027,1782054837043418393,/cmd_vel,0.0,0.0,0.11,3,ok
R01,ROS_TCP,1028,1782054837080361346,/cmd_vel,0.0,0.0,0.11,2,ok
R01,ROS_TCP,1030,1782054837201824441,/cmd_vel,0.0,0.0,0.1156,5,ok
R01,ROS_TCP,1031,1782054837257292704,/cmd_vel,0.0,0.0,0.1141,2,ok
R01,ROS_TCP,1032,1782054837301805776,/cmd_vel,0.0,0.0,0.1169,4,ok
R01,ROS_TCP,1034,1782054837421236103,/cmd_vel,0.0,0.0,0.109,3,ok
R01,ROS_TCP,1035,1782054837477054497,/cmd_vel,0.0,0.0,0.1041,4,ok
R01,ROS_TCP,1036,1782054837537017965,/cmd_vel,0.0,0.0,0.106,1,ok
R01,ROS_TCP,1038,1782054837634832805,/cmd_vel,0.0,0.0,0.1119,1,ok
R01,ROS_TCP,1039,1782054837693384568,/cmd_vel,0.0,0.0,0.1138,4,ok
R01,ROS_TCP,1040,1782054837748571077,/cmd_vel,0.0,0.0,0.1082,5,ok
R01,ROS_TCP,1041,1782054837801526399,/cmd_vel,0.0,0.0,0.1088,3,ok
R01,ROS_TCP,1042,1782054837862211864,/cmd_vel,0.0,0.0,0.1148,2,ok
R01,ROS_TCP,1044,1782054837974981431,/cmd_vel,0.0,0.0,0.1293,1,ok
R01,ROS_TCP,1045,1782054838025174744,/cmd_vel,0.0,0.0,0.1129,3,ok
R01,ROS_TCP,1047,1782054838137338816,/cmd_vel,0.0,0.0,0.1126,1,ok
R01,ROS_TCP,1048,1782054838197999898,/cmd_vel,0.0,0.0,0.1133,2,ok
R01,ROS_TCP,1050,1782054838317984977,/cmd_vel,0.0,0.0,0.103,3,ok
R01,ROS_TCP,1051,1782054838364258373,/cmd_vel,0.0,0.0,0.1111,1,ok
R01,ROS_TCP,1052,1782054838415988639,/cmd_vel,0.0,0.0,0.1091,2,ok
R01,ROS_TCP,1053,1782054838468914395,/cmd_vel,0.0,0.0,0.1227,4,ok
R01,ROS_TCP,1054,1782054838541089997,/cmd_vel,0.0,0.0,0.1013,2,ok
R01,ROS_TCP,1055,1782054838581673509,/cmd_vel,0.0,0.0,0.1093,3,ok
R01,ROS_TCP,1056,1782054838647774760,/cmd_vel,0.0,0.0,0.1123,4,ok
R01,ROS_TCP,1057,1782054838691697029,/cmd_vel,0.0,0.0,0.1025,2,ok
R01,ROS_TCP,1059,1782054838804111770,/cmd_vel,0.0,0.0,0.2151,5,ok
R01,ROS_TCP,1060,1782054838871799908,/cmd_vel,0.0,0.0,0.2217,5,ok
R01,ROS_TCP,1061,1782054838917225916,/cmd_vel,0.0,0.0,0.2262,1,ok
R01,ROS_TCP,1062,1782054838969116364,/cmd_vel,0.0,0.0,0.2189,2,ok
R01,ROS_TCP,1063,1782054839024043526,/cmd_vel,0.0,0.0,0.2297,3,ok
R01,ROS_TCP,1064,1782054839083341320,/cmd_vel,0.0,0.0,0.2153,2,ok
R01,ROS_TCP,1065,1782054839136590435,/cmd_vel,0.0,0.0,0.2236,5,ok
R01,ROS_TCP,1067,1782054839251207212,/cmd_vel,0.0,0.0,0.2179,1,ok
R01,ROS_TCP,1068,1782054839301896988,/cmd_vel,0.0,0.0,0.2254,3,ok
R01,ROS_TCP,1069,1782054839355883974,/cmd_vel,0.0,0.0,0.2333,1,ok
R01,ROS_TCP,1071,1782054839479071835,/cmd_vel,0.0,0.0,0.211,3,ok
R01,ROS_TCP,1072,1782054839522693431,/cmd_vel,0.0,0.0,0.2124,1,ok
R01,ROS_TCP,1073,1782054839589641825,/cmd_vel,0.0,0.0,0.2179,2,ok
R01,ROS_TCP,1074,1782054839633693061,/cmd_vel,0.0,0.0,0.2236,5,ok
R01,ROS_TCP,1075,1782054839692024489,/cmd_vel,0.0,0.0,0.2119,1,ok
R01,ROS_TCP,1076,1782054839751670420,/cmd_vel,0.0,0.0,0.2222,3,ok
R01,ROS_TCP,1077,1782054839812055504,/cmd_vel,0.0,0.0,0.2152,3,ok
R01,ROS_TCP,1079,1782054839911648639,/cmd_vel,0.0,0.0,0.2254,5,ok
R01,ROS_TCP,1080,1782054839972346292,/cmd_vel,0.0,0.0,0.2177,3,ok
