run_id,method,seq,command_type,linear_x,linear_y,angular_z,action_id,t_unity_send_ns,payload_size_bytes
R01,UDP,1,velocity,0.1546,0.0,0.0,0,1782055980001496085,81
R01,UDP,2,velocity,0.1587,0.0,0.0,0,1782055980054157069,72
R01,UDP,3,velocity,0.1531,0.0,0.0,0,1782055980109023292,83
R01,UDP,4,velocity,0.1548,0.0,0.0,0,1782055980164434974,83
R01,UDP,5,velocity,0.1533,0.0,0.0,0,1782055980220450802,82
R01,UDP,6,velocity,0.151,0.0,0.0,0,1782055980275187334,79
R01,UDP,7,velocity,0.1541,0.0,0.0,0,1782055980331050042,75
R01,UDP,8,velocity,0.152,0.0,0.0,0,1782055980388116524,79
R01,UDP,9,velocity,0.1581,0.0,0.0,0,1782055980443159771,73
R01,UDP,10,velocity,0.1501,0.0,0.0,0,1782055980497734028,73
R01,UDP,11,velocity,0.1461,0.0,0.0,0,1782055980553757341,73
R01,UDP,12,velocity,0.1541,0.0,0.0,0,1782055980609199451,81
R01,UDP,13,velocity,0.1591,0.0,0.0,0,1782055980663556063,78
R01,UDP,14,velocity,0.1455,0.0,0.0,0,1782055980720570131,73
R01,UDP,15,velocity,0.1527,0.0,0.0,0,1782055980773622154,79
R01,UDP,16,velocity,0.1539,0.0,0.0,0,1782055980827783547,83
R01,UDP,17,velocity,0.1526,0.0,0.0,0,1782055980883447950,77
R01,UDP,18,velocity,0.1433,0.0,0.0,0,1782055980939398654,82
R01,UDP,19,velocity,0.1603,0.0,0.0,0,1782055980992561839,74
R01,UDP,20,velocity,0.1547,0.0,0.0,0,1782055981049113969,81
R01,UDP,21,velocity,0.1534,0.0,0.0,0,1782055981103416156,78
R01,UDP,22,velocity,0.1535,0.0,0.0,0,1782055981157772106,78
R01,UDP,23,velocity,0.1543,0.0,0.0,0,1782055981213741433,83
R01,UDP,24,velocity,0.1531,0.0,0.0,0,1782055981270032835,73
R01,UDP,25,velocity,0.1481,0.0,0.0,0,1782055981326622573,79
R01,UDP,26,velocity,0.1501,0.0,0.0,0,1782055981381442371,80
R01,UDP,27,velocity,0.1494,0.0,0.0,0,1782055981436599372,81
R01,UDP,28,velocity,0.1547,0.0,0.0,0,1782055981493947446,77
R01,UDP,29,velocity,0.1486,0.0,0.0,0,1782055981549849334,80
R01,UDP,30,velocity,0.1561,0.0,0.0,0,1782055981605623247,76
R01,UDP,31,velocity,0.1539,0.0,0.0,0,1782055981659998170,83
R01,UDP,32,velocity,0.1474,0.0,0.0,0,1782055981716736035,74
R01,UDP,33,velocity,0.1521,0.0,0.0,0,1782055981772530323,72
R01,UDP,34,velocity,0.1471,0.0,0.0,0,1782055981827517038,77
R01,UDP,35,velocity,0.1529,0.0,0.0,0,1782055981883630321,72
R01,UDP,36,velocity,0.151,0.0,0.0,0,1782055981937790067,81
R01,UDP,37,velocity,0.1545,0.0,0.0,0,1782055981992200364,77
R01,UDP,38,velocity,0.1568,0.0,0.0,0,1782055982044651280,74
R01,UDP,39,velocity,0.1538,0.0,0.0,0,1782055982101778003,72
R01,UDP,40,velocity,0.1477,0.0,0.0,0,1782055982156908858,79
R01,UDP,41,stop,0.0,0.0,0.0,0,1782055982212758115,66
R01,UDP,42,stop,0.0,0.0,0.0,0,1782055982267890179,59
R01,UDP,43,stop,0.0,0.0,0.0,0,1782055982324434711,65
R01,UDP,44,stop,0.0,0.0,0.0,0,1782055982378397430,66
R01,UDP,45,stop,0.0,0.0,0.0,0,1782055982435092637,65
R01,UDP,46,stop,0.0,0.0,0.0,0,1782055982492686137,59
R01,UDP,47,stop,0.0,0.0,0.0,0,1782055982545965475,65
R01,UDP,48,stop,0.0,0.0,0.0,0,1782055982602269391,67
R01,UDP,49,stop,0.0,0.0,0.0,0,1782055982657015757,62
R01,UDP,50,stop,0.0,0.0,0.0,0,1782055982712312717,68
R01,UDP,51,stop,0.0,0.0,0.0,0,1782055982768216503,63
R01,UDP,52,stop,0.0,0.0,0.0,0,1782055982824160494,64
R01,UDP,53,stop,0.0,0.0,0.0,0,1782055982879458865,67
R01,UDP,54,stop,0.0,0.0,0.0,0,1782055982937426711,68
R01,UDP,55,stop,0.0,0.0,0.0,0,1782055982992465044,60
R01,UDP,56,stop,0.0,0.0,0.0,0,1782055983047615676,67
R01,UDP,57,stop,0.0,0.0,0.0,0,1782055983104564155,66
R01,UDP,58,stop,0.0,0.0,0.0,0,1782055983159875492,60
R01,UDP,59,stop,0.0,0.0,0.0,0,1782055983214883508,63
R01,UDP,60,stop,0.0,0.0,0.0,0,1782055983269696278,58
R01,UDP,61,stop,0.0,0.0,0.0,0,1782055983325702385,59
R01,UDP,62,stop,0.0,0.0,0.0,0,1782055983381295045,62
R01,UDP,63,stop,0.0,0.0,0.0,0,1782055983436925669,64
R01,UDP,64,stop,0.0,0.0,0.0,0,1782055983491981373,63
R01,UDP,65,stop,0.0,0.0,0.0,0,1782055983547200967,59
R01,UDP,66,stop,0.0,0.0,0.0,0,1782055983603100638,68
R01,UDP,67,stop,0.0,0.0,0.0,0,1782055983659369072,67
R01,UDP,68,stop,0.0,0.0,0.0,0,1782055983713301460,58
R01,UDP,69,stop,0.0,0.0,0.0,0,1782055983769786713,64
R01,UDP,70,stop,0.0,0.0,0.0,0,1782055983823860623,61
R01,UDP,71,stop,0.0,0.0,0.0,0,1782055983879164069,62
R01,UDP,72,stop,0.0,0.0,0.0,0,1782055983935508165,69
R01,UDP,73,stop,0.0,0.0,0.0,0,1782055983991479860,62
R01,UDP,74,stop,0.0,0.0,0.0,0,1782055984048015947,63
R01,UDP,75,stop,0.0,0.0,0.0,0,1782055984103364850,59
R01,UDP,76,stop,0.0,0.0,0.0,0,1782055984158500047,58
R01,UDP,77,stop,0.0,0.0,0.0,0,1782055984215778190,68
R01,UDP,78,stop,0.0,0.0,0.0,0,1782055984270250100,61
R01,UDP,79,stop,0.0,0.0,0.0,0,1782055984325044409,61
R01,UDP,80,stop,0.0,0.0,0.0,0,1782055984382572287,67
R01,UDP,81,stop,0.0,0.0,0.0,0,1782055984436991793,64
R01,UDP,82,stop,0.0,0.0,0.0,0,1782055984492015961,68
R01,UDP,83,stop,0.0,0.0,0.0,0,1782055984546501076,60
R01,UDP,84,stop,0.0,0.0,0.0,0,1782055984602109335,65
R01,UDP,85,stop,0.0,0.0,0.0,0,1782055984658619039,61
R01,UDP,86,stop,0.0,0.0,0.0,0,1782055984713605171,61
R01,UDP,87,action,0.0,0.0,-0.0727,2,1782055984769123010,67
R01,UDP,88,action,0.0,0.0,-0.0793,2,1782055984824453749,74
R01,UDP,89,action,0.0,0.0,-0.0805,3,1782055984879772219,75
R01,UDP,90,action,0.0,0.0,-0.0768,3,1782055984933362928,71
R01,UDP,91,action,0.0,0.0,-0.0626,2,1782055984990685127,65
R01,UDP,92,action,0.0,0.0,-0.0785,4,1782055985046269981,69
R01,UDP,93,action,0.0,0.0,-0.0722,2,1782055985101801622,74
R01,UDP,94,action,0.0,0.0,-0.0882,3,1782055985157170435,65
R01,UDP,95,action,0.0,0.0,-0.0849,5,1782055985212036100,74
R01,UDP,96,action,0.0,0.0,-0.0703,5,1782055985269108589,68
R01,UDP,97,action,0.0,0.0,-0.0675,1,1782055985323293766,65
R01,UDP,98,action,0.0,0.0,-0.064,1,1782055985378822315,74
R01,UDP,99,action,0.0,0.0,-0.0784,2,1782055985433722140,74
R01,UDP,100,action,0.0,0.0,-0.0732,2,1782055985491225069,65
R01,UDP,101,action,0.0,0.0,-0.0824,1,1782055985546105319,65
R01,UDP,102,action,0.0,0.0,-0.0783,1,1782055985602160222,67
R01,UDP,103,action,0.0,0.0,-0.0613,1,1782055985659042986,70
R01,UDP,104,action,0.0,0.0,-0.0848,4,1782055985713036549,72
R01,UDP,105,action,0.0,0.0,-0.0797,5,1782055985767237259,70
R01,UDP,106,action,0.0,0.0,-0.0724,4,1782055985823449699,73
R01,UDP,107,action,0.0,0.0,-0.0744,5,1782055985879320583,71
R01,UDP,108,action,0.0,0.0,-0.0741,5,1782055985935859652,71
R01,UDP,109,action,0.0,0.0,-0.0745,1,1782055985990887564,66
R01,UDP,110,action,0.0,0.0,-0.0747,3,1782055986046875456,70
R01,UDP,111,action,0.0,0.0,-0.0744,2,1782055986101555693,73
R01,UDP,112,action,0.0,0.0,-0.0655,4,1782055986157759690,75
R01,UDP,113,action,0.0,0.0,-0.0813,1,1782055986212374667,69
R01,UDP,114,action,0.0,0.0,-0.0792,2,1782055986267450692,64
R01,UDP,115,action,0.0,0.0,-0.0733,1,1782055986325088142,69
R01,UDP,116,action,0.0,0.0,-0.0657,3,1782055986379060922,69
R01,UDP,117,action,0.0,0.0,-0.0671,2,1782055986434421194,65
R01,UDP,118,action,0.0,0.0,-0.0777,1,1782055986490094811,65
R01,UDP,119,action,0.0,0.0,-0.0852,3,1782055986543007957,64
R01,UDP,120,action,0.0,0.0,-0.0745,2,1782055986599520536,75
R01,UDP,121,action,0.0,0.0,-0.0716,1,1782055986654970555,65
R01,UDP,122,action,0.0,0.0,-0.0811,4,1782055986709435858,71
R01,UDP,123,action,0.0,0.0,-0.0824,2,1782055986766394828,71
R01,UDP,124,action,0.0,0.0,-0.0736,4,1782055986820396086,75
R01,UDP,125,action,0.0,0.0,-0.0745,4,1782055986876306995,65
R01,UDP,126,action,0.0,0.0,-0.067,4,1782055986932347285,64
R01,UDP,127,action,0.0,0.0,-0.0718,2,1782055986989772064,66
R01,UDP,128,velocity,0.1615,0.0,0.0,0,1782055987042899993,77
R01,UDP,129,velocity,0.1598,0.0,0.0,0,1782055987097293009,80
R01,UDP,130,velocity,0.1624,0.0,0.0,0,1782055987153412349,81
R01,UDP,131,velocity,0.1569,0.0,0.0,0,1782055987208161818,78
R01,UDP,132,velocity,0.1628,0.0,0.0,0,1782055987264018479,82
R01,UDP,133,velocity,0.1648,0.0,0.0,0,1782055987319808100,82
R01,UDP,134,velocity,0.1652,0.0,0.0,0,1782055987373838786,74
R01,UDP,135,velocity,0.1618,0.0,0.0,0,1782055987430112874,77
R01,UDP,136,velocity,0.1675,0.0,0.0,0,1782055987484902699,75
R01,UDP,137,velocity,0.1606,0.0,0.0,0,1782055987541749223,77
R01,UDP,138,velocity,0.161,0.0,0.0,0,1782055987596399287,75
R01,UDP,139,velocity,0.1627,0.0,0.0,0,1782055987651571894,75
R01,UDP,140,velocity,0.1658,0.0,0.0,0,1782055987706396860,79
R01,UDP,141,velocity,0.1662,0.0,0.0,0,1782055987761562446,81
R01,UDP,142,velocity,0.1682,0.0,0.0,0,1782055987818646985,82
R01,UDP,143,velocity,0.1693,0.0,0.0,0,1782055987873783925,80
R01,UDP,144,velocity,0.1624,0.0,0.0,0,1782055987928454066,76
R01,UDP,145,velocity,0.1661,0.0,0.0,0,1782055987985326856,78
R01,UDP,146,velocity,0.1634,0.0,0.0,0,1782055988039446562,72
R01,UDP,147,velocity,0.1603,0.0,0.0,0,1782055988094841183,75
R01,UDP,148,velocity,0.1706,0.0,0.0,0,1782055988151074560,78
R01,UDP,149,velocity,0.1626,0.0,0.0,0,1782055988204920743,79
R01,UDP,150,velocity,0.1697,0.0,0.0,0,1782055988259594428,73
R01,UDP,151,velocity,0.1563,0.0,0.0,0,1782055988314842184,79
R01,UDP,152,velocity,0.1614,0.0,0.0,0,1782055988371232871,75
R01,UDP,153,velocity,0.1639,0.0,0.0,0,1782055988427703170,82
R01,UDP,154,velocity,0.1664,0.0,0.0,0,1782055988482137756,74
R01,UDP,155,velocity,0.1658,0.0,0.0,0,1782055988538731840,78
R01,UDP,156,velocity,0.167,0.0,0.0,0,1782055988593238407,83
R01,UDP,157,velocity,0.1592,0.0,0.0,0,1782055988651100419,73
R01,UDP,158,velocity,0.1636,0.0,0.0,0,1782055988705978000,74
R01,UDP,159,velocity,0.1674,0.0,0.0,0,1782055988762095153,77
R01,UDP,160,velocity,0.1646,0.0,0.0,0,1782055988816893091,83
R01,UDP,161,velocity,0.1739,0.0,0.0,0,1782055988870756012,76
R01,UDP,162,velocity,0.1603,0.0,0.0,0,1782055988926189907,75
R01,UDP,163,velocity,0.1628,0.0,0.0,0,1782055988982749855,76
R01,UDP,164,velocity,0.1643,0.0,0.0,0,1782055989037276857,79
R01,UDP,165,velocity,0.1619,0.0,0.0,0,1782055989091890541,74
R01,UDP,166,velocity,0.1637,0.0,0.0,0,1782055989147810130,78
R01,UDP,167,velocity,0.1647,0.0,0.0,0,1782055989203785421,76
R01,UDP,168,velocity,0.1647,0.0,0.0,0,1782055989256945270,77
R01,UDP,169,velocity,0.1563,0.0,-0.1533,0,1782055989313765544,72
R01,UDP,170,velocity,0.1522,0.0,-0.1498,0,1782055989367925242,74
R01,UDP,171,velocity,0.1515,0.0,-0.1518,0,1782055989424228089,74
R01,UDP,172,velocity,0.1548,0.0,-0.1496,0,1782055989478949267,77
R01,UDP,173,velocity,0.1493,0.0,-0.1529,0,1782055989533961815,78
R01,UDP,174,velocity,0.1504,0.0,-0.156,0,1782055989589926459,74
R01,UDP,175,velocity,0.1596,0.0,-0.15,0,1782055989646736425,74
R01,UDP,176,velocity,0.1533,0.0,-0.1541,0,1782055989700897783,76
R01,UDP,177,velocity,0.1592,0.0,-0.1545,0,1782055989755195303,80
R01,UDP,178,velocity,0.1485,0.0,-0.1482,0,1782055989811787169,79
R01,UDP,179,velocity,0.1613,0.0,-0.1516,0,1782055989867141873,72
R01,UDP,180,velocity,0.1524,0.0,-0.1534,0,1782055989923321421,73
R01,UDP,181,velocity,0.1579,0.0,-0.1532,0,1782055989978684583,79
R01,UDP,182,velocity,0.1564,0.0,-0.1596,0,1782055990034365106,76
R01,UDP,183,velocity,0.1526,0.0,-0.1481,0,1782055990088304617,78
R01,UDP,184,velocity,0.1584,0.0,-0.1538,0,1782055990144062139,75
R01,UDP,185,velocity,0.1564,0.0,-0.1611,0,1782055990198716645,82
R01,UDP,186,velocity,0.1549,0.0,-0.1623,0,1782055990254387228,73
R01,UDP,187,velocity,0.1562,0.0,-0.1518,0,1782055990310694254,78
R01,UDP,188,velocity,0.151,0.0,-0.1516,0,1782055990366016669,80
R01,UDP,189,velocity,0.1597,0.0,-0.1499,0,1782055990421012203,73
R01,UDP,190,velocity,0.1484,0.0,-0.1485,0,1782055990475241434,80
R01,UDP,191,velocity,0.1544,0.0,-0.1625,0,1782055990532819194,74
R01,UDP,192,action,0.0,0.0,-0.0888,5,1782055990590100578,73
R01,UDP,193,action,0.0,0.0,-0.079,3,1782055990644409726,73
R01,UDP,194,action,0.0,0.0,-0.0835,2,1782055990700150545,65
R01,UDP,195,action,0.0,0.0,-0.0919,5,1782055990754430086,71
R01,UDP,196,action,0.0,0.0,-0.0811,5,1782055990810777243,66
R01,UDP,197,action,0.0,0.0,-0.093,1,1782055990867580152,70
R01,UDP,198,action,0.0,0.0,-0.0836,4,1782055990922292082,66
R01,UDP,199,action,0.0,0.0,-0.0997,1,1782055990978749110,66
R01,UDP,200,action,0.0,0.0,-0.0872,4,1782055991034052655,71
R01,UDP,201,action,0.0,0.0,-0.084,1,1782055991089172612,70
R01,UDP,202,action,0.0,0.0,-0.0859,1,1782055991145108650,71
R01,UDP,203,action,0.0,0.0,-0.0745,2,1782055991200882883,65
R01,UDP,204,action,0.0,0.0,-0.083,2,1782055991255127913,70
R01,UDP,205,action,0.0,0.0,-0.0821,4,1782055991312115420,66
R01,UDP,206,action,0.0,0.0,-0.0814,4,1782055991367491894,69
R01,UDP,207,action,0.0,0.0,-0.0878,2,1782055991423659081,65
R01,UDP,208,velocity,0.0436,0.0,-0.1418,0,1782055991478105366,78
R01,UDP,209,velocity,0.0451,0.0,-0.1356,0,1782055991534362727,78
R01,UDP,210,velocity,0.0482,0.0,-0.1414,0,1782055991588034273,81
R01,UDP,211,velocity,0.0437,0.0,-0.1514,0,1782055991645370605,79
R01,UDP,212,velocity,0.0501,0.0,-0.1419,0,1782055991701327726,77
R01,UDP,213,velocity,0.041,0.0,-0.1352,0,1782055991756173343,82
R01,UDP,214,velocity,0.0426,0.0,-0.1442,0,1782055991810239927,79
R01,UDP,215,velocity,0.0408,0.0,-0.1444,0,1782055991867685834,75
R01,UDP,216,velocity,0.047,0.0,-0.1478,0,1782055991923317958,74
R01,UDP,217,velocity,0.0481,0.0,-0.1408,0,1782055991979256273,77
R01,UDP,218,velocity,0.0448,0.0,-0.1532,0,1782055992036000451,75
R01,UDP,219,velocity,0.046,0.0,-0.142,0,1782055992092113064,76
R01,UDP,220,velocity,0.0482,0.0,-0.146,0,1782055992145389346,77
R01,UDP,221,velocity,0.0458,0.0,-0.1516,0,1782055992203023752,82
R01,UDP,222,velocity,0.0489,0.0,-0.1419,0,1782055992257991819,77
R01,UDP,223,velocity,0.0528,0.0,-0.1476,0,1782055992313585196,78
R01,UDP,224,velocity,0.0484,0.0,-0.1504,0,1782055992369634280,72
R01,UDP,225,velocity,0.0464,0.0,-0.149,0,1782055992426917122,72
R01,UDP,226,velocity,0.0464,0.0,-0.148,0,1782055992481438727,79
R01,UDP,227,velocity,0.045,0.0,-0.1491,0,1782055992537339837,74
R01,UDP,228,velocity,0.0401,0.0,-0.1479,0,1782055992592169148,80
R01,UDP,229,velocity,0.0498,0.0,-0.1436,0,1782055992648895673,83
R01,UDP,230,velocity,0.0463,0.0,-0.1449,0,1782055992703149627,76
R01,UDP,231,velocity,0.0539,0.0,-0.1457,0,1782055992758565471,82
R01,UDP,232,velocity,0.0443,0.0,-0.1446,0,1782055992813992790,83
R01,UDP,233,velocity,0.0487,0.0,-0.1415,0,1782055992871365688,73
R01,UDP,234,velocity,0.0518,0.0,-0.1412,0,1782055992927431082,76
R01,UDP,235,velocity,0.0476,0.0,-0.1447,0,1782055992982590242,73
R01,UDP,236,velocity,0.0488,0.0,-0.1423,0,1782055993038072571,78
R01,UDP,237,velocity,0.0424,0.0,-0.1505,0,1782055993093355748,82
R01,UDP,238,velocity,0.0416,0.0,-0.1447,0,1782055993149056694,82
R01,UDP,239,velocity,0.0452,0.0,-0.1405,0,1782055993203088219,82
R01,UDP,240,velocity,0.048,0.0,-0.1448,0,1782055993258397738,75
R01,UDP,241,velocity,0.0446,0.0,-0.1453,0,1782055993314034088,83
R01,UDP,242,velocity,0.0486,0.0,-0.1486,0,1782055993369728287,82
R01,UDP,243,velocity,0.0465,0.0,-0.1373,0,1782055993423453951,78
R01,UDP,244,velocity,0.0476,0.0,-0.148,0,1782055993480389394,79
R01,UDP,245,velocity,0.0518,0.0,-0.1392,0,1782055993535460948,78
R01,UDP,246,velocity,0.041,0.0,-0.1473,0,1782055993590745089,83
R01,UDP,247,velocity,0.0509,0.0,-0.1409,0,1782055993645272991,80
R01,UDP,248,velocity,0.0495,0.0,-0.1431,0,1782055993703062771,75
R01,UDP,249,velocity,0.053,0.0,-0.1401,0,1782055993759153673,74
R01,UDP,250,velocity,0.1001,0.0,0.0,0,1782055993814716063,72
R01,UDP,251,velocity,0.1036,0.0,0.0,0,1782055993869101565,80
R01,UDP,252,velocity,0.1046,0.0,0.0,0,1782055993924512129,80
R01,UDP,253,velocity,0.0979,0.0,0.0,0,1782055993980442974,83
R01,UDP,254,velocity,0.1021,0.0,0.0,0,1782055994035744813,74
R01,UDP,255,velocity,0.1016,0.0,0.0,0,1782055994092569030,83
R01,UDP,256,velocity,0.0997,0.0,0.0,0,1782055994147115382,72
R01,UDP,257,velocity,0.1034,0.0,0.0,0,1782055994201283976,80
R01,UDP,258,velocity,0.0999,0.0,0.0,0,1782055994258107521,72
R01,UDP,259,velocity,0.1082,0.0,0.0,0,1782055994314330414,75
R01,UDP,260,velocity,0.1028,0.0,0.0,0,1782055994370664199,82
R01,UDP,261,velocity,0.1024,0.0,0.0,0,1782055994423762354,82
R01,UDP,262,velocity,0.0995,0.0,0.0,0,1782055994480731721,76
R01,UDP,263,velocity,0.103,0.0,0.0,0,1782055994535364737,72
R01,UDP,264,velocity,0.1084,0.0,0.0,0,1782055994592110044,79
R01,UDP,265,velocity,0.1006,0.0,0.0,0,1782055994645164420,76
R01,UDP,266,velocity,0.1013,0.0,0.0,0,1782055994701033413,72
R01,UDP,267,velocity,0.106,0.0,0.0,0,1782055994756401902,73
R01,UDP,268,velocity,0.0998,0.0,0.0,0,1782055994811745171,73
R01,UDP,269,velocity,0.1073,0.0,0.0,0,1782055994868782765,72
R01,UDP,270,velocity,0.0,0.0,0.0181,0,1782055994923003612,75
R01,UDP,271,velocity,0.0,0.0,0.0167,0,1782055994977544861,74
R01,UDP,272,velocity,0.0,0.0,0.0296,0,1782055995034564767,81
R01,UDP,273,velocity,0.0,0.0,0.0135,0,1782055995089529759,74
R01,UDP,274,velocity,0.0,0.0,0.0078,0,1782055995143454642,76
R01,UDP,275,velocity,0.0,0.0,0.0158,0,1782055995200657168,83
R01,UDP,276,velocity,0.0,0.0,0.0187,0,1782055995256083921,75
R01,UDP,277,velocity,0.0,0.0,0.0194,0,1782055995312383035,72
R01,UDP,278,velocity,0.0,0.0,0.0179,0,1782055995365827429,80
R01,UDP,279,velocity,0.0,0.0,0.0237,0,1782055995422733750,80
R01,UDP,280,velocity,0.0,0.0,0.0228,0,1782055995477480776,80
R01,UDP,281,velocity,0.0,0.0,0.0302,0,1782055995534597181,81
R01,UDP,282,velocity,0.0,0.0,0.0126,0,1782055995587002647,75
R01,UDP,283,velocity,0.0,0.0,0.0235,0,1782055995642909863,72
R01,UDP,284,velocity,0.0,0.0,0.0142,0,1782055995699989666,75
R01,UDP,285,velocity,0.0,0.0,0.0239,0,1782055995755124086,75
R01,UDP,286,velocity,0.0,0.0,0.0184,0,1782055995810494532,80
R01,UDP,287,velocity,0.0,0.0,0.0241,0,1782055995865231220,72
R01,UDP,288,velocity,0.0,0.0,0.0117,0,1782055995921469402,74
R01,UDP,289,velocity,0.0,0.0,0.0155,0,1782055995976852019,76
R01,UDP,290,velocity,0.0,0.0,0.0068,0,1782055996032451028,73
R01,UDP,291,velocity,0.0,0.0,0.0064,0,1782055996087229561,72
R01,UDP,292,velocity,0.0,0.0,0.0173,0,1782055996144209868,75
R01,UDP,293,velocity,0.0,0.0,0.0051,0,1782055996198902627,74
R01,UDP,294,velocity,0.0,0.0,0.0125,0,1782055996253488435,79
R01,UDP,295,velocity,0.0,0.0,0.026,0,1782055996309455645,73
R01,UDP,296,velocity,0.0,0.0,0.0181,0,1782055996366171881,75
R01,UDP,297,velocity,0.1856,0.0,-0.0949,0,1782055996419390322,80
R01,UDP,298,velocity,0.1886,0.0,-0.1034,0,1782055996474855908,78
R01,UDP,299,velocity,0.1881,0.0,-0.1028,0,1782055996531794069,83
R01,UDP,300,velocity,0.1878,0.0,-0.1084,0,1782055996588433734,81
R01,UDP,301,velocity,0.1826,0.0,-0.0983,0,1782055996641348078,72
R01,UDP,302,velocity,0.1856,0.0,-0.1004,0,1782055996697984547,82
R01,UDP,303,velocity,0.1892,0.0,-0.1075,0,1782055996754474989,83
R01,UDP,304,velocity,0.1801,0.0,-0.1002,0,1782055996809421830,79
R01,UDP,305,velocity,0.1874,0.0,-0.0931,0,1782055996865096187,81
R01,UDP,306,velocity,0.1899,0.0,-0.1035,0,1782055996920171553,82
R01,UDP,307,velocity,0.1898,0.0,-0.1046,0,1782055996975566582,79
R01,UDP,308,velocity,0.1922,0.0,-0.1045,0,1782055997032793727,73
R01,UDP,309,velocity,0.1821,0.0,-0.0996,0,1782055997087635739,76
R01,UDP,310,velocity,0.1817,0.0,-0.0998,0,1782055997143726560,77
R01,UDP,311,velocity,0.191,0.0,-0.1081,0,1782055997199395922,80
R01,UDP,312,velocity,0.184,0.0,-0.099,0,1782055997254999096,75
R01,UDP,313,velocity,0.18,0.0,-0.1028,0,1782055997309950502,75
R01,UDP,314,velocity,0.188,0.0,-0.1082,0,1782055997365198114,76
R01,UDP,315,velocity,0.1839,0.0,-0.1041,0,1782055997420961515,83
R01,UDP,316,velocity,0.1898,0.0,-0.0968,0,1782055997478891191,78
R01,UDP,317,velocity,0.1794,0.0,-0.1034,0,1782055997532966574,81
R01,UDP,318,velocity,0.1825,0.0,-0.1011,0,1782055997588505336,81
R01,UDP,319,velocity,0.1956,0.0,-0.1074,0,1782055997643932970,82
R01,UDP,320,velocity,0.1927,0.0,-0.1089,0,1782055997697700126,78
R01,UDP,321,velocity,0.1811,0.0,-0.1038,0,1782055997754761504,75
R01,UDP,322,action,0.0,0.0,-0.1307,2,1782055997809861403,69
R01,UDP,323,action,0.0,0.0,-0.135,1,1782055997866133785,65
R01,UDP,324,action,0.0,0.0,-0.1297,3,1782055997922032302,65
R01,UDP,325,action,0.0,0.0,-0.1261,4,1782055997977384478,73
R01,UDP,326,action,0.0,0.0,-0.1182,3,1782055998031496696,73
R01,UDP,327,action,0.0,0.0,-0.1248,1,1782055998090891606,69
R01,UDP,328,action,0.0,0.0,-0.1349,5,1782055998145324994,65
R01,UDP,329,action,0.0,0.0,-0.1226,5,1782055998199806391,71
R01,UDP,330,action,0.0,0.0,-0.1266,3,1782055998255181468,67
R01,UDP,331,action,0.0,0.0,-0.1308,5,1782055998309907473,64
R01,UDP,332,action,0.0,0.0,-0.1284,4,1782055998367210714,65
R01,UDP,333,action,0.0,0.0,-0.1268,5,1782055998421012575,73
R01,UDP,334,action,0.0,0.0,-0.1336,3,1782055998475611799,68
R01,UDP,335,action,0.0,0.0,-0.1213,2,1782055998530444070,73
R01,UDP,336,action,0.0,0.0,-0.1313,5,1782055998586718680,66
R01,UDP,337,action,0.0,0.0,-0.1343,1,1782055998642447840,67
R01,UDP,338,action,0.0,0.0,-0.1344,1,1782055998696694504,75
R01,UDP,339,action,0.0,0.0,-0.1354,5,1782055998753976850,74
R01,UDP,340,velocity,0.1793,0.0,0.099,0,1782055998808822483,83
R01,UDP,341,velocity,0.1875,0.0,0.0917,0,1782055998863392299,80
R01,UDP,342,velocity,0.1792,0.0,0.0983,0,1782055998917415219,76
R01,UDP,343,velocity,0.1786,0.0,0.0882,0,1782055998973653820,78
R01,UDP,344,velocity,0.184,0.0,0.0879,0,1782055999028870270,79
R01,UDP,345,velocity,0.1817,0.0,0.0903,0,1782055999085799714,82
R01,UDP,346,velocity,0.1761,0.0,0.0974,0,1782055999138652679,76
R01,UDP,347,velocity,0.1841,0.0,0.1014,0,1782055999194543464,77
R01,UDP,348,velocity,0.1791,0.0,0.0969,0,1782055999250718343,82
R01,UDP,349,velocity,0.1889,0.0,0.0969,0,1782055999307434482,76
R01,UDP,350,velocity,0.1798,0.0,0.085,0,1782055999362492600,83
R01,UDP,351,velocity,0.1847,0.0,0.0905,0,1782055999419132210,78
R01,UDP,352,velocity,0.1865,0.0,0.0883,0,1782055999475314756,75
R01,UDP,353,velocity,0.1866,0.0,0.0893,0,1782055999531005891,76
R01,UDP,354,velocity,0.1837,0.0,0.0817,0,1782055999586019517,72
R01,UDP,355,velocity,0.1809,0.0,0.0923,0,1782055999641576363,82
R01,UDP,356,velocity,0.1792,0.0,0.0938,0,1782055999698762584,77
R01,UDP,357,velocity,0.1798,0.0,0.091,0,1782055999752775621,78
R01,UDP,358,velocity,0.1852,0.0,0.0948,0,1782055999808701945,75
R01,UDP,359,velocity,0.1829,0.0,0.0883,0,1782055999863824275,75
R01,UDP,360,velocity,0.188,0.0,0.0822,0,1782055999919504826,76
R01,UDP,361,velocity,0.1791,0.0,0.0925,0,1782055999975559096,79
R01,UDP,362,velocity,0.1834,0.0,0.0925,0,1782056000032560323,72
R01,UDP,363,velocity,0.1799,0.0,0.0988,0,1782056000086748514,80
R01,UDP,364,velocity,0.1828,0.0,0.0866,0,1782056000141779904,74
R01,UDP,365,velocity,0.1884,0.0,0.0889,0,1782056000198607208,75
R01,UDP,366,stop,0.0,0.0,0.0,0,1782056000254865803,65
R01,UDP,367,stop,0.0,0.0,0.0,0,1782056000308660371,68
R01,UDP,368,stop,0.0,0.0,0.0,0,1782056000364667648,69
R01,UDP,369,stop,0.0,0.0,0.0,0,1782056000419183370,63
R01,UDP,370,stop,0.0,0.0,0.0,0,1782056000475908152,68
R01,UDP,371,stop,0.0,0.0,0.0,0,1782056000531893317,69
R01,UDP,372,stop,0.0,0.0,0.0,0,1782056000586395592,67
R01,UDP,373,stop,0.0,0.0,0.0,0,1782056000640196383,62
R01,UDP,374,stop,0.0,0.0,0.0,0,1782056000697187187,65
R01,UDP,375,stop,0.0,0.0,0.0,0,1782056000752408986,61
R01,UDP,376,stop,0.0,0.0,0.0,0,1782056000808477514,63
R01,UDP,377,stop,0.0,0.0,0.0,0,1782056000863279673,62
R01,UDP,378,stop,0.0,0.0,0.0,0,1782056000918192647,68
R01,UDP,379,stop,0.0,0.0,0.0,0,1782056000975767928,58
R01,UDP,380,stop,0.0,0.0,0.0,0,1782056001031038894,66
R01,UDP,381,stop,0.0,0.0,0.0,0,1782056001086989611,61
R01,UDP,382,stop,0.0,0.0,0.0,0,1782056001141179703,66
R01,UDP,383,stop,0.0,0.0,0.0,0,1782056001196460783,64
R01,UDP,384,stop,0.0,0.0,0.0,0,1782056001252465251,62
R01,UDP,385,stop,0.0,0.0,0.0,0,1782056001306197602,61
R01,UDP,386,stop,0.0,0.0,0.0,0,1782056001361578253,60
R01,UDP,387,stop,0.0,0.0,0.0,0,1782056001417530066,69
R01,UDP,388,stop,0.0,0.0,0.0,0,1782056001472034985,64
R01,UDP,389,stop,0.0,0.0,0.0,0,1782056001527433224,59
R01,UDP,390,stop,0.0,0.0,0.0,0,1782056001583066256,59
R01,UDP,391,stop,0.0,0.0,0.0,0,1782056001636856019,69
R01,UDP,392,stop,0.0,0.0,0.0,0,1782056001694075813,64
R01,UDP,393,stop,0.0,0.0,0.0,0,1782056001750057876,66
R01,UDP,394,stop,0.0,0.0,0.0,0,1782056001804823079,63
R01,UDP,395,stop,0.0,0.0,0.0,0,1782056001861027501,66
R01,UDP,396,stop,0.0,0.0,0.0,0,1782056001918193887,65
R01,UDP,397,stop,0.0,0.0,0.0,0,1782056001974189037,66
R01,UDP,398,stop,0.0,0.0,0.0,0,1782056002029998664,62
R01,UDP,399,stop,0.0,0.0,0.0,0,1782056002083606369,64
R01,UDP,400,stop,0.0,0.0,0.0,0,1782056002140353649,63
R01,UDP,401,stop,0.0,0.0,0.0,0,1782056002196440428,68
R01,UDP,402,stop,0.0,0.0,0.0,0,1782056002252407079,68
R01,UDP,403,stop,0.0,0.0,0.0,0,1782056002309220698,60
R01,UDP,404,stop,0.0,0.0,0.0,0,1782056002362375837,58
R01,UDP,405,stop,0.0,0.0,0.0,0,1782056002421141239,62
R01,UDP,406,stop,0.0,0.0,0.0,0,1782056002475418866,62
R01,UDP,407,stop,0.0,0.0,0.0,0,1782056002531308816,61
R01,UDP,408,stop,0.0,0.0,0.0,0,1782056002586170781,59
R01,UDP,409,stop,0.0,0.0,0.0,0,1782056002640137952,63
R01,UDP,410,stop,0.0,0.0,0.0,0,1782056002698473800,60
R01,UDP,411,stop,0.0,0.0,0.0,0,1782056002753693026,68
R01,UDP,412,stop,0.0,0.0,0.0,0,1782056002810418963,58
R01,UDP,413,stop,0.0,0.0,0.0,0,1782056002864562175,63
R01,UDP,414,stop,0.0,0.0,0.0,0,1782056002919126975,61
R01,UDP,415,stop,0.0,0.0,0.0,0,1782056002974017087,69
R01,UDP,416,stop,0.0,0.0,0.0,0,1782056003029825141,64
R01,UDP,417,stop,0.0,0.0,0.0,0,1782056003085685492,65
R01,UDP,418,velocity,0.1767,0.0,-0.1982,0,1782056003142793543,77
R01,UDP,419,velocity,0.1732,0.0,-0.1992,0,1782056003198689587,80
R01,UDP,420,velocity,0.1821,0.0,-0.1883,0,1782056003254089261,78
R01,UDP,421,velocity,0.1717,0.0,-0.192,0,1782056003308767418,79
R01,UDP,422,velocity,0.1828,0.0,-0.1868,0,1782056003366577544,78
R01,UDP,423,velocity,0.1763,0.0,-0.1955,0,1782056003421194806,78
R01,UDP,424,velocity,0.1714,0.0,-0.1856,0,1782056003476343115,73
R01,UDP,425,velocity,0.1804,0.0,-0.191,0,1782056003529723217,82
R01,UDP,426,velocity,0.1743,0.0,-0.1896,0,1782056003584061535,73
R01,UDP,427,velocity,0.1746,0.0,-0.1956,0,1782056003642880653,74
R01,UDP,428,velocity,0.1755,0.0,-0.1922,0,1782056003696354186,78
R01,UDP,429,velocity,0.1778,0.0,-0.1851,0,1782056003751906840,76
R01,UDP,430,velocity,0.1733,0.0,-0.184,0,1782056003808014203,76
R01,UDP,431,velocity,0.1804,0.0,-0.1944,0,1782056003863666800,78
R01,UDP,432,velocity,0.1799,0.0,-0.1905,0,1782056003919281000,83
R01,UDP,433,velocity,0.177,0.0,-0.1947,0,1782056003974308017,79
R01,UDP,434,velocity,0.1743,0.0,-0.1863,0,1782056004027961586,80
R01,UDP,435,velocity,0.1703,0.0,-0.1849,0,1782056004084307318,78
R01,UDP,436,velocity,0.1753,0.0,-0.1883,0,1782056004140246111,78
R01,UDP,437,velocity,0.1723,0.0,-0.2024,0,1782056004196683728,83
R01,UDP,438,velocity,0.1715,0.0,-0.1882,0,1782056004252021554,82
R01,UDP,439,velocity,0.2454,0.0,0.0,0,1782056004307524546,74
R01,UDP,440,velocity,0.241,0.0,0.0,0,1782056004365468795,72
R01,UDP,441,velocity,0.25,0.0,0.0,0,1782056004420809184,75
R01,UDP,442,velocity,0.2457,0.0,0.0,0,1782056004474615351,75
R01,UDP,443,velocity,0.2422,0.0,0.0,0,1782056004532243030,72
R01,UDP,444,velocity,0.25,0.0,0.0,0,1782056004586361847,72
R01,UDP,445,velocity,0.25,0.0,0.0,0,1782056004641104923,76
R01,UDP,446,velocity,0.2435,0.0,0.0,0,1782056004696564286,82
R01,UDP,447,velocity,0.2499,0.0,0.0,0,1782056004751514598,83
R01,UDP,448,velocity,0.2475,0.0,0.0,0,1782056004807916438,81
R01,UDP,449,velocity,0.2445,0.0,0.0,0,1782056004864617292,75
R01,UDP,450,velocity,0.2459,0.0,0.0,0,1782056004920919289,74
R01,UDP,451,velocity,0.2448,0.0,0.0,0,1782056004972931430,82
R01,UDP,452,velocity,0.245,0.0,0.0,0,1782056005029702470,82
R01,UDP,453,velocity,0.2463,0.0,0.0,0,1782056005088030656,79
R01,UDP,454,velocity,0.25,0.0,0.0,0,1782056005142138723,75
R01,UDP,455,velocity,0.2458,0.0,0.0,0,1782056005197445211,76
R01,UDP,456,velocity,0.2496,0.0,0.0,0,1782056005252344769,72
R01,UDP,457,velocity,0.2481,0.0,0.0,0,1782056005308617381,77
R01,UDP,458,velocity,0.238,0.0,0.0,0,1782056005364748255,77
R01,UDP,459,velocity,0.2446,0.0,0.0,0,1782056005420724243,74
R01,UDP,460,velocity,0.2444,0.0,0.0,0,1782056005476436444,77
R01,UDP,461,velocity,0.2484,0.0,0.0,0,1782056005531802674,77
R01,UDP,462,velocity,0.2435,0.0,0.0,0,1782056005586165286,75
R01,UDP,463,velocity,0.2489,0.0,0.0,0,1782056005641283174,75
R01,UDP,464,velocity,0.2466,0.0,0.0,0,1782056005698584256,76
R01,UDP,465,velocity,0.2437,0.0,0.0,0,1782056005754290326,79
R01,UDP,466,velocity,0.2405,0.0,0.0,0,1782056005810661492,80
R01,UDP,467,velocity,0.2466,0.0,0.0,0,1782056005864964347,72
R01,UDP,468,stop,0.0,0.0,0.0,0,1782056005921124019,63
R01,UDP,469,stop,0.0,0.0,0.0,0,1782056005977168823,66
R01,UDP,470,stop,0.0,0.0,0.0,0,1782056006029779099,64
R01,UDP,471,stop,0.0,0.0,0.0,0,1782056006086262054,60
R01,UDP,472,stop,0.0,0.0,0.0,0,1782056006142143892,65
R01,UDP,473,stop,0.0,0.0,0.0,0,1782056006197388782,66
R01,UDP,474,stop,0.0,0.0,0.0,0,1782056006255716247,66
R01,UDP,475,stop,0.0,0.0,0.0,0,1782056006309930159,68
R01,UDP,476,stop,0.0,0.0,0.0,0,1782056006367778532,60
R01,UDP,477,stop,0.0,0.0,0.0,0,1782056006421676190,65
R01,UDP,478,stop,0.0,0.0,0.0,0,1782056006478654159,65
R01,UDP,479,stop,0.0,0.0,0.0,0,1782056006533005887,58
R01,UDP,480,stop,0.0,0.0,0.0,0,1782056006588265387,59
R01,UDP,481,stop,0.0,0.0,0.0,0,1782056006643123439,61
R01,UDP,482,stop,0.0,0.0,0.0,0,1782056006702469206,68
R01,UDP,483,stop,0.0,0.0,0.0,0,1782056006755273360,67
R01,UDP,484,stop,0.0,0.0,0.0,0,1782056006812470863,65
R01,UDP,485,stop,0.0,0.0,0.0,0,1782056006866519463,69
R01,UDP,486,stop,0.0,0.0,0.0,0,1782056006922788956,62
R01,UDP,487,stop,0.0,0.0,0.0,0,1782056006978420183,67
R01,UDP,488,stop,0.0,0.0,0.0,0,1782056007035519746,59
R01,UDP,489,stop,0.0,0.0,0.0,0,1782056007088870367,60
R01,UDP,490,stop,0.0,0.0,0.0,0,1782056007146487048,69
R01,UDP,491,stop,0.0,0.0,0.0,0,1782056007200607655,61
R01,UDP,492,stop,0.0,0.0,0.0,0,1782056007258285466,64
R01,UDP,493,stop,0.0,0.0,0.0,0,1782056007313670229,64
R01,UDP,494,stop,0.0,0.0,0.0,0,1782056007368708839,60
R01,UDP,495,stop,0.0,0.0,0.0,0,1782056007425550136,58
R01,UDP,496,stop,0.0,0.0,0.0,0,1782056007479420767,63
R01,UDP,497,stop,0.0,0.0,0.0,0,1782056007534129752,59
R01,UDP,498,stop,0.0,0.0,0.0,0,1782056007590877587,63
R01,UDP,499,stop,0.0,0.0,0.0,0,1782056007644269253,64
R01,UDP,500,velocity,0.0678,0.0,0.0,0,1782056007699444397,81
R01,UDP,501,velocity,0.0616,0.0,0.0,0,1782056007755288776,77
R01,UDP,502,velocity,0.0621,0.0,0.0,0,1782056007812533302,72
R01,UDP,503,velocity,0.0618,0.0,0.0,0,1782056007867204249,78
R01,UDP,504,velocity,0.058,0.0,0.0,0,1782056007923823507,75
R01,UDP,505,velocity,0.0617,0.0,0.0,0,1782056007977864828,79
R01,UDP,506,velocity,0.0648,0.0,0.0,0,1782056008034013302,73
R01,UDP,507,velocity,0.062,0.0,0.0,0,1782056008089034595,80
R01,UDP,508,velocity,0.0564,0.0,0.0,0,1782056008146354291,76
R01,UDP,509,velocity,0.0599,0.0,0.0,0,1782056008200511523,74
R01,UDP,510,velocity,0.0669,0.0,0.0,0,1782056008257936957,81
R01,UDP,511,velocity,0.0613,0.0,0.0,0,1782056008312690907,77
R01,UDP,512,velocity,0.0621,0.0,0.0,0,1782056008367763092,81
R01,UDP,513,velocity,0.0602,0.0,0.0,0,1782056008422564169,74
R01,UDP,514,velocity,0.0588,0.0,0.0,0,1782056008479816858,78
R01,UDP,515,velocity,0.0594,0.0,0.0,0,1782056008535236214,83
R01,UDP,516,velocity,0.0644,0.0,0.0,0,1782056008588928798,74
R01,UDP,517,velocity,0.0599,0.0,0.0,0,1782056008644504724,80
R01,UDP,518,velocity,0.0644,0.0,0.0,0,1782056008700450231,75
R01,UDP,519,velocity,0.063,0.0,0.0,0,1782056008756281009,72
R01,UDP,520,velocity,0.0631,0.0,0.0,0,1782056008812246773,81
R01,UDP,521,velocity,0.0582,0.0,0.0,0,1782056008869167360,77
R01,UDP,522,velocity,0.0666,0.0,0.0,0,1782056008922271026,75
R01,UDP,523,velocity,0.0625,0.0,0.0,0,1782056008979395513,77
R01,UDP,524,velocity,0.0635,0.0,0.0,0,1782056009035351955,77
R01,UDP,525,velocity,0.0671,0.0,0.0,0,1782056009088903954,74
R01,UDP,526,velocity,0.0624,0.0,0.0,0,1782056009144873237,80
R01,UDP,527,velocity,0.0571,0.0,0.0,0,1782056009201027568,79
R01,UDP,528,velocity,0.0592,0.0,0.0,0,1782056009254211764,73
R01,UDP,529,velocity,0.0618,0.0,0.0,0,1782056009312163804,72
R01,UDP,530,velocity,0.058,0.0,0.0,0,1782056009366205717,76
R01,UDP,531,velocity,0.0589,0.0,0.0,0,1782056009423127146,75
R01,UDP,532,velocity,0.0583,0.0,0.0,0,1782056009476018684,79
R01,UDP,533,velocity,0.0594,0.0,0.0,0,1782056009531950585,77
R01,UDP,534,velocity,0.0628,0.0,0.0,0,1782056009588165235,77
R01,UDP,535,velocity,0.0576,0.0,0.0,0,1782056009642754085,82
R01,UDP,536,velocity,0.0544,0.0,0.0,0,1782056009697646825,81
R01,UDP,537,velocity,0.0649,0.0,0.0,0,1782056009752456116,76
R01,UDP,538,velocity,0.0636,0.0,0.0,0,1782056009808995429,77
R01,UDP,539,velocity,0.0585,0.0,0.0,0,1782056009864902434,75
R01,UDP,540,velocity,0.0561,0.0,0.0,0,1782056009920666830,81
R01,UDP,541,velocity,0.0681,0.0,0.0,0,1782056009976218441,77
R01,UDP,542,velocity,0.0607,0.0,0.0,0,1782056010031714999,74
R01,UDP,543,velocity,0.0629,0.0,0.0,0,1782056010086790332,83
R01,UDP,544,velocity,0.1852,0.0,0.0,0,1782056010143985971,78
R01,UDP,545,velocity,0.1824,0.0,0.0,0,1782056010198508218,76
R01,UDP,546,velocity,0.1852,0.0,0.0,0,1782056010255583672,74
R01,UDP,547,velocity,0.1931,0.0,0.0,0,1782056010309884641,73
R01,UDP,548,velocity,0.1875,0.0,0.0,0,1782056010366887672,72
R01,UDP,549,velocity,0.1909,0.0,0.0,0,1782056010423053078,81
R01,UDP,550,velocity,0.1909,0.0,0.0,0,1782056010476884290,78
R01,UDP,551,velocity,0.1797,0.0,0.0,0,1782056010532329253,73
R01,UDP,552,velocity,0.1821,0.0,0.0,0,1782056010587720230,72
R01,UDP,553,velocity,0.1866,0.0,0.0,0,1782056010643057738,80
R01,UDP,554,velocity,0.1825,0.0,0.0,0,1782056010701457843,82
R01,UDP,555,velocity,0.1788,0.0,0.0,0,1782056010757428173,77
R01,UDP,556,velocity,0.1865,0.0,0.0,0,1782056010812676336,81
R01,UDP,557,velocity,0.1916,0.0,0.0,0,1782056010866389751,74
R01,UDP,558,velocity,0.1871,0.0,0.0,0,1782056010921162002,80
R01,UDP,559,velocity,0.1896,0.0,0.0,0,1782056010978798372,80
R01,UDP,560,velocity,0.185,0.0,0.0,0,1782056011033174556,78
R01,UDP,561,velocity,0.1865,0.0,0.0,0,1782056011089146881,72
R01,UDP,562,velocity,0.1901,0.0,0.0,0,1782056011145001525,78
R01,UDP,563,velocity,0.1828,0.0,0.0,0,1782056011199830461,74
R01,UDP,564,velocity,0.1846,0.0,0.0,0,1782056011254554652,78
R01,UDP,565,velocity,0.186,0.0,0.0,0,1782056011311745730,80
R01,UDP,566,velocity,0.1913,0.0,0.0,0,1782056011365399196,75
R01,UDP,567,velocity,0.1813,0.0,0.0,0,1782056011421426570,77
R01,UDP,568,velocity,0.1822,0.0,0.0,0,1782056011476209734,83
R01,UDP,569,velocity,0.1855,0.0,0.0,0,1782056011531000413,81
R01,UDP,570,velocity,0.1548,0.0,-0.1395,0,1782056011587192924,72
R01,UDP,571,velocity,0.1553,0.0,-0.1521,0,1782056011641139962,72
R01,UDP,572,velocity,0.1571,0.0,-0.1431,0,1782056011696567795,76
R01,UDP,573,velocity,0.1516,0.0,-0.1412,0,1782056011753667863,82
R01,UDP,574,velocity,0.1604,0.0,-0.1355,0,1782056011807766289,76
R01,UDP,575,velocity,0.1557,0.0,-0.1405,0,1782056011862694403,76
R01,UDP,576,velocity,0.1542,0.0,-0.136,0,1782056011920031666,75
R01,UDP,577,velocity,0.1593,0.0,-0.1443,0,1782056011974426025,79
R01,UDP,578,velocity,0.1521,0.0,-0.1452,0,1782056012030377497,79
R01,UDP,579,velocity,0.1578,0.0,-0.1505,0,1782056012086092617,80
R01,UDP,580,velocity,0.1542,0.0,-0.1328,0,1782056012140940150,72
R01,UDP,581,velocity,0.1492,0.0,-0.1446,0,1782056012197572560,82
R01,UDP,582,velocity,0.1551,0.0,-0.1472,0,1782056012253816705,80
R01,UDP,583,velocity,0.158,0.0,-0.1405,0,1782056012309460904,74
R01,UDP,584,velocity,0.1501,0.0,-0.1484,0,1782056012364287186,83
R01,UDP,585,velocity,0.1569,0.0,-0.1427,0,1782056012420165648,77
R01,UDP,586,velocity,0.1569,0.0,-0.1474,0,1782056012475577469,78
R01,UDP,587,velocity,0.1463,0.0,-0.144,0,1782056012531086448,78
R01,UDP,588,velocity,0.1503,0.0,-0.1458,0,1782056012586587413,79
R01,UDP,589,velocity,0.1625,0.0,-0.1367,0,1782056012642629931,76
R01,UDP,590,velocity,0.1496,0.0,-0.137,0,1782056012697627584,72
R01,UDP,591,velocity,0.1645,0.0,-0.1434,0,1782056012753818936,74
R01,UDP,592,velocity,0.153,0.0,-0.1436,0,1782056012810606862,80
R01,UDP,593,velocity,0.1603,0.0,-0.1351,0,1782056012866814407,81
R01,UDP,594,velocity,0.1567,0.0,-0.1499,0,1782056012923540964,75
R01,UDP,595,velocity,0.157,0.0,-0.1469,0,1782056012977230465,78
R01,UDP,596,velocity,0.1614,0.0,-0.1472,0,1782056013033225095,81
R01,UDP,597,velocity,0.1539,0.0,-0.1404,0,1782056013089796736,72
R01,UDP,598,velocity,0.1608,0.0,-0.1514,0,1782056013145789170,78
R01,UDP,599,velocity,0.1499,0.0,-0.1469,0,1782056013201649757,78
R01,UDP,600,velocity,0.1518,0.0,-0.1439,0,1782056013258747521,81
R01,UDP,601,velocity,0.1538,0.0,-0.1442,0,1782056013313825221,74
R01,UDP,602,velocity,0.1571,0.0,-0.1445,0,1782056013368434897,72
R01,UDP,603,velocity,0.1517,0.0,-0.1361,0,1782056013426648655,81
R01,UDP,604,velocity,0.1491,0.0,-0.138,0,1782056013483221971,73
R01,UDP,605,velocity,0.1528,0.0,-0.1407,0,1782056013536020032,81
R01,UDP,606,velocity,0.1507,0.0,-0.1483,0,1782056013593001890,74
R01,UDP,607,velocity,0.1575,0.0,-0.154,0,1782056013648936507,74
R01,UDP,608,velocity,0.1565,0.0,-0.1484,0,1782056013703898296,80
R01,UDP,609,stop,0.0,0.0,0.0,0,1782056013758707446,66
R01,UDP,610,stop,0.0,0.0,0.0,0,1782056013814788058,66
R01,UDP,611,stop,0.0,0.0,0.0,0,1782056013871184072,62
R01,UDP,612,stop,0.0,0.0,0.0,0,1782056013927933650,60
R01,UDP,613,stop,0.0,0.0,0.0,0,1782056013982151890,60
R01,UDP,614,stop,0.0,0.0,0.0,0,1782056014035770892,61
R01,UDP,615,stop,0.0,0.0,0.0,0,1782056014092683170,59
R01,UDP,616,stop,0.0,0.0,0.0,0,1782056014147992483,58
R01,UDP,617,stop,0.0,0.0,0.0,0,1782056014203969825,62
R01,UDP,618,stop,0.0,0.0,0.0,0,1782056014258079755,66
R01,UDP,619,stop,0.0,0.0,0.0,0,1782056014313872509,63
R01,UDP,620,stop,0.0,0.0,0.0,0,1782056014368394925,58
R01,UDP,621,stop,0.0,0.0,0.0,0,1782056014427069006,68
R01,UDP,622,stop,0.0,0.0,0.0,0,1782056014481859707,58
R01,UDP,623,stop,0.0,0.0,0.0,0,1782056014537697790,64
R01,UDP,624,stop,0.0,0.0,0.0,0,1782056014593530171,61
R01,UDP,625,stop,0.0,0.0,0.0,0,1782056014647576344,63
R01,UDP,626,stop,0.0,0.0,0.0,0,1782056014702946759,66
R01,UDP,627,stop,0.0,0.0,0.0,0,1782056014759287761,62
R01,UDP,628,stop,0.0,0.0,0.0,0,1782056014813831137,59
R01,UDP,629,velocity,0.0795,0.0,0.0,0,1782056014869947851,81
R01,UDP,630,velocity,0.0771,0.0,0.0,0,1782056014925120717,77
R01,UDP,631,velocity,0.0822,0.0,0.0,0,1782056014982012792,76
R01,UDP,632,velocity,0.0793,0.0,0.0,0,1782056015038498352,82
R01,UDP,633,velocity,0.0818,0.0,0.0,0,1782056015091926567,83
R01,UDP,634,velocity,0.0755,0.0,0.0,0,1782056015149509798,74
R01,UDP,635,velocity,0.0819,0.0,0.0,0,1782056015204602567,78
R01,UDP,636,velocity,0.0811,0.0,0.0,0,1782056015258833492,81
R01,UDP,637,velocity,0.0781,0.0,0.0,0,1782056015315135533,82
R01,UDP,638,velocity,0.0753,0.0,0.0,0,1782056015371321950,72
R01,UDP,639,velocity,0.0701,0.0,0.0,0,1782056015425028135,80
R01,UDP,640,velocity,0.0765,0.0,0.0,0,1782056015482049528,74
R01,UDP,641,velocity,0.0781,0.0,0.0,0,1782056015535908601,73
R01,UDP,642,velocity,0.084,0.0,0.0,0,1782056015594678074,73
R01,UDP,643,velocity,0.0723,0.0,0.0,0,1782056015648826834,82
R01,UDP,644,velocity,0.0858,0.0,0.0,0,1782056015704835273,75
R01,UDP,645,velocity,0.0845,0.0,0.0,0,1782056015758452706,73
R01,UDP,646,velocity,0.0802,0.0,0.0,0,1782056015816402053,75
R01,UDP,647,velocity,0.0733,0.0,0.0,0,1782056015872806742,81
R01,UDP,648,velocity,0.0821,0.0,0.0,0,1782056015927761977,83
R01,UDP,649,velocity,0.0832,0.0,0.0,0,1782056015983188226,72
R01,UDP,650,velocity,0.0814,0.0,0.0,0,1782056016038834548,78
R01,UDP,651,stop,0.0,0.0,0.0,0,1782056016092949957,62
R01,UDP,652,stop,0.0,0.0,0.0,0,1782056016148291814,63
R01,UDP,653,stop,0.0,0.0,0.0,0,1782056016203015714,63
R01,UDP,654,stop,0.0,0.0,0.0,0,1782056016258696817,65
R01,UDP,655,stop,0.0,0.0,0.0,0,1782056016314886306,68
R01,UDP,656,stop,0.0,0.0,0.0,0,1782056016370245226,67
R01,UDP,657,stop,0.0,0.0,0.0,0,1782056016426862905,63
R01,UDP,658,stop,0.0,0.0,0.0,0,1782056016482697791,64
R01,UDP,659,stop,0.0,0.0,0.0,0,1782056016538883106,63
R01,UDP,660,stop,0.0,0.0,0.0,0,1782056016593786106,66
R01,UDP,661,stop,0.0,0.0,0.0,0,1782056016649377348,64
R01,UDP,662,stop,0.0,0.0,0.0,0,1782056016705034371,66
R01,UDP,663,stop,0.0,0.0,0.0,0,1782056016759729386,58
R01,UDP,664,stop,0.0,0.0,0.0,0,1782056016813976985,67
R01,UDP,665,stop,0.0,0.0,0.0,0,1782056016871545363,67
R01,UDP,666,stop,0.0,0.0,0.0,0,1782056016926680469,61
R01,UDP,667,stop,0.0,0.0,0.0,0,1782056016977827202,65
R01,UDP,668,stop,0.0,0.0,0.0,0,1782056017036178156,66
R01,UDP,669,stop,0.0,0.0,0.0,0,1782056017092638911,58
R01,UDP,670,stop,0.0,0.0,0.0,0,1782056017146787318,58
R01,UDP,671,stop,0.0,0.0,0.0,0,1782056017203389995,61
R01,UDP,672,stop,0.0,0.0,0.0,0,1782056017258895397,63
R01,UDP,673,stop,0.0,0.0,0.0,0,1782056017314635788,62
R01,UDP,674,stop,0.0,0.0,0.0,0,1782056017369315528,68
R01,UDP,675,stop,0.0,0.0,0.0,0,1782056017425169052,61
R01,UDP,676,stop,0.0,0.0,0.0,0,1782056017480492497,59
R01,UDP,677,stop,0.0,0.0,0.0,0,1782056017536439797,66
R01,UDP,678,stop,0.0,0.0,0.0,0,1782056017592568711,58
R01,UDP,679,stop,0.0,0.0,0.0,0,1782056017646243352,67
R01,UDP,680,stop,0.0,0.0,0.0,0,1782056017703215079,63
R01,UDP,681,stop,0.0,0.0,0.0,0,1782056017759361913,69
R01,UDP,682,stop,0.0,0.0,0.0,0,1782056017813770092,65
R01,UDP,683,stop,0.0,0.0,0.0,0,1782056017871548506,62
R01,UDP,684,stop,0.0,0.0,0.0,0,1782056017925515528,63
R01,UDP,685,stop,0.0,0.0,0.0,0,1782056017981172400,66
R01,UDP,686,stop,0.0,0.0,0.0,0,1782056018036525030,65
R01,UDP,687,stop,0.0,0.0,0.0,0,1782056018091629624,64
R01,UDP,688,stop,0.0,0.0,0.0,0,1782056018147112898,60
R01,UDP,689,stop,0.0,0.0,0.0,0,1782056018202586114,67
R01,UDP,690,stop,0.0,0.0,0.0,0,1782056018258777514,68
R01,UDP,691,stop,0.0,0.0,0.0,0,1782056018314847230,58
R01,UDP,692,stop,0.0,0.0,0.0,0,1782056018369307415,60
R01,UDP,693,stop,0.0,0.0,0.0,0,1782056018424215839,63
R01,UDP,694,stop,0.0,0.0,0.0,0,1782056018478786446,60
R01,UDP,695,stop,0.0,0.0,0.0,0,1782056018535508777,63
R01,UDP,696,stop,0.0,0.0,0.0,0,1782056018590882668,60
R01,UDP,697,stop,0.0,0.0,0.0,0,1782056018647806087,66
R01,UDP,698,stop,0.0,0.0,0.0,0,1782056018702469097,58
R01,UDP,699,stop,0.0,0.0,0.0,0,1782056018759072817,59
R01,UDP,700,stop,0.0,0.0,0.0,0,1782056018814219511,65
R01,UDP,701,stop,0.0,0.0,0.0,0,1782056018870429014,64
R01,UDP,702,stop,0.0,0.0,0.0,0,1782056018925613215,69
R01,UDP,703,stop,0.0,0.0,0.0,0,1782056018980643424,58
R01,UDP,704,stop,0.0,0.0,0.0,0,1782056019035783346,66
R01,UDP,705,stop,0.0,0.0,0.0,0,1782056019092308632,64
R01,UDP,706,stop,0.0,0.0,0.0,0,1782056019147478410,60
R01,UDP,707,stop,0.0,0.0,0.0,0,1782056019202296059,66
R01,UDP,708,stop,0.0,0.0,0.0,0,1782056019257318376,63
R01,UDP,709,stop,0.0,0.0,0.0,0,1782056019313334428,66
R01,UDP,710,stop,0.0,0.0,0.0,0,1782056019367785559,65
R01,UDP,711,stop,0.0,0.0,0.0,0,1782056019426364577,58
R01,UDP,712,stop,0.0,0.0,0.0,0,1782056019480558066,69
R01,UDP,713,stop,0.0,0.0,0.0,0,1782056019535177760,68
R01,UDP,714,stop,0.0,0.0,0.0,0,1782056019591346601,61
R01,UDP,715,stop,0.0,0.0,0.0,0,1782056019645594238,64
R01,UDP,716,stop,0.0,0.0,0.0,0,1782056019703018381,61
R01,UDP,717,stop,0.0,0.0,0.0,0,1782056019758372269,62
R01,UDP,718,velocity,0.0,0.0,0.0288,0,1782056019814352216,72
R01,UDP,719,velocity,0.0,0.0,0.0385,0,1782056019867695453,78
R01,UDP,720,velocity,0.0,0.0,0.0393,0,1782056019925358747,80
R01,UDP,721,velocity,0.0,0.0,0.0414,0,1782056019981684497,79
R01,UDP,722,velocity,0.0,0.0,0.0307,0,1782056020035011425,76
R01,UDP,723,velocity,0.0,0.0,0.0384,0,1782056020092129510,78
R01,UDP,724,velocity,0.0,0.0,0.0332,0,1782056020145358791,82
R01,UDP,725,velocity,0.0,0.0,0.0299,0,1782056020200339922,77
R01,UDP,726,velocity,0.0,0.0,0.0343,0,1782056020254940673,78
R01,UDP,727,velocity,0.0,0.0,0.0364,0,1782056020310933632,75
R01,UDP,728,velocity,0.0,0.0,0.0412,0,1782056020367298184,73
R01,UDP,729,velocity,0.0,0.0,0.0466,0,1782056020422840197,74
R01,UDP,730,velocity,0.0,0.0,0.0326,0,1782056020476739595,83
R01,UDP,731,velocity,0.0,0.0,0.0306,0,1782056020532719827,80
R01,UDP,732,velocity,0.0,0.0,0.0248,0,1782056020587059496,78
R01,UDP,733,velocity,0.0,0.0,0.0317,0,1782056020643727208,82
R01,UDP,734,velocity,0.0,0.0,0.0359,0,1782056020698537571,83
R01,UDP,735,velocity,0.0,0.0,0.0358,0,1782056020751650762,79
R01,UDP,736,velocity,0.0,0.0,0.0247,0,1782056020809736199,83
R01,UDP,737,velocity,0.0,0.0,0.035,0,1782056020863339354,81
R01,UDP,738,velocity,0.0,0.0,0.029,0,1782056020918776530,82
R01,UDP,739,velocity,0.0,0.0,0.0387,0,1782056020975851860,76
R01,UDP,740,velocity,0.0,0.0,0.0278,0,1782056021029686805,78
R01,UDP,741,velocity,0.0,0.0,0.0371,0,1782056021087021263,82
R01,UDP,742,velocity,0.0,0.0,0.0325,0,1782056021142344046,82
R01,UDP,743,velocity,0.0,0.0,0.0339,0,1782056021197149524,74
R01,UDP,744,velocity,0.0,0.0,0.0393,0,1782056021253039037,76
R01,UDP,745,velocity,0.0,0.0,0.0384,0,1782056021307963860,74
R01,UDP,746,velocity,0.0,0.0,0.0331,0,1782056021363508098,78
R01,UDP,747,velocity,0.0,0.0,0.0202,0,1782056021419935313,82
R01,UDP,748,velocity,0.0,0.0,0.0387,0,1782056021475718294,73
R01,UDP,749,velocity,0.0,0.0,0.0324,0,1782056021529931929,73
R01,UDP,750,velocity,0.0,0.0,0.0355,0,1782056021585338275,81
R01,UDP,751,velocity,0.0,0.0,0.0265,0,1782056021642135649,74
R01,UDP,752,velocity,0.0,0.0,0.0417,0,1782056021696967553,83
R01,UDP,753,velocity,0.0,0.0,0.0363,0,1782056021752096136,72
R01,UDP,754,velocity,0.0,0.0,0.0352,0,1782056021809451315,75
R01,UDP,755,velocity,0.0,0.0,0.0389,0,1782056021861303480,72
R01,UDP,756,velocity,0.0,0.0,0.0351,0,1782056021917104264,80
R01,UDP,757,velocity,0.0,0.0,0.0182,0,1782056021974339162,80
R01,UDP,758,velocity,0.0,0.0,0.0228,0,1782056022028634823,83
R01,UDP,759,velocity,0.0,0.0,0.0379,0,1782056022084156315,80
R01,UDP,760,velocity,0.0,0.0,0.0345,0,1782056022139051992,76
R01,UDP,761,velocity,0.0,0.0,0.0294,0,1782056022199418710,76
R01,UDP,762,velocity,0.0,0.0,0.0378,0,1782056022256072530,80
R01,UDP,763,velocity,0.0,0.0,0.0332,0,1782056022309531254,75
R01,UDP,764,velocity,0.0,0.0,0.028,0,1782056022364276651,82
R01,UDP,765,velocity,0.0,0.0,0.0407,0,1782056022419250486,74
R01,UDP,766,velocity,0.0,0.0,0.0364,0,1782056022475747077,81
R01,UDP,767,velocity,0.0,0.0,0.0285,0,1782056022531773558,78
R01,UDP,768,velocity,0.1804,0.0,-0.0513,0,1782056022586486946,75
R01,UDP,769,velocity,0.1729,0.0,-0.0476,0,1782056022641190291,75
R01,UDP,770,velocity,0.178,0.0,-0.0471,0,1782056022697616208,74
R01,UDP,771,velocity,0.1787,0.0,-0.0465,0,1782056022754046762,81
R01,UDP,772,velocity,0.1826,0.0,-0.0487,0,1782056022807176935,78
R01,UDP,773,velocity,0.177,0.0,-0.0402,0,1782056022864446451,75
R01,UDP,774,velocity,0.1703,0.0,-0.0389,0,1782056022917524455,82
R01,UDP,775,velocity,0.183,0.0,-0.0458,0,1782056022973656175,76
R01,UDP,776,velocity,0.1877,0.0,-0.0421,0,1782056023030476578,79
R01,UDP,777,velocity,0.1729,0.0,-0.0456,0,1782056023085188500,82
R01,UDP,778,velocity,0.1794,0.0,-0.041,0,1782056023139549364,77
R01,UDP,779,velocity,0.1792,0.0,-0.0425,0,1782056023197016774,78
R01,UDP,780,velocity,0.1768,0.0,-0.0453,0,1782056023250984410,74
R01,UDP,781,velocity,0.1782,0.0,-0.0543,0,1782056023308533198,73
R01,UDP,782,velocity,0.1765,0.0,-0.0436,0,1782056023364077273,79
R01,UDP,783,velocity,0.1796,0.0,-0.0418,0,1782056023419723160,80
R01,UDP,784,velocity,0.1757,0.0,-0.0362,0,1782056023473869727,77
R01,UDP,785,velocity,0.1835,0.0,-0.042,0,1782056023528751556,78
R01,UDP,786,velocity,0.1796,0.0,-0.0365,0,1782056023582619788,79
R01,UDP,787,velocity,0.1821,0.0,-0.0427,0,1782056023639114806,74
R01,UDP,788,velocity,0.1943,0.0,-0.1306,0,1782056023694387858,77
R01,UDP,789,velocity,0.2024,0.0,-0.1267,0,1782056023748916159,81
R01,UDP,790,velocity,0.1937,0.0,-0.1249,0,1782056023805041050,73
R01,UDP,791,velocity,0.1993,0.0,-0.1258,0,1782056023860045122,75
R01,UDP,792,velocity,0.1927,0.0,-0.119,0,1782056023917056279,83
R01,UDP,793,velocity,0.1902,0.0,-0.1316,0,1782056023971450125,80
R01,UDP,794,velocity,0.2029,0.0,-0.1241,0,1782056024027559091,79
R01,UDP,795,velocity,0.1941,0.0,-0.124,0,1782056024082143056,83
R01,UDP,796,velocity,0.1974,0.0,-0.1263,0,1782056024138049575,75
R01,UDP,797,velocity,0.196,0.0,-0.1352,0,1782056024194281096,75
R01,UDP,798,velocity,0.2016,0.0,-0.1291,0,1782056024248648655,72
R01,UDP,799,velocity,0.197,0.0,-0.1185,0,1782056024306354586,82
R01,UDP,800,velocity,0.1954,0.0,-0.1253,0,1782056024361478638,73
R01,UDP,801,velocity,0.1942,0.0,-0.13,0,1782056024415745228,76
R01,UDP,802,velocity,0.1965,0.0,-0.1262,0,1782056024472557115,73
R01,UDP,803,velocity,0.1948,0.0,-0.1266,0,1782056024527625449,79
R01,UDP,804,velocity,0.1916,0.0,-0.1352,0,1782056024584243473,79
R01,UDP,805,velocity,0.2014,0.0,-0.1249,0,1782056024637703677,81
R01,UDP,806,velocity,0.1929,0.0,-0.1242,0,1782056024697181459,83
R01,UDP,807,velocity,0.1975,0.0,-0.1217,0,1782056024749904907,78
R01,UDP,808,velocity,0.1885,0.0,-0.1186,0,1782056024806280334,77
R01,UDP,809,velocity,0.1983,0.0,-0.1306,0,1782056024862031154,75
R01,UDP,810,velocity,0.1967,0.0,-0.123,0,1782056024916930225,80
R01,UDP,811,velocity,0.1962,0.0,-0.1239,0,1782056024971922593,81
R01,UDP,812,velocity,0.1979,0.0,-0.1262,0,1782056025027358470,77
R01,UDP,813,velocity,0.1933,0.0,-0.1183,0,1782056025084182234,80
R01,UDP,814,velocity,0.195,0.0,-0.1316,0,1782056025139630216,78
R01,UDP,815,velocity,0.2008,0.0,-0.1279,0,1782056025194461461,77
R01,UDP,816,velocity,0.2002,0.0,-0.1262,0,1782056025251006169,77
R01,UDP,817,velocity,0.1995,0.0,-0.1283,0,1782056025305953571,80
R01,UDP,818,velocity,0.1942,0.0,-0.1279,0,1782056025361507442,80
R01,UDP,819,stop,0.0,0.0,0.0,0,1782056025416017872,64
R01,UDP,820,stop,0.0,0.0,0.0,0,1782056025472474762,60
R01,UDP,821,stop,0.0,0.0,0.0,0,1782056025527139651,63
R01,UDP,822,stop,0.0,0.0,0.0,0,1782056025580648419,63
R01,UDP,823,stop,0.0,0.0,0.0,0,1782056025640040057,67
R01,UDP,824,stop,0.0,0.0,0.0,0,1782056025696018251,58
R01,UDP,825,stop,0.0,0.0,0.0,0,1782056025751079034,64
R01,UDP,826,stop,0.0,0.0,0.0,0,1782056025805697388,61
R01,UDP,827,stop,0.0,0.0,0.0,0,1782056025860230965,68
R01,UDP,828,stop,0.0,0.0,0.0,0,1782056025915739579,59
R01,UDP,829,stop,0.0,0.0,0.0,0,1782056025972830735,63
R01,UDP,830,stop,0.0,0.0,0.0,0,1782056026027689427,63
R01,UDP,831,stop,0.0,0.0,0.0,0,1782056026084412388,59
R01,UDP,832,stop,0.0,0.0,0.0,0,1782056026138085827,69
R01,UDP,833,stop,0.0,0.0,0.0,0,1782056026192420434,66
R01,UDP,834,stop,0.0,0.0,0.0,0,1782056026248895028,67
R01,UDP,835,stop,0.0,0.0,0.0,0,1782056026305171289,58
R01,UDP,836,stop,0.0,0.0,0.0,0,1782056026359617555,67
R01,UDP,837,stop,0.0,0.0,0.0,0,1782056026417042719,64
R01,UDP,838,stop,0.0,0.0,0.0,0,1782056026472382535,64
R01,UDP,839,stop,0.0,0.0,0.0,0,1782056026527783892,66
R01,UDP,840,stop,0.0,0.0,0.0,0,1782056026582915514,62
R01,UDP,841,stop,0.0,0.0,0.0,0,1782056026639080648,67
R01,UDP,842,stop,0.0,0.0,0.0,0,1782056026693264889,61
R01,UDP,843,stop,0.0,0.0,0.0,0,1782056026748807567,67
R01,UDP,844,stop,0.0,0.0,0.0,0,1782056026803213346,64
R01,UDP,845,stop,0.0,0.0,0.0,0,1782056026860120033,65
R01,UDP,846,stop,0.0,0.0,0.0,0,1782056026915762339,66
R01,UDP,847,stop,0.0,0.0,0.0,0,1782056026971513936,62
R01,UDP,848,stop,0.0,0.0,0.0,0,1782056027025147628,59
R01,UDP,849,stop,0.0,0.0,0.0,0,1782056027080635065,63
R01,UDP,850,stop,0.0,0.0,0.0,0,1782056027136017564,69
R01,UDP,851,stop,0.0,0.0,0.0,0,1782056027191799107,61
R01,UDP,852,stop,0.0,0.0,0.0,0,1782056027247632608,59
R01,UDP,853,stop,0.0,0.0,0.0,0,1782056027304116713,68
R01,UDP,854,stop,0.0,0.0,0.0,0,1782056027358692352,68
R01,UDP,855,stop,0.0,0.0,0.0,0,1782056027414591031,62
R01,UDP,856,stop,0.0,0.0,0.0,0,1782056027469231852,64
R01,UDP,857,stop,0.0,0.0,0.0,0,1782056027524061105,61
R01,UDP,858,stop,0.0,0.0,0.0,0,1782056027579113005,60
R01,UDP,859,stop,0.0,0.0,0.0,0,1782056027635369155,63
R01,UDP,860,stop,0.0,0.0,0.0,0,1782056027688839447,64
R01,UDP,861,stop,0.0,0.0,0.0,0,1782056027745041618,65
R01,UDP,862,stop,0.0,0.0,0.0,0,1782056027799653312,63
R01,UDP,863,stop,0.0,0.0,0.0,0,1782056027855694172,66
R01,UDP,864,stop,0.0,0.0,0.0,0,1782056027911985248,68
R01,UDP,865,stop,0.0,0.0,0.0,0,1782056027966744964,62
R01,UDP,866,stop,0.0,0.0,0.0,0,1782056028021110481,64
R01,UDP,867,stop,0.0,0.0,0.0,0,1782056028075821140,59
R01,UDP,868,stop,0.0,0.0,0.0,0,1782056028133845496,58
R01,UDP,869,stop,0.0,0.0,0.0,0,1782056028189086048,65
R01,UDP,870,stop,0.0,0.0,0.0,0,1782056028241762605,58
R01,UDP,871,stop,0.0,0.0,0.0,0,1782056028299056332,64
R01,UDP,872,stop,0.0,0.0,0.0,0,1782056028354369795,61
R01,UDP,873,stop,0.0,0.0,0.0,0,1782056028410342796,65
R01,UDP,874,stop,0.0,0.0,0.0,0,1782056028464095960,61
R01,UDP,875,stop,0.0,0.0,0.0,0,1782056028519797747,67
R01,UDP,876,velocity,0.0909,0.0,0.138,0,1782056028574768916,83
R01,UDP,877,velocity,0.0909,0.0,0.1233,0,1782056028632095702,76
R01,UDP,878,velocity,0.096,0.0,0.1287,0,1782056028687468746,79
R01,UDP,879,velocity,0.0925,0.0,0.1256,0,1782056028745283470,79
R01,UDP,880,velocity,0.0928,0.0,0.1356,0,1782056028797721177,72
R01,UDP,881,velocity,0.0904,0.0,0.1307,0,1782056028855556986,81
R01,UDP,882,velocity,0.0857,0.0,0.1261,0,1782056028912245318,72
R01,UDP,883,velocity,0.0843,0.0,0.1253,0,1782056028966184560,77
R01,UDP,884,velocity,0.0887,0.0,0.1319,0,1782056029022895718,82
R01,UDP,885,velocity,0.1008,0.0,0.1278,0,1782056029076096445,80
R01,UDP,886,velocity,0.1003,0.0,0.1312,0,1782056029134299143,74
R01,UDP,887,velocity,0.0912,0.0,0.138,0,1782056029188819699,77
R01,UDP,888,velocity,0.0921,0.0,0.1302,0,1782056029244287564,82
R01,UDP,889,velocity,0.0998,0.0,0.1294,0,1782056029300655692,82
R01,UDP,890,velocity,0.097,0.0,0.1274,0,1782056029356113740,75
R01,UDP,891,velocity,0.0851,0.0,0.1287,0,1782056029410889464,80
R01,UDP,892,velocity,0.0921,0.0,0.1272,0,1782056029468148702,81
R01,UDP,893,velocity,0.0932,0.0,0.1277,0,1782056029524382297,79
R01,UDP,894,velocity,0.0875,0.0,0.1207,0,1782056029583276648,80
R01,UDP,895,velocity,0.0923,0.0,0.1338,0,1782056029636982173,77
R01,UDP,896,velocity,0.0983,0.0,0.1263,0,1782056029691741775,80
R01,UDP,897,velocity,0.0895,0.0,0.126,0,1782056029749379653,78
R01,UDP,898,velocity,0.091,0.0,0.1281,0,1782056029802519252,79
R01,UDP,899,velocity,0.0981,0.0,0.1303,0,1782056029859951432,82
R01,UDP,900,velocity,0.17,0.0,0.0,0,1782056029916378403,82
R01,UDP,901,velocity,0.171,0.0,0.0,0,1782056029971260304,77
R01,UDP,902,velocity,0.1675,0.0,0.0,0,1782056030026000336,78
R01,UDP,903,velocity,0.1707,0.0,0.0,0,1782056030081143576,80
R01,UDP,904,velocity,0.1741,0.0,0.0,0,1782056030136794210,79
R01,UDP,905,velocity,0.1706,0.0,0.0,0,1782056030191826551,75
R01,UDP,906,velocity,0.1673,0.0,0.0,0,1782056030247217478,77
R01,UDP,907,velocity,0.1715,0.0,0.0,0,1782056030303581877,72
R01,UDP,908,velocity,0.1729,0.0,0.0,0,1782056030358254142,75
R01,UDP,909,velocity,0.1695,0.0,0.0,0,1782056030412998395,76
R01,UDP,910,velocity,0.1693,0.0,0.0,0,1782056030469686657,83
R01,UDP,911,velocity,0.1666,0.0,0.0,0,1782056030524534774,75
R01,UDP,912,velocity,0.1705,0.0,0.0,0,1782056030580397986,78
R01,UDP,913,velocity,0.1707,0.0,0.0,0,1782056030634017365,80
R01,UDP,914,velocity,0.1688,0.0,0.0,0,1782056030690498375,78
R01,UDP,915,velocity,0.1714,0.0,0.0,0,1782056030747424618,77
R01,UDP,916,velocity,0.1682,0.0,0.0,0,1782056030805278688,78
R01,UDP,917,velocity,0.1713,0.0,0.0,0,1782056030858975620,74
R01,UDP,918,velocity,0.1756,0.0,0.0,0,1782056030914914152,72
R01,UDP,919,velocity,0.1784,0.0,0.0,0,1782056030969358504,80
R01,UDP,920,velocity,0.1685,0.0,0.0,0,1782056031024077894,73
R01,UDP,921,velocity,0.1706,0.0,0.0,0,1782056031080402337,74
R01,UDP,922,velocity,0.184,0.0,0.0,0,1782056031135842396,74
R01,UDP,923,velocity,0.1676,0.0,0.0,0,1782056031192002014,75
R01,UDP,924,velocity,0.1759,0.0,0.0,0,1782056031247273140,82
R01,UDP,925,velocity,0.169,0.0,0.0,0,1782056031304452969,75
R01,UDP,926,velocity,0.1671,0.0,0.0,0,1782056031357638948,75
R01,UDP,927,velocity,0.1733,0.0,0.0,0,1782056031415592277,76
R01,UDP,928,velocity,0.1612,0.0,0.0,0,1782056031470164032,80
R01,UDP,929,velocity,0.1723,0.0,0.0,0,1782056031526370542,80
R01,UDP,930,velocity,0.169,0.0,0.0,0,1782056031581151970,83
R01,UDP,931,velocity,0.1773,0.0,0.0,0,1782056031639323834,76
R01,UDP,932,velocity,0.1717,0.0,0.0,0,1782056031690533836,83
R01,UDP,933,velocity,0.1683,0.0,0.0,0,1782056031747805027,72
R01,UDP,934,velocity,0.1731,0.0,0.0,0,1782056031804146595,79
R01,UDP,935,velocity,0.1666,0.0,0.0,0,1782056031858557115,77
R01,UDP,936,velocity,0.1696,0.0,0.0,0,1782056031915080048,81
R01,UDP,937,velocity,0.1678,0.0,0.0,0,1782056031970464484,74
R01,UDP,938,velocity,0.1736,0.0,0.0,0,1782056032024729071,80
R01,UDP,939,velocity,0.1716,0.0,0.0,0,1782056032079891346,81
R01,UDP,940,velocity,0.1684,0.0,0.0,0,1782056032134311039,78
R01,UDP,941,velocity,0.1717,0.0,0.0,0,1782056032191959287,79
R01,UDP,942,velocity,0.1725,0.0,0.0,0,1782056032248647151,81
R01,UDP,943,velocity,0.1754,0.0,0.0,0,1782056032301293717,72
R01,UDP,944,velocity,0.1746,0.0,0.0,0,1782056032357321885,82
R01,UDP,945,velocity,0.1748,0.0,0.0,0,1782056032414763192,73
R01,UDP,946,velocity,0.1676,0.0,0.0,0,1782056032471596379,81
R01,UDP,947,velocity,0.1763,0.0,0.0,0,1782056032525952101,83
R01,UDP,948,action,0.0,0.0,-0.1347,1,1782056032579842054,71
R01,UDP,949,action,0.0,0.0,-0.1129,2,1782056032637299105,73
R01,UDP,950,action,0.0,0.0,-0.1255,4,1782056032691775112,68
R01,UDP,951,action,0.0,0.0,-0.1255,1,1782056032747395538,68
R01,UDP,952,action,0.0,0.0,-0.1164,5,1782056032803048477,72
R01,UDP,953,action,0.0,0.0,-0.1281,1,1782056032858892592,66
R01,UDP,954,action,0.0,0.0,-0.1268,2,1782056032915382444,73
R01,UDP,955,action,0.0,0.0,-0.1295,3,1782056032969657559,68
R01,UDP,956,action,0.0,0.0,-0.1301,3,1782056033025083337,67
R01,UDP,957,action,0.0,0.0,-0.1242,3,1782056033080870625,74
R01,UDP,958,action,0.0,0.0,-0.1214,3,1782056033137638077,66
R01,UDP,959,action,0.0,0.0,-0.1156,5,1782056033192894634,75
R01,UDP,960,action,0.0,0.0,-0.1226,1,1782056033246850592,73
R01,UDP,961,action,0.0,0.0,-0.1176,3,1782056033304291382,64
R01,UDP,962,action,0.0,0.0,-0.116,4,1782056033359345493,74
R01,UDP,963,action,0.0,0.0,-0.117,1,1782056033414554986,66
R01,UDP,964,action,0.0,0.0,-0.1169,2,1782056033468724474,69
R01,UDP,965,action,0.0,0.0,-0.1175,1,1782056033524936541,67
R01,UDP,966,action,0.0,0.0,-0.106,4,1782056033579333369,71
R01,UDP,967,action,0.0,0.0,-0.1165,1,1782056033635901446,67
R01,UDP,968,action,0.0,0.0,-0.1152,4,1782056033690534692,71
R01,UDP,969,action,0.0,0.0,-0.111,3,1782056033746608971,64
R01,UDP,970,action,0.0,0.0,-0.1199,3,1782056033803332362,70
R01,UDP,971,action,0.0,0.0,-0.1131,4,1782056033857913360,75
R01,UDP,972,action,0.0,0.0,-0.1263,5,1782056033914227792,66
R01,UDP,973,action,0.0,0.0,-0.1269,3,1782056033966552358,68
R01,UDP,974,action,0.0,0.0,-0.1221,1,1782056034024833784,73
R01,UDP,975,action,0.0,0.0,-0.1185,3,1782056034080403526,71
R01,UDP,976,velocity,0.0916,0.0,0.0,0,1782056034134542522,83
R01,UDP,977,velocity,0.1071,0.0,0.0,0,1782056034190356260,77
R01,UDP,978,velocity,0.1027,0.0,0.0,0,1782056034246688984,79
R01,UDP,979,velocity,0.0946,0.0,0.0,0,1782056034302095615,73
R01,UDP,980,velocity,0.1068,0.0,0.0,0,1782056034358720855,73
R01,UDP,981,velocity,0.1044,0.0,0.0,0,1782056034415421430,72
R01,UDP,982,velocity,0.1061,0.0,0.0,0,1782056034469725756,83
R01,UDP,983,velocity,0.0993,0.0,0.0,0,1782056034525736644,74
R01,UDP,984,velocity,0.1025,0.0,0.0,0,1782056034580516552,73
R01,UDP,985,velocity,0.1056,0.0,0.0,0,1782056034635764443,78
R01,UDP,986,velocity,0.1053,0.0,0.0,0,1782056034691349274,73
R01,UDP,987,velocity,0.1009,0.0,0.0,0,1782056034748610942,80
R01,UDP,988,velocity,0.1017,0.0,0.0,0,1782056034802893385,81
R01,UDP,989,velocity,0.1055,0.0,0.0,0,1782056034858473599,73
R01,UDP,990,velocity,0.1053,0.0,0.0,0,1782056034914424816,74
R01,UDP,991,velocity,0.1079,0.0,0.0,0,1782056034967927069,79
R01,UDP,992,velocity,0.105,0.0,0.0,0,1782056035024051304,80
R01,UDP,993,velocity,0.1005,0.0,0.0,0,1782056035079457106,80
R01,UDP,994,velocity,0.1019,0.0,0.0,0,1782056035133821894,74
R01,UDP,995,velocity,0.1005,0.0,0.0,0,1782056035191504418,82
R01,UDP,996,velocity,0.1088,0.0,0.0,0,1782056035247385005,79
R01,UDP,997,velocity,0.1012,0.0,0.0,0,1782056035303411511,75
R01,UDP,998,velocity,0.1071,0.0,0.0,0,1782056035356681027,78
R01,UDP,999,velocity,0.105,0.0,0.0,0,1782056035412292444,73
R01,UDP,1000,velocity,0.1041,0.0,0.0,0,1782056035468271283,74
R01,UDP,1001,velocity,0.1038,0.0,0.0,0,1782056035524454939,74
R01,UDP,1002,velocity,0.0996,0.0,0.0,0,1782056035578110959,81
R01,UDP,1003,velocity,0.1094,0.0,0.0,0,1782056035634824461,76
R01,UDP,1004,velocity,0.1112,0.0,0.0,0,1782056035690063668,78
R01,UDP,1005,velocity,0.0982,0.0,0.0,0,1782056035744762481,82
R01,UDP,1006,velocity,0.108,0.0,0.0,0,1782056035801226028,73
R01,UDP,1007,velocity,0.1079,0.0,0.0,0,1782056035857922367,73
R01,UDP,1008,velocity,0.0984,0.0,0.0,0,1782056035911004425,77
R01,UDP,1009,velocity,0.1063,0.0,0.0,0,1782056035967790664,77
R01,UDP,1010,velocity,0.1035,0.0,0.0,0,1782056036023890549,73
R01,UDP,1011,velocity,0.11,0.0,0.0,0,1782056036080173063,82
R01,UDP,1012,velocity,0.1063,0.0,0.0,0,1782056036134848719,76
R01,UDP,1013,velocity,0.1036,0.0,0.0,0,1782056036189792776,76
R01,UDP,1014,velocity,0.1096,0.0,0.0,0,1782056036245406764,81
R01,UDP,1015,velocity,0.1084,0.0,0.0,0,1782056036301269361,78
R01,UDP,1016,velocity,0.1148,0.0,0.0,0,1782056036357556524,74
R01,UDP,1017,velocity,0.1111,0.0,0.0,0,1782056036414190691,72
R01,UDP,1018,velocity,0.1044,0.0,0.0,0,1782056036468811498,81
R01,UDP,1019,velocity,0.1089,0.0,0.0,0,1782056036524398942,82
R01,UDP,1020,velocity,0.1105,0.0,0.0,0,1782056036578821986,81
R01,UDP,1021,velocity,0.1064,0.0,0.0,0,1782056036633936982,79
R01,UDP,1022,action,0.0,0.0,-0.1643,2,1782056036688861346,69
R01,UDP,1023,action,0.0,0.0,-0.1563,1,1782056036745275081,73
R01,UDP,1024,action,0.0,0.0,-0.1557,5,1782056036800490923,72
R01,UDP,1025,action,0.0,0.0,-0.1645,1,1782056036853977543,68
R01,UDP,1026,action,0.0,0.0,-0.1509,1,1782056036912811075,75
R01,UDP,1027,action,0.0,0.0,-0.1544,5,1782056036967089175,70
R01,UDP,1028,action,0.0,0.0,-0.1501,2,1782056037023682194,69
R01,UDP,1029,action,0.0,0.0,-0.1488,2,1782056037078928430,65
R01,UDP,1030,action,0.0,0.0,-0.1552,3,1782056037134849081,74
R01,UDP,1031,action,0.0,0.0,-0.1528,3,1782056037190727596,70
R01,UDP,1032,action,0.0,0.0,-0.1603,4,1782056037246853244,72
R01,UDP,1033,action,0.0,0.0,-0.1566,4,1782056037303230029,70
R01,UDP,1034,action,0.0,0.0,-0.1525,2,1782056037356803848,74
R01,UDP,1035,action,0.0,0.0,-0.1664,1,1782056037412669178,71
R01,UDP,1036,action,0.0,0.0,-0.1536,1,1782056037469670974,72
R01,UDP,1037,action,0.0,0.0,-0.1637,1,1782056037524456971,65
R01,UDP,1038,action,0.0,0.0,-0.1621,1,1782056037578377792,72
R01,UDP,1039,velocity,0.1577,0.0,0.0,0,1782056037635118610,75
R01,UDP,1040,velocity,0.1642,0.0,0.0,0,1782056037689012657,79
R01,UDP,1041,velocity,0.1531,0.0,0.0,0,1782056037747547519,72
R01,UDP,1042,velocity,0.1624,0.0,0.0,0,1782056037802270236,77
R01,UDP,1043,velocity,0.1545,0.0,0.0,0,1782056037858548329,76
R01,UDP,1044,velocity,0.1507,0.0,0.0,0,1782056037914086760,81
R01,UDP,1045,velocity,0.1544,0.0,0.0,0,1782056037971312827,73
R01,UDP,1046,velocity,0.1512,0.0,0.0,0,1782056038027008646,79
R01,UDP,1047,velocity,0.1487,0.0,0.0,0,1782056038084193980,82
R01,UDP,1048,velocity,0.1524,0.0,0.0,0,1782056038138326087,79
R01,UDP,1049,velocity,0.1503,0.0,0.0,0,1782056038195122602,74
R01,UDP,1050,velocity,0.1521,0.0,0.0,0,1782056038249594840,81
R01,UDP,1051,velocity,0.1596,0.0,0.0,0,1782056038304796007,78
R01,UDP,1052,velocity,0.1628,0.0,0.0,0,1782056038359949022,76
R01,UDP,1053,velocity,0.1493,0.0,0.0,0,1782056038416819896,74
R01,UDP,1054,velocity,0.1503,0.0,0.0,0,1782056038472426759,74
R01,UDP,1055,velocity,0.1477,0.0,0.0,0,1782056038528034255,76
R01,UDP,1056,velocity,0.1563,0.0,0.0,0,1782056038581920113,75
R01,UDP,1057,velocity,0.1487,0.0,0.0,0,1782056038637969242,79
R01,UDP,1058,velocity,0.1559,0.0,0.0,0,1782056038695573982,75
R01,UDP,1059,velocity,0.1587,0.0,0.0,0,1782056038747405275,74
R01,UDP,1060,velocity,0.1602,0.0,0.0,0,1782056038803966482,81
R01,UDP,1061,velocity,0.1508,0.0,0.0,0,1782056038861569982,81
R01,UDP,1062,velocity,0.1532,0.0,0.0,0,1782056038916966472,81
R01,UDP,1063,velocity,0.155,0.0,0.0,0,1782056038972325884,78
R01,UDP,1064,action,0.0,0.0,0.0525,2,1782056039026434454,72
R01,UDP,1065,velocity,0.0,0.0,0.0372,0,1782056039083927761,72
R01,UDP,1066,velocity,0.0,0.0,0.0424,0,1782056039139132619,79
R01,UDP,1067,velocity,0.0,0.0,0.0381,0,1782056039192680177,79
R01,UDP,1068,velocity,0.0,0.0,0.0319,0,1782056039251060782,73
R01,UDP,1069,action,0.0,0.0,0.0549,5,1782056039305227947,70
R01,UDP,1070,velocity,0.0,0.0,0.0462,0,1782056039360514602,80
R01,UDP,1071,velocity,0.0,0.0,0.0473,0,1782056039416402113,76
R01,UDP,1072,velocity,0.0,0.0,0.0486,0,1782056039472553434,77
R01,UDP,1073,velocity,0.0,0.0,0.0322,0,1782056039528362545,76
R01,UDP,1074,action,0.0,0.0,0.0512,3,1782056039583243676,73
R01,UDP,1075,velocity,0.0,0.0,0.0429,0,1782056039638682265,78
R01,UDP,1076,velocity,0.0,0.0,0.0431,0,1782056039694871398,74
R01,UDP,1077,velocity,0.0,0.0,0.0406,0,1782056039749615582,83
R01,UDP,1078,velocity,0.0,0.0,0.0404,0,1782056039806145207,82
R01,UDP,1079,velocity,0.0,0.0,0.0455,0,1782056039861574354,74
R01,UDP,1080,velocity,0.1092,0.0,0.0,0,1782056039918262105,72
