srun_id,method,seq,command_type,linear_x,linear_y,angular_z,action_id,t_unity_send_ns,payload_size_bytes
R01,ROS_TCP,1,stop,0.0,0.0,0.0,0,1782055079999782499,63
R01,ROS_TCP,2,stop,0.0,0.0,0.0,0,1782055080054860575,67
R01,ROS_TCP,3,stop,0.0,0.0,0.0,0,1782055080108990267,63
R01,ROS_TCP,4,stop,0.0,0.0,0.0,0,1782055080166036920,61
R01,ROS_TCP,5,stop,0.0,0.0,0.0,0,1782055080220913995,61
R01,ROS_TCP,6,stop,0.0,0.0,0.0,0,1782055080276656054,63
R01,ROS_TCP,7,stop,0.0,0.0,0.0,0,1782055080333307963,58
R01,ROS_TCP,8,stop,0.0,0.0,0.0,0,1782055080386202076,59
R01,ROS_TCP,9,stop,0.0,0.0,0.0,0,1782055080443570356,66
R01,ROS_TCP,10,stop,0.0,0.0,0.0,0,1782055080498257272,59
R01,ROS_TCP,11,stop,0.0,0.0,0.0,0,1782055080555092492,64
R01,ROS_TCP,12,stop,0.0,0.0,0.0,0,1782055080610963162,61
R01,ROS_TCP,13,stop,0.0,0.0,0.0,0,1782055080665272131,69
R01,ROS_TCP,14,stop,0.0,0.0,0.0,0,1782055080721116843,60
R01,ROS_TCP,15,stop,0.0,0.0,0.0,0,1782055080779264705,64
R01,ROS_TCP,16,stop,0.0,0.0,0.0,0,1782055080835189790,69
R01,ROS_TCP,17,stop,0.0,0.0,0.0,0,1782055080888144163,63
R01,ROS_TCP,18,stop,0.0,0.0,0.0,0,1782055080943190026,58
R01,ROS_TCP,19,stop,0.0,0.0,0.0,0,1782055080999071233,58
R01,ROS_TCP,20,stop,0.0,0.0,0.0,0,1782055081054986185,63
R01,ROS_TCP,21,stop,0.0,0.0,0.0,0,1782055081109037915,60
R01,ROS_TCP,22,stop,0.0,0.0,0.0,0,1782055081166008541,68
R01,ROS_TCP,23,stop,0.0,0.0,0.0,0,1782055081221283340,59
R01,ROS_TCP,24,stop,0.0,0.0,0.0,0,1782055081274824701,68
R01,ROS_TCP,25,stop,0.0,0.0,0.0,0,1782055081331557500,62
R01,ROS_TCP,26,stop,0.0,0.0,0.0,0,1782055081389644351,65
R01,ROS_TCP,27,stop,0.0,0.0,0.0,0,1782055081444360910,63
R01,ROS_TCP,28,stop,0.0,0.0,0.0,0,1782055081499835604,63
R01,ROS_TCP,29,stop,0.0,0.0,0.0,0,1782055081554094227,59
R01,ROS_TCP,30,stop,0.0,0.0,0.0,0,1782055081611063909,62
R01,ROS_TCP,31,stop,0.0,0.0,0.0,0,1782055081665823822,69
R01,ROS_TCP,32,stop,0.0,0.0,0.0,0,1782055081720568876,60
R01,ROS_TCP,33,stop,0.0,0.0,0.0,0,1782055081775534493,61
R01,ROS_TCP,34,stop,0.0,0.0,0.0,0,1782055081832589921,61
R01,ROS_TCP,35,stop,0.0,0.0,0.0,0,1782055081890898485,63
R01,ROS_TCP,36,stop,0.0,0.0,0.0,0,1782055081945049241,67
R01,ROS_TCP,37,stop,0.0,0.0,0.0,0,1782055082000800864,62
R01,ROS_TCP,38,stop,0.0,0.0,0.0,0,1782055082058615495,68
R01,ROS_TCP,39,stop,0.0,0.0,0.0,0,1782055082113041247,66
R01,ROS_TCP,40,stop,0.0,0.0,0.0,0,1782055082169832164,60
R01,ROS_TCP,41,stop,0.0,0.0,0.0,0,1782055082222511221,58
R01,ROS_TCP,42,stop,0.0,0.0,0.0,0,1782055082278749799,62
R01,ROS_TCP,43,stop,0.0,0.0,0.0,0,1782055082334312892,61
R01,ROS_TCP,44,stop,0.0,0.0,0.0,0,1782055082391108972,58
R01,ROS_TCP,45,stop,0.0,0.0,0.0,0,1782055082446378418,61
R01,ROS_TCP,46,stop,0.0,0.0,0.0,0,1782055082502183944,68
R01,ROS_TCP,47,stop,0.0,0.0,0.0,0,1782055082556511158,67
R01,ROS_TCP,48,stop,0.0,0.0,0.0,0,1782055082611184573,67
R01,ROS_TCP,49,stop,0.0,0.0,0.0,0,1782055082668117408,59
R01,ROS_TCP,50,stop,0.0,0.0,0.0,0,1782055082722785954,66
R01,ROS_TCP,51,stop,0.0,0.0,0.0,0,1782055082779896254,60
R01,ROS_TCP,52,velocity,0.1484,0.0,-0.1468,0,1782055082834293112,75
R01,ROS_TCP,53,velocity,0.1455,0.0,-0.1448,0,1782055082892535702,75
R01,ROS_TCP,54,velocity,0.1489,0.0,-0.1444,0,1782055082944703683,73
R01,ROS_TCP,55,velocity,0.1527,0.0,-0.1421,0,1782055083000975711,80
R01,ROS_TCP,56,velocity,0.1527,0.0,-0.148,0,1782055083056307112,79
R01,ROS_TCP,57,velocity,0.1506,0.0,-0.14,0,1782055083112380325,73
R01,ROS_TCP,58,velocity,0.1503,0.0,-0.1407,0,1782055083168514992,76
R01,ROS_TCP,59,velocity,0.1511,0.0,-0.1463,0,1782055083225923897,80
R01,ROS_TCP,60,velocity,0.1518,0.0,-0.1395,0,1782055083279642062,74
R01,ROS_TCP,61,velocity,0.143,0.0,-0.1385,0,1782055083335342298,75
R01,ROS_TCP,62,velocity,0.1535,0.0,-0.1427,0,1782055083390359732,74
R01,ROS_TCP,63,velocity,0.149,0.0,-0.1399,0,1782055083447638113,78
R01,ROS_TCP,64,velocity,0.1551,0.0,-0.1376,0,1782055083503243869,78
R01,ROS_TCP,65,velocity,0.1466,0.0,-0.1412,0,1782055083558843026,79
R01,ROS_TCP,66,velocity,0.1466,0.0,-0.1415,0,1782055083615394811,72
R01,ROS_TCP,67,velocity,0.1515,0.0,-0.1462,0,1782055083671272199,77
R01,ROS_TCP,68,velocity,0.1508,0.0,-0.1459,0,1782055083726857870,83
R01,ROS_TCP,69,velocity,0.1511,0.0,-0.149,0,1782055083781267954,82
R01,ROS_TCP,70,velocity,0.1507,0.0,-0.1429,0,1782055083837055135,80
R01,ROS_TCP,71,velocity,0.1515,0.0,-0.1377,0,1782055083893664314,78
R01,ROS_TCP,72,velocity,0.1475,0.0,-0.1411,0,1782055083949266592,82
R01,ROS_TCP,73,stop,0.0,0.0,0.0,0,1782055084004504271,68
R01,ROS_TCP,74,stop,0.0,0.0,0.0,0,1782055084060443236,68
R01,ROS_TCP,75,stop,0.0,0.0,0.0,0,1782055084115968950,65
R01,ROS_TCP,76,stop,0.0,0.0,0.0,0,1782055084170516662,66
R01,ROS_TCP,77,stop,0.0,0.0,0.0,0,1782055084226705590,61
R01,ROS_TCP,78,stop,0.0,0.0,0.0,0,1782055084283148176,62
R01,ROS_TCP,79,stop,0.0,0.0,0.0,0,1782055084340024837,60
R01,ROS_TCP,80,stop,0.0,0.0,0.0,0,1782055084394627851,67
R01,ROS_TCP,81,stop,0.0,0.0,0.0,0,1782055084450700530,65
R01,ROS_TCP,82,stop,0.0,0.0,0.0,0,1782055084506638684,67
R01,ROS_TCP,83,stop,0.0,0.0,0.0,0,1782055084560325077,66
R01,ROS_TCP,84,stop,0.0,0.0,0.0,0,1782055084619490102,65
R01,ROS_TCP,85,stop,0.0,0.0,0.0,0,1782055084672371541,63
R01,ROS_TCP,86,stop,0.0,0.0,0.0,0,1782055084726534454,65
R01,ROS_TCP,87,stop,0.0,0.0,0.0,0,1782055084784585721,67
R01,ROS_TCP,88,stop,0.0,0.0,0.0,0,1782055084840235268,61
R01,ROS_TCP,89,stop,0.0,0.0,0.0,0,1782055084894516895,65
R01,ROS_TCP,90,stop,0.0,0.0,0.0,0,1782055084950535487,63
R01,ROS_TCP,91,stop,0.0,0.0,0.0,0,1782055085004021412,62
R01,ROS_TCP,92,stop,0.0,0.0,0.0,0,1782055085063243966,69
R01,ROS_TCP,93,stop,0.0,0.0,0.0,0,1782055085117503237,66
R01,ROS_TCP,94,stop,0.0,0.0,0.0,0,1782055085172288756,59
R01,ROS_TCP,95,stop,0.0,0.0,0.0,0,1782055085227958274,69
R01,ROS_TCP,96,stop,0.0,0.0,0.0,0,1782055085283439941,66
R01,ROS_TCP,97,stop,0.0,0.0,0.0,0,1782055085339172599,65
R01,ROS_TCP,98,stop,0.0,0.0,0.0,0,1782055085394212016,67
R01,ROS_TCP,99,stop,0.0,0.0,0.0,0,1782055085450565000,68
R01,ROS_TCP,100,stop,0.0,0.0,0.0,0,1782055085507052531,60
R01,ROS_TCP,101,stop,0.0,0.0,0.0,0,1782055085561671069,66
R01,ROS_TCP,102,stop,0.0,0.0,0.0,0,1782055085618835558,58
R01,ROS_TCP,103,stop,0.0,0.0,0.0,0,1782055085673806495,65
R01,ROS_TCP,104,stop,0.0,0.0,0.0,0,1782055085728805207,69
R01,ROS_TCP,105,action,0.0,0.0,0.0818,1,1782055085784319136,64
R01,ROS_TCP,106,action,0.0,0.0,0.0928,1,1782055085839872099,72
R01,ROS_TCP,107,action,0.0,0.0,0.0889,2,1782055085896033894,70
R01,ROS_TCP,108,action,0.0,0.0,0.0881,1,1782055085952051712,75
R01,ROS_TCP,109,action,0.0,0.0,0.0776,4,1782055086007133739,73
R01,ROS_TCP,110,action,0.0,0.0,0.0864,1,1782055086062345165,69
R01,ROS_TCP,111,action,0.0,0.0,0.0794,3,1782055086118095748,66
R01,ROS_TCP,112,action,0.0,0.0,0.0763,4,1782055086171805716,65
R01,ROS_TCP,113,action,0.0,0.0,0.0933,3,1782055086228225144,67
R01,ROS_TCP,114,action,0.0,0.0,0.0879,1,1782055086283102657,71
R01,ROS_TCP,115,action,0.0,0.0,0.0901,3,1782055086340306121,66
R01,ROS_TCP,116,action,0.0,0.0,0.0938,2,1782055086396292291,67
R01,ROS_TCP,117,action,0.0,0.0,0.1015,3,1782055086451864815,65
R01,ROS_TCP,118,action,0.0,0.0,0.0874,4,1782055086507137047,66
R01,ROS_TCP,119,action,0.0,0.0,0.0858,2,1782055086561737467,71
R01,ROS_TCP,120,action,0.0,0.0,0.0881,1,1782055086618105534,66
R01,ROS_TCP,121,action,0.0,0.0,0.0795,5,1782055086673593471,74
R01,ROS_TCP,122,action,0.0,0.0,0.0851,4,1782055086729051034,72
R01,ROS_TCP,123,action,0.0,0.0,0.087,3,1782055086783223432,70
R01,ROS_TCP,124,action,0.0,0.0,0.0935,2,1782055086839506915,68
R01,ROS_TCP,125,action,0.0,0.0,0.0945,5,1782055086894889837,64
R01,ROS_TCP,126,action,0.0,0.0,0.0912,2,1782055086950598282,65
R01,ROS_TCP,127,action,0.0,0.0,0.0907,1,1782055087005946350,66
R01,ROS_TCP,128,action,0.0,0.0,0.088,2,1782055087064307472,66
R01,ROS_TCP,129,action,0.0,0.0,0.0886,5,1782055087118246928,73
R01,ROS_TCP,130,action,0.0,0.0,0.0837,5,1782055087171988673,64
R01,ROS_TCP,131,action,0.0,0.0,0.0846,4,1782055087227528217,65
R01,ROS_TCP,132,action,0.0,0.0,0.082,3,1782055087283641660,69
R01,ROS_TCP,133,action,0.0,0.0,0.1037,1,1782055087340018359,69
R01,ROS_TCP,134,action,0.0,0.0,0.0948,4,1782055087395724098,68
R01,ROS_TCP,135,action,0.0,0.0,0.0834,5,1782055087449706715,70
R01,ROS_TCP,136,action,0.0,0.0,0.0917,4,1782055087506678366,75
R01,ROS_TCP,137,action,0.0,0.0,0.0832,5,1782055087562650488,71
R01,ROS_TCP,138,stop,0.0,0.0,0.0,0,1782055087618771225,58
R01,ROS_TCP,139,stop,0.0,0.0,0.0,0,1782055087673581424,66
R01,ROS_TCP,140,stop,0.0,0.0,0.0,0,1782055087729852124,62
R01,ROS_TCP,141,stop,0.0,0.0,0.0,0,1782055087786390040,60
R01,ROS_TCP,142,stop,0.0,0.0,0.0,0,1782055087841760475,63
R01,ROS_TCP,143,stop,0.0,0.0,0.0,0,1782055087897084014,67
R01,ROS_TCP,144,stop,0.0,0.0,0.0,0,1782055087950651788,64
R01,ROS_TCP,145,stop,0.0,0.0,0.0,0,1782055088005965224,62
R01,ROS_TCP,146,stop,0.0,0.0,0.0,0,1782055088061199265,68
R01,ROS_TCP,147,stop,0.0,0.0,0.0,0,1782055088117689174,66
R01,ROS_TCP,148,stop,0.0,0.0,0.0,0,1782055088171665344,61
R01,ROS_TCP,149,stop,0.0,0.0,0.0,0,1782055088227857739,58
R01,ROS_TCP,150,stop,0.0,0.0,0.0,0,1782055088283339627,69
R01,ROS_TCP,151,stop,0.0,0.0,0.0,0,1782055088339839227,61
R01,ROS_TCP,152,stop,0.0,0.0,0.0,0,1782055088396198434,66
R01,ROS_TCP,153,stop,0.0,0.0,0.0,0,1782055088450265629,63
R01,ROS_TCP,154,stop,0.0,0.0,0.0,0,1782055088506012379,60
R01,ROS_TCP,155,stop,0.0,0.0,0.0,0,1782055088562174880,58
R01,ROS_TCP,156,stop,0.0,0.0,0.0,0,1782055088615843822,58
R01,ROS_TCP,157,stop,0.0,0.0,0.0,0,1782055088671017097,60
R01,ROS_TCP,158,stop,0.0,0.0,0.0,0,1782055088726589177,62
R01,ROS_TCP,159,stop,0.0,0.0,0.0,0,1782055088781821016,66
R01,ROS_TCP,160,stop,0.0,0.0,0.0,0,1782055088838352816,66
R01,ROS_TCP,161,stop,0.0,0.0,0.0,0,1782055088893054946,61
R01,ROS_TCP,162,stop,0.0,0.0,0.0,0,1782055088948288125,62
R01,ROS_TCP,163,stop,0.0,0.0,0.0,0,1782055089003187808,66
R01,ROS_TCP,164,stop,0.0,0.0,0.0,0,1782055089058334848,67
R01,ROS_TCP,165,stop,0.0,0.0,0.0,0,1782055089114325887,61
R01,ROS_TCP,166,stop,0.0,0.0,0.0,0,1782055089171506663,61
R01,ROS_TCP,167,stop,0.0,0.0,0.0,0,1782055089224005621,64
R01,ROS_TCP,168,stop,0.0,0.0,0.0,0,1782055089281955814,67
R01,ROS_TCP,169,stop,0.0,0.0,0.0,0,1782055089337721145,63
R01,ROS_TCP,170,stop,0.0,0.0,0.0,0,1782055089392607921,62
R01,ROS_TCP,171,stop,0.0,0.0,0.0,0,1782055089448993675,59
R01,ROS_TCP,172,stop,0.0,0.0,0.0,0,1782055089504301090,58
R01,ROS_TCP,173,stop,0.0,0.0,0.0,0,1782055089560009038,67
R01,ROS_TCP,174,stop,0.0,0.0,0.0,0,1782055089614378258,59
R01,ROS_TCP,175,stop,0.0,0.0,0.0,0,1782055089668196436,60
R01,ROS_TCP,176,stop,0.0,0.0,0.0,0,1782055089724863939,63
R01,ROS_TCP,177,stop,0.0,0.0,0.0,0,1782055089780955592,65
R01,ROS_TCP,178,stop,0.0,0.0,0.0,0,1782055089837361969,69
R01,ROS_TCP,179,stop,0.0,0.0,0.0,0,1782055089890620752,59
R01,ROS_TCP,180,stop,0.0,0.0,0.0,0,1782055089945969314,66
R01,ROS_TCP,181,action,0.0,0.0,0.1626,1,1782055090001273842,65
R01,ROS_TCP,182,action,0.0,0.0,0.1638,2,1782055090057143584,64
R01,ROS_TCP,183,action,0.0,0.0,0.1628,3,1782055090111919504,74
R01,ROS_TCP,184,action,0.0,0.0,0.1522,5,1782055090168776962,64
R01,ROS_TCP,185,action,0.0,0.0,0.1635,2,1782055090222994796,69
R01,ROS_TCP,186,action,0.0,0.0,0.1636,2,1782055090278668723,68
R01,ROS_TCP,187,action,0.0,0.0,0.1517,5,1782055090334263201,75
R01,ROS_TCP,188,action,0.0,0.0,0.1458,5,1782055090389704963,65
R01,ROS_TCP,189,action,0.0,0.0,0.1543,3,1782055090443190025,69
R01,ROS_TCP,190,action,0.0,0.0,0.165,4,1782055090499012375,73
R01,ROS_TCP,191,action,0.0,0.0,0.144,4,1782055090554132328,66
R01,ROS_TCP,192,action,0.0,0.0,0.1586,4,1782055090611403846,65
R01,ROS_TCP,193,action,0.0,0.0,0.1565,5,1782055090665267549,67
R01,ROS_TCP,194,action,0.0,0.0,0.1632,5,1782055090721626727,73
R01,ROS_TCP,195,action,0.0,0.0,0.1562,4,1782055090777548416,72
R01,ROS_TCP,196,action,0.0,0.0,0.1559,3,1782055090831332805,71
R01,ROS_TCP,197,action,0.0,0.0,0.1591,5,1782055090888459106,73
R01,ROS_TCP,198,action,0.0,0.0,0.1645,5,1782055090942026384,74
R01,ROS_TCP,199,action,0.0,0.0,0.1597,1,1782055090997796579,72
R01,ROS_TCP,200,action,0.0,0.0,0.1502,1,1782055091053479566,64
R01,ROS_TCP,201,action,0.0,0.0,0.165,3,1782055091109155388,70
R01,ROS_TCP,202,action,0.0,0.0,0.1612,2,1782055091166372026,74
R01,ROS_TCP,203,action,0.0,0.0,0.161,1,1782055091222671850,65
R01,ROS_TCP,204,action,0.0,0.0,0.1565,5,1782055091277005291,73
R01,ROS_TCP,205,action,0.0,0.0,0.159,4,1782055091332586614,71
R01,ROS_TCP,206,action,0.0,0.0,0.144,2,1782055091389487640,71
R01,ROS_TCP,207,action,0.0,0.0,0.161,1,1782055091443866837,73
R01,ROS_TCP,208,action,0.0,0.0,0.1572,3,1782055091500339861,74
R01,ROS_TCP,209,action,0.0,0.0,0.153,4,1782055091555173061,70
R01,ROS_TCP,210,action,0.0,0.0,0.1547,5,1782055091611619364,72
R01,ROS_TCP,211,action,0.0,0.0,0.1572,3,1782055091667228166,64
R01,ROS_TCP,212,action,0.0,0.0,0.143,3,1782055091722648321,71
R01,ROS_TCP,213,action,0.0,0.0,0.1514,3,1782055091779628474,74
R01,ROS_TCP,214,action,0.0,0.0,0.1546,3,1782055091834744128,74
R01,ROS_TCP,215,action,0.0,0.0,0.1515,2,1782055091888663186,72
R01,ROS_TCP,216,action,0.0,0.0,0.1564,1,1782055091944941873,74
R01,ROS_TCP,217,action,0.0,0.0,0.1586,5,1782055091998879958,75
R01,ROS_TCP,218,action,0.0,0.0,0.1575,2,1782055092055040210,75
R01,ROS_TCP,219,action,0.0,0.0,0.1546,1,1782055092111564570,71
R01,ROS_TCP,220,action,0.0,0.0,0.1723,5,1782055092167107604,72
R01,ROS_TCP,221,action,0.0,0.0,0.1482,1,1782055092222357713,70
R01,ROS_TCP,222,action,0.0,0.0,0.1635,3,1782055092278244873,68
R01,ROS_TCP,223,action,0.0,0.0,0.1612,3,1782055092333123481,65
R01,ROS_TCP,224,action,0.0,0.0,0.1473,1,1782055092389706523,73
R01,ROS_TCP,225,velocity,0.1108,0.0,0.0,0,1782055092445166535,79
R01,ROS_TCP,226,velocity,0.1144,0.0,0.0,0,1782055092500385451,77
R01,ROS_TCP,227,velocity,0.113,0.0,0.0,0,1782055092557079953,78
R01,ROS_TCP,228,velocity,0.1051,0.0,0.0,0,1782055092612637051,82
R01,ROS_TCP,229,velocity,0.1092,0.0,0.0,0,1782055092667681042,72
R01,ROS_TCP,230,velocity,0.1114,0.0,0.0,0,1782055092723547213,77
R01,ROS_TCP,231,velocity,0.1085,0.0,0.0,0,1782055092780652893,78
R01,ROS_TCP,232,velocity,0.1061,0.0,0.0,0,1782055092836398576,73
R01,ROS_TCP,233,velocity,0.11,0.0,0.0,0,1782055092890224655,81
R01,ROS_TCP,234,velocity,0.1143,0.0,0.0,0,1782055092946709644,73
R01,ROS_TCP,235,velocity,0.1066,0.0,0.0,0,1782055093001348208,81
R01,ROS_TCP,236,velocity,0.1135,0.0,0.0,0,1782055093058220415,74
R01,ROS_TCP,237,velocity,0.1131,0.0,0.0,0,1782055093112498178,78
R01,ROS_TCP,238,velocity,0.1075,0.0,0.0,0,1782055093166296058,80
R01,ROS_TCP,239,velocity,0.1138,0.0,0.0,0,1782055093221939778,73
R01,ROS_TCP,240,velocity,0.1198,0.0,0.0,0,1782055093278578682,83
R01,ROS_TCP,241,velocity,0.1062,0.0,0.0,0,1782055093334609979,83
R01,ROS_TCP,242,velocity,0.1128,0.0,0.0,0,1782055093389899699,78
R01,ROS_TCP,243,velocity,0.1105,0.0,0.0,0,1782055093445879355,74
R01,ROS_TCP,244,velocity,0.1128,0.0,0.0,0,1782055093502347301,78
R01,ROS_TCP,245,velocity,0.1131,0.0,0.0,0,1782055093555833497,80
R01,ROS_TCP,246,velocity,0.1128,0.0,0.0,0,1782055093611948382,75
R01,ROS_TCP,247,velocity,0.103,0.0,0.0,0,1782055093668974483,73
R01,ROS_TCP,248,velocity,0.1127,0.0,0.0,0,1782055093724968448,82
R01,ROS_TCP,249,velocity,0.1106,0.0,0.0,0,1782055093778776836,81
R01,ROS_TCP,250,velocity,0.1121,0.0,0.0,0,1782055093834197271,83
R01,ROS_TCP,251,velocity,0.1071,0.0,0.0,0,1782055093888888944,74
R01,ROS_TCP,252,velocity,0.1111,0.0,0.0,0,1782055093945844773,72
R01,ROS_TCP,253,velocity,0.113,0.0,0.0,0,1782055094001673832,75
R01,ROS_TCP,254,velocity,0.1207,0.0,0.0,0,1782055094055720901,79
R01,ROS_TCP,255,velocity,0.1166,0.0,0.0,0,1782055094112630853,73
R01,ROS_TCP,256,velocity,0.1215,0.0,0.0,0,1782055094169688144,74
R01,ROS_TCP,257,velocity,0.1134,0.0,0.0,0,1782055094225884756,81
R01,ROS_TCP,258,velocity,0.1146,0.0,0.0,0,1782055094280409033,74
R01,ROS_TCP,259,velocity,0.1184,0.0,0.0,0,1782055094337484023,83
R01,ROS_TCP,260,velocity,0.1156,0.0,0.0,0,1782055094393515799,80
R01,ROS_TCP,261,velocity,0.113,0.0,0.0,0,1782055094447782669,74
R01,ROS_TCP,262,velocity,0.1107,0.0,0.0,0,1782055094504354819,83
R01,ROS_TCP,263,velocity,0.1183,0.0,0.0,0,1782055094560764365,83
R01,ROS_TCP,264,velocity,0.1215,0.0,0.0,0,1782055094616466628,81
R01,ROS_TCP,265,velocity,0.1126,0.0,0.0,0,1782055094671316876,83
R01,ROS_TCP,266,velocity,0.1241,0.0,0.0,0,1782055094725875709,80
R01,ROS_TCP,267,velocity,0.1115,0.0,0.0,0,1782055094783434418,83
R01,ROS_TCP,268,velocity,0.1135,0.0,0.0,0,1782055094839120648,83
R01,ROS_TCP,269,velocity,0.115,0.0,0.0,0,1782055094893641101,82
R01,ROS_TCP,270,velocity,0.1136,0.0,0.0,0,1782055094950116552,74
R01,ROS_TCP,271,velocity,0.1227,0.0,0.0,0,1782055095006673899,77
R01,ROS_TCP,272,velocity,0.1194,0.0,0.0,0,1782055095061364081,77
R01,ROS_TCP,273,velocity,0.1155,0.0,0.0,0,1782055095118160650,72
R01,ROS_TCP,274,velocity,0.1104,0.0,0.0,0,1782055095171250738,72
R01,ROS_TCP,275,velocity,0.1141,0.0,0.0,0,1782055095228066713,77
R01,ROS_TCP,276,velocity,0.1173,0.0,0.0,0,1782055095282980946,77
R01,ROS_TCP,277,velocity,0.1139,0.0,0.0,0,1782055095339135466,76
R01,ROS_TCP,278,velocity,0.1119,0.0,0.0,0,1782055095393461137,83
R01,ROS_TCP,279,velocity,0.1118,0.0,0.0,0,1782055095448875022,80
R01,ROS_TCP,280,velocity,0.1068,0.0,0.0,0,1782055095505520733,76
R01,ROS_TCP,281,velocity,0.2029,0.0,0.1151,0,1782055095558464803,76
R01,ROS_TCP,282,velocity,0.185,0.0,0.1146,0,1782055095614719990,73
R01,ROS_TCP,283,velocity,0.1865,0.0,0.1108,0,1782055095672410571,75
R01,ROS_TCP,284,velocity,0.1901,0.0,0.1107,0,1782055095726911691,72
R01,ROS_TCP,285,velocity,0.1937,0.0,0.111,0,1782055095782094379,75
R01,ROS_TCP,286,velocity,0.1973,0.0,0.1195,0,1782055095837206281,78
R01,ROS_TCP,287,velocity,0.196,0.0,0.1149,0,1782055095891128530,82
R01,ROS_TCP,288,velocity,0.1997,0.0,0.1081,0,1782055095947706296,80
R01,ROS_TCP,289,velocity,0.2006,0.0,0.1048,0,1782055096000967453,75
R01,ROS_TCP,290,velocity,0.2001,0.0,0.1172,0,1782055096058565900,83
R01,ROS_TCP,291,velocity,0.19,0.0,0.1145,0,1782055096112396210,82
R01,ROS_TCP,292,velocity,0.1952,0.0,0.1178,0,1782055096169029939,77
R01,ROS_TCP,293,velocity,0.1921,0.0,0.118,0,1782055096225956600,83
R01,ROS_TCP,294,velocity,0.1945,0.0,0.1189,0,1782055096279583030,80
R01,ROS_TCP,295,velocity,0.1832,0.0,0.1165,0,1782055096336379024,74
R01,ROS_TCP,296,velocity,0.1983,0.0,0.1071,0,1782055096390355237,83
R01,ROS_TCP,297,velocity,0.201,0.0,0.1212,0,1782055096447673032,83
R01,ROS_TCP,298,velocity,0.1916,0.0,0.1114,0,1782055096502680957,79
R01,ROS_TCP,299,velocity,0.194,0.0,0.1154,0,1782055096558462387,76
R01,ROS_TCP,300,velocity,0.1978,0.0,0.1214,0,1782055096613116530,80
R01,ROS_TCP,301,velocity,0.1949,0.0,0.117,0,1782055096669563109,77
R01,ROS_TCP,302,velocity,0.196,0.0,0.1252,0,1782055096725425538,73
R01,ROS_TCP,303,velocity,0.189,0.0,0.112,0,1782055096779269108,78
R01,ROS_TCP,304,velocity,0.2013,0.0,0.1139,0,1782055096836270564,80
R01,ROS_TCP,305,velocity,0.1954,0.0,0.1146,0,1782055096891258838,78
R01,ROS_TCP,306,velocity,0.1997,0.0,0.1171,0,1782055096947207119,76
R01,ROS_TCP,307,velocity,0.1899,0.0,0.1116,0,1782055097002994142,72
R01,ROS_TCP,308,velocity,0.1937,0.0,0.1203,0,1782055097058950186,75
R01,ROS_TCP,309,velocity,0.1961,0.0,0.1178,0,1782055097113421777,73
R01,ROS_TCP,310,velocity,0.1968,0.0,0.1106,0,1782055097169491498,83
R01,ROS_TCP,311,velocity,0.1934,0.0,0.1123,0,1782055097223273905,78
R01,ROS_TCP,312,velocity,0.1939,0.0,0.111,0,1782055097280795204,77
R01,ROS_TCP,313,velocity,0.1902,0.0,0.109,0,1782055097335358242,72
R01,ROS_TCP,314,velocity,0.1899,0.0,0.1162,0,1782055097390939747,80
R01,ROS_TCP,315,velocity,0.1943,0.0,0.1099,0,1782055097446489382,81
R01,ROS_TCP,316,velocity,0.1956,0.0,0.1148,0,1782055097500463312,77
R01,ROS_TCP,317,velocity,0.1934,0.0,0.1191,0,1782055097557729972,72
R01,ROS_TCP,318,velocity,0.1913,0.0,0.1088,0,1782055097613251146,76
R01,ROS_TCP,319,velocity,0.1915,0.0,0.1102,0,1782055097670371809,82
R01,ROS_TCP,320,velocity,0.198,0.0,0.1069,0,1782055097724841069,75
R01,ROS_TCP,321,velocity,0.1889,0.0,0.1117,0,1782055097780051116,83
R01,ROS_TCP,322,velocity,0.1945,0.0,0.1186,0,1782055097834726387,81
R01,ROS_TCP,323,velocity,0.193,0.0,0.1214,0,1782055097892535963,77
R01,ROS_TCP,324,velocity,0.1956,0.0,0.1198,0,1782055097947379006,75
R01,ROS_TCP,325,velocity,0.1945,0.0,0.107,0,1782055098002154521,83
R01,ROS_TCP,326,velocity,0.1928,0.0,0.1182,0,1782055098057935785,82
R01,ROS_TCP,327,velocity,0.1973,0.0,0.1082,0,1782055098113875390,79
R01,ROS_TCP,328,velocity,0.1965,0.0,0.1112,0,1782055098170457154,76
R01,ROS_TCP,329,velocity,0.1957,0.0,0.1109,0,1782055098227316610,81
R01,ROS_TCP,330,velocity,0.1917,0.0,0.1097,0,1782055098282151479,81
R01,ROS_TCP,331,velocity,0.1929,0.0,0.1113,0,1782055098338261837,75
R01,ROS_TCP,332,velocity,0.1959,0.0,0.1062,0,1782055098393595922,73
R01,ROS_TCP,333,velocity,0.1942,0.0,0.119,0,1782055098450764869,82
R01,ROS_TCP,334,velocity,0.1365,0.0,0.0,0,1782055098505938755,79
R01,ROS_TCP,335,velocity,0.1432,0.0,0.0,0,1782055098561944543,75
R01,ROS_TCP,336,velocity,0.1359,0.0,0.0,0,1782055098616779056,72
R01,ROS_TCP,337,velocity,0.1411,0.0,0.0,0,1782055098670317747,79
R01,ROS_TCP,338,velocity,0.1312,0.0,0.0,0,1782055098724769212,75
R01,ROS_TCP,339,velocity,0.144,0.0,0.0,0,1782055098782132013,75
R01,ROS_TCP,340,velocity,0.1393,0.0,0.0,0,1782055098837542346,82
R01,ROS_TCP,341,velocity,0.1391,0.0,0.0,0,1782055098891249930,73
R01,ROS_TCP,342,velocity,0.1453,0.0,0.0,0,1782055098947739210,72
R01,ROS_TCP,343,velocity,0.1418,0.0,0.0,0,1782055099004396280,73
R01,ROS_TCP,344,velocity,0.1387,0.0,0.0,0,1782055099058438036,76
R01,ROS_TCP,345,velocity,0.1375,0.0,0.0,0,1782055099115463051,82
R01,ROS_TCP,346,velocity,0.1419,0.0,0.0,0,1782055099170291458,81
R01,ROS_TCP,347,velocity,0.1425,0.0,0.0,0,1782055099226554504,83
R01,ROS_TCP,348,velocity,0.1319,0.0,0.0,0,1782055099281915994,78
R01,ROS_TCP,349,velocity,0.1455,0.0,0.0,0,1782055099338870570,79
R01,ROS_TCP,350,velocity,0.1446,0.0,0.0,0,1782055099391598074,80
R01,ROS_TCP,351,velocity,0.137,0.0,0.0,0,1782055099448262797,75
R01,ROS_TCP,352,velocity,0.1387,0.0,0.0,0,1782055099501695324,79
R01,ROS_TCP,353,velocity,0.1401,0.0,0.0,0,1782055099558644597,79
R01,ROS_TCP,354,velocity,0.1443,0.0,0.0,0,1782055099614672586,75
R01,ROS_TCP,355,velocity,0.139,0.0,0.0,0,1782055099669897369,82
R01,ROS_TCP,356,velocity,0.1412,0.0,0.0,0,1782055099726150748,81
R01,ROS_TCP,357,velocity,0.1443,0.0,0.0,0,1782055099782930589,78
R01,ROS_TCP,358,velocity,0.1402,0.0,0.0,0,1782055099838809728,73
R01,ROS_TCP,359,velocity,0.1407,0.0,0.0,0,1782055099893261966,72
R01,ROS_TCP,360,velocity,0.1409,0.0,0.0,0,1782055099949356965,82
R01,ROS_TCP,361,velocity,0.1479,0.0,0.0,0,1782055100004180296,80
R01,ROS_TCP,362,velocity,0.1377,0.0,0.0,0,1782055100060973207,79
R01,ROS_TCP,363,action,0.0,0.0,0.2011,5,1782055100114912266,67
R01,ROS_TCP,364,action,0.0,0.0,0.1928,5,1782055100171223834,75
R01,ROS_TCP,365,action,0.0,0.0,0.1994,5,1782055100226086115,70
R01,ROS_TCP,366,action,0.0,0.0,0.2088,2,1782055100282433764,75
R01,ROS_TCP,367,action,0.0,0.0,0.2093,4,1782055100336648834,75
R01,ROS_TCP,368,action,0.0,0.0,0.2085,4,1782055100393254054,71
R01,ROS_TCP,369,action,0.0,0.0,0.2029,4,1782055100448291107,73
R01,ROS_TCP,370,action,0.0,0.0,0.2075,5,1782055100503907254,65
R01,ROS_TCP,371,action,0.0,0.0,0.2186,2,1782055100559204931,69
R01,ROS_TCP,372,action,0.0,0.0,0.215,1,1782055100615646457,66
R01,ROS_TCP,373,action,0.0,0.0,0.2071,3,1782055100672064587,73
R01,ROS_TCP,374,action,0.0,0.0,0.2086,3,1782055100726637872,66
R01,ROS_TCP,375,action,0.0,0.0,0.2017,5,1782055100784262062,72
R01,ROS_TCP,376,action,0.0,0.0,0.2108,3,1782055100837646977,71
R01,ROS_TCP,377,action,0.0,0.0,0.2124,3,1782055100894475892,64
R01,ROS_TCP,378,action,0.0,0.0,0.2093,4,1782055100949999030,65
R01,ROS_TCP,379,action,0.0,0.0,0.2075,3,1782055101004082387,65
R01,ROS_TCP,380,action,0.0,0.0,0.2115,3,1782055101060590107,68
R01,ROS_TCP,381,action,0.0,0.0,0.2062,3,1782055101114868913,71
R01,ROS_TCP,382,action,0.0,0.0,0.2095,3,1782055101172506503,66
R01,ROS_TCP,383,stop,0.0,0.0,0.0,0,1782055101225620967,60
R01,ROS_TCP,384,stop,0.0,0.0,0.0,0,1782055101279487953,60
R01,ROS_TCP,385,stop,0.0,0.0,0.0,0,1782055101335743283,66
R01,ROS_TCP,386,stop,0.0,0.0,0.0,0,1782055101391959322,62
R01,ROS_TCP,387,stop,0.0,0.0,0.0,0,1782055101447983805,64
R01,ROS_TCP,388,stop,0.0,0.0,0.0,0,1782055101503533006,68
R01,ROS_TCP,389,stop,0.0,0.0,0.0,0,1782055101556716886,65
R01,ROS_TCP,390,stop,0.0,0.0,0.0,0,1782055101614292891,62
R01,ROS_TCP,391,stop,0.0,0.0,0.0,0,1782055101670348603,63
R01,ROS_TCP,392,stop,0.0,0.0,0.0,0,1782055101724547130,59
R01,ROS_TCP,393,stop,0.0,0.0,0.0,0,1782055101780498845,59
R01,ROS_TCP,394,stop,0.0,0.0,0.0,0,1782055101836742609,68
R01,ROS_TCP,395,stop,0.0,0.0,0.0,0,1782055101893104785,67
R01,ROS_TCP,396,stop,0.0,0.0,0.0,0,1782055101947275849,64
R01,ROS_TCP,397,stop,0.0,0.0,0.0,0,1782055102001294685,68
R01,ROS_TCP,398,stop,0.0,0.0,0.0,0,1782055102057981455,58
R01,ROS_TCP,399,stop,0.0,0.0,0.0,0,1782055102113545956,62
R01,ROS_TCP,400,stop,0.0,0.0,0.0,0,1782055102168895887,58
R01,ROS_TCP,401,stop,0.0,0.0,0.0,0,1782055102225339159,61
R01,ROS_TCP,402,stop,0.0,0.0,0.0,0,1782055102280809879,69
R01,ROS_TCP,403,stop,0.0,0.0,0.0,0,1782055102336255959,66
R01,ROS_TCP,404,stop,0.0,0.0,0.0,0,1782055102390184861,66
R01,ROS_TCP,405,stop,0.0,0.0,0.0,0,1782055102445495963,63
R01,ROS_TCP,406,stop,0.0,0.0,0.0,0,1782055102502377086,60
R01,ROS_TCP,407,stop,0.0,0.0,0.0,0,1782055102557337203,58
R01,ROS_TCP,408,stop,0.0,0.0,0.0,0,1782055102612573185,63
R01,ROS_TCP,409,stop,0.0,0.0,0.0,0,1782055102671386506,67
R01,ROS_TCP,410,stop,0.0,0.0,0.0,0,1782055102725551003,68
R01,ROS_TCP,411,stop,0.0,0.0,0.0,0,1782055102781706166,61
R01,ROS_TCP,412,stop,0.0,0.0,0.0,0,1782055102838997414,58
R01,ROS_TCP,413,stop,0.0,0.0,0.0,0,1782055102894030257,63
R01,ROS_TCP,414,stop,0.0,0.0,0.0,0,1782055102948498115,65
R01,ROS_TCP,415,stop,0.0,0.0,0.0,0,1782055103005064521,69
R01,ROS_TCP,416,stop,0.0,0.0,0.0,0,1782055103061147398,67
R01,ROS_TCP,417,stop,0.0,0.0,0.0,0,1782055103113137872,61
R01,ROS_TCP,418,stop,0.0,0.0,0.0,0,1782055103171595543,60
R01,ROS_TCP,419,stop,0.0,0.0,0.0,0,1782055103228583492,65
R01,ROS_TCP,420,stop,0.0,0.0,0.0,0,1782055103282179981,61
R01,ROS_TCP,421,stop,0.0,0.0,0.0,0,1782055103338263042,65
R01,ROS_TCP,422,stop,0.0,0.0,0.0,0,1782055103395210595,65
R01,ROS_TCP,423,stop,0.0,0.0,0.0,0,1782055103450339861,60
R01,ROS_TCP,424,velocity,0.0,0.0,0.0427,0,1782055103504035484,73
R01,ROS_TCP,425,velocity,0.0,0.0,0.0443,0,1782055103560165080,72
R01,ROS_TCP,426,velocity,0.0,0.0,0.0405,0,1782055103613362512,72
R01,ROS_TCP,427,velocity,0.0,0.0,0.0448,0,1782055103670079429,79
R01,ROS_TCP,428,velocity,0.0,0.0,0.0408,0,1782055103726543176,83
R01,ROS_TCP,429,velocity,0.0,0.0,0.031,0,1782055103782270843,76
R01,ROS_TCP,430,velocity,0.0,0.0,0.0302,0,1782055103836175752,82
R01,ROS_TCP,431,velocity,0.0,0.0,0.0454,0,1782055103892889158,76
R01,ROS_TCP,432,velocity,0.0,0.0,0.0409,0,1782055103947662939,79
R01,ROS_TCP,433,velocity,0.0,0.0,0.0289,0,1782055104003528736,83
R01,ROS_TCP,434,velocity,0.0,0.0,0.0301,0,1782055104059100321,72
R01,ROS_TCP,435,velocity,0.0,0.0,0.0475,0,1782055104112923071,83
R01,ROS_TCP,436,velocity,0.0,0.0,0.0355,0,1782055104169418644,77
R01,ROS_TCP,437,velocity,0.0,0.0,0.0339,0,1782055104224114612,77
R01,ROS_TCP,438,velocity,0.0,0.0,0.0385,0,1782055104278825893,73
R01,ROS_TCP,439,velocity,0.0,0.0,0.0398,0,1782055104334272086,72
R01,ROS_TCP,440,velocity,0.0,0.0,0.037,0,1782055104390210020,81
R01,ROS_TCP,441,velocity,0.0,0.0,0.0438,0,1782055104445222142,82
R01,ROS_TCP,442,velocity,0.0,0.0,0.0306,0,1782055104502077252,82
R01,ROS_TCP,443,velocity,0.0,0.0,0.0455,0,1782055104557680047,78
R01,ROS_TCP,444,action,0.0,0.0,0.0542,4,1782055104612980215,66
R01,ROS_TCP,445,velocity,0.0,0.0,0.0423,0,1782055104667037699,76
R01,ROS_TCP,446,velocity,0.0,0.0,0.0331,0,1782055104723407221,77
R01,ROS_TCP,447,velocity,0.0,0.0,0.0418,0,1782055104778501370,75
R01,ROS_TCP,448,velocity,0.0,0.0,0.0334,0,1782055104837546914,78
R01,ROS_TCP,449,velocity,0.0,0.0,0.045,0,1782055104891092917,79
R01,ROS_TCP,450,velocity,0.0,0.0,0.0443,0,1782055104947033962,83
R01,ROS_TCP,451,velocity,0.0,0.0,0.0389,0,1782055105003346088,81
R01,ROS_TCP,452,velocity,0.0,0.0,0.0385,0,1782055105057482528,81
R01,ROS_TCP,453,velocity,0.0,0.0,0.0418,0,1782055105112452305,80
R01,ROS_TCP,454,velocity,0.0,0.0,0.0436,0,1782055105168766563,75
R01,ROS_TCP,455,velocity,0.0,0.0,0.0368,0,1782055105223198834,83
R01,ROS_TCP,456,velocity,0.0,0.0,0.0349,0,1782055105278867088,77
R01,ROS_TCP,457,velocity,0.0,0.0,0.0372,0,1782055105334812177,72
R01,ROS_TCP,458,velocity,0.0,0.0,0.0361,0,1782055105389241342,80
R01,ROS_TCP,459,velocity,0.0,0.0,0.0438,0,1782055105445475188,74
R01,ROS_TCP,460,velocity,0.0,0.0,0.0457,0,1782055105501102818,78
R01,ROS_TCP,461,velocity,0.0,0.0,0.0367,0,1782055105556527663,80
R01,ROS_TCP,462,velocity,0.0,0.0,0.0304,0,1782055105613627714,80
R01,ROS_TCP,463,velocity,0.0,0.0,0.0462,0,1782055105669605737,74
R01,ROS_TCP,464,velocity,0.0,0.0,0.0348,0,1782055105724932260,78
R01,ROS_TCP,465,velocity,0.0,0.0,0.0333,0,1782055105778976206,72
R01,ROS_TCP,466,velocity,0.0,0.0,0.0459,0,1782055105834969432,74
R01,ROS_TCP,467,velocity,0.0,0.0,0.0355,0,1782055105890796236,72
R01,ROS_TCP,468,velocity,0.0,0.0,0.0328,0,1782055105945625493,77
R01,ROS_TCP,469,velocity,0.0,0.0,0.0442,0,1782055106001985712,82
R01,ROS_TCP,470,velocity,0.0,0.0,0.0478,0,1782055106056141518,80
R01,ROS_TCP,471,velocity,0.2439,0.0,0.0,0,1782055106112224906,79
R01,ROS_TCP,472,velocity,0.2466,0.0,0.0,0,1782055106168382259,72
R01,ROS_TCP,473,velocity,0.2475,0.0,0.0,0,1782055106223462832,73
R01,ROS_TCP,474,velocity,0.2475,0.0,0.0,0,1782055106276599422,72
R01,ROS_TCP,475,velocity,0.2436,0.0,0.0,0,1782055106335091902,78
R01,ROS_TCP,476,velocity,0.2459,0.0,0.0,0,1782055106391086012,79
R01,ROS_TCP,477,velocity,0.2423,0.0,0.0,0,1782055106446931975,72
R01,ROS_TCP,478,velocity,0.2452,0.0,0.0,0,1782055106500998767,81
R01,ROS_TCP,479,velocity,0.2411,0.0,0.0,0,1782055106557150233,78
R01,ROS_TCP,480,velocity,0.2499,0.0,0.0,0,1782055106610329803,75
R01,ROS_TCP,481,velocity,0.2428,0.0,0.0,0,1782055106668606015,76
R01,ROS_TCP,482,velocity,0.2425,0.0,0.0,0,1782055106725247706,76
R01,ROS_TCP,483,velocity,0.2437,0.0,0.0,0,1782055106779409793,80
R01,ROS_TCP,484,velocity,0.25,0.0,0.0,0,1782055106836342670,75
R01,ROS_TCP,485,velocity,0.25,0.0,0.0,0,1782055106889809223,81
R01,ROS_TCP,486,velocity,0.245,0.0,0.0,0,1782055106945910891,79
R01,ROS_TCP,487,velocity,0.25,0.0,0.0,0,1782055107000579227,73
R01,ROS_TCP,488,velocity,0.2489,0.0,0.0,0,1782055107056257673,78
R01,ROS_TCP,489,velocity,0.25,0.0,0.0,0,1782055107111488534,78
R01,ROS_TCP,490,velocity,0.2446,0.0,0.0,0,1782055107166818917,77
R01,ROS_TCP,491,action,0.0,0.0,-0.1716,5,1782055107222229266,73
R01,ROS_TCP,492,action,0.0,0.0,-0.1733,1,1782055107278002843,75
R01,ROS_TCP,493,action,0.0,0.0,-0.1687,2,1782055107336779831,71
R01,ROS_TCP,494,action,0.0,0.0,-0.1753,5,1782055107389443361,64
R01,ROS_TCP,495,action,0.0,0.0,-0.1718,2,1782055107444973335,65
R01,ROS_TCP,496,action,0.0,0.0,-0.1599,4,1782055107502237554,68
R01,ROS_TCP,497,action,0.0,0.0,-0.1664,1,1782055107556366097,64
R01,ROS_TCP,498,action,0.0,0.0,-0.1644,3,1782055107613331011,74
R01,ROS_TCP,499,action,0.0,0.0,-0.1654,2,1782055107669544568,69
R01,ROS_TCP,500,action,0.0,0.0,-0.1583,5,1782055107723465200,71
R01,ROS_TCP,501,action,0.0,0.0,-0.178,2,1782055107779047760,72
R01,ROS_TCP,502,action,0.0,0.0,-0.1694,1,1782055107836064628,74
R01,ROS_TCP,503,action,0.0,0.0,-0.1632,2,1782055107889393221,70
R01,ROS_TCP,504,action,0.0,0.0,-0.1722,3,1782055107947528078,71
R01,ROS_TCP,505,action,0.0,0.0,-0.1594,5,1782055108004527325,67
R01,ROS_TCP,506,velocity,0.1024,0.0,-0.0424,0,1782055108058682181,80
R01,ROS_TCP,507,velocity,0.0908,0.0,-0.0482,0,1782055108115239585,73
R01,ROS_TCP,508,velocity,0.0917,0.0,-0.051,0,1782055108171802509,76
R01,ROS_TCP,509,velocity,0.0886,0.0,-0.0489,0,1782055108227614053,80
R01,ROS_TCP,510,velocity,0.104,0.0,-0.0527,0,1782055108282270869,73
R01,ROS_TCP,511,velocity,0.1049,0.0,-0.0526,0,1782055108337098618,75
R01,ROS_TCP,512,velocity,0.0975,0.0,-0.0398,0,1782055108394440850,73
R01,ROS_TCP,513,velocity,0.0919,0.0,-0.0456,0,1782055108449138995,75
R01,ROS_TCP,514,velocity,0.0964,0.0,-0.0579,0,1782055108504752444,76
R01,ROS_TCP,515,velocity,0.09,0.0,-0.0561,0,1782055108560348970,77
R01,ROS_TCP,516,velocity,0.0982,0.0,-0.0446,0,1782055108615400890,72
R01,ROS_TCP,517,velocity,0.091,0.0,-0.0439,0,1782055108671537341,82
R01,ROS_TCP,518,velocity,0.0927,0.0,-0.047,0,1782055108726862506,80
R01,ROS_TCP,519,velocity,0.0989,0.0,-0.0511,0,1782055108782543631,78
R01,ROS_TCP,520,velocity,0.1025,0.0,-0.0494,0,1782055108837101346,75
R01,ROS_TCP,521,velocity,0.1011,0.0,-0.0437,0,1782055108893881759,79
R01,ROS_TCP,522,velocity,0.0902,0.0,-0.0482,0,1782055108948078487,76
R01,ROS_TCP,523,velocity,0.102,0.0,-0.0452,0,1782055109004286611,79
R01,ROS_TCP,524,velocity,0.0972,0.0,-0.0481,0,1782055109059719064,78
R01,ROS_TCP,525,velocity,0.1013,0.0,-0.0433,0,1782055109115424844,79
R01,ROS_TCP,526,velocity,0.1002,0.0,-0.042,0,1782055109171235341,79
R01,ROS_TCP,527,velocity,0.0985,0.0,-0.057,0,1782055109226873675,73
R01,ROS_TCP,528,velocity,0.0935,0.0,-0.0488,0,1782055109284097658,72
R01,ROS_TCP,529,velocity,0.0957,0.0,-0.0422,0,1782055109340033386,78
R01,ROS_TCP,530,velocity,0.0925,0.0,-0.0444,0,1782055109392924125,83
R01,ROS_TCP,531,velocity,0.1018,0.0,-0.046,0,1782055109448623340,72
R01,ROS_TCP,532,velocity,0.0932,0.0,-0.0415,0,1782055109504624282,81
R01,ROS_TCP,533,velocity,0.0942,0.0,-0.0457,0,1782055109560427295,75
R01,ROS_TCP,534,velocity,0.096,0.0,-0.0424,0,1782055109614163368,79
R01,ROS_TCP,535,velocity,0.0971,0.0,-0.0462,0,1782055109670538070,76
R01,ROS_TCP,536,velocity,0.0887,0.0,-0.047,0,1782055109726339063,75
R01,ROS_TCP,537,velocity,0.1021,0.0,-0.0474,0,1782055109779420305,78
R01,ROS_TCP,538,velocity,0.0888,0.0,-0.045,0,1782055109836103583,76
R01,ROS_TCP,539,velocity,0.0983,0.0,-0.0497,0,1782055109892068749,82
R01,ROS_TCP,540,velocity,0.0906,0.0,-0.0418,0,1782055109947807979,72
R01,ROS_TCP,541,velocity,0.0999,0.0,-0.0458,0,1782055110004000329,74
R01,ROS_TCP,542,velocity,0.1043,0.0,-0.0519,0,1782055110058465574,77
R01,ROS_TCP,543,velocity,0.0957,0.0,-0.0468,0,1782055110114692986,76
R01,ROS_TCP,544,velocity,0.0914,0.0,-0.0502,0,1782055110169363664,76
R01,ROS_TCP,545,velocity,0.0934,0.0,-0.0506,0,1782055110225899552,83
R01,ROS_TCP,546,velocity,0.0948,0.0,-0.0415,0,1782055110282292637,81
R01,ROS_TCP,547,velocity,0.093,0.0,-0.0482,0,1782055110338631949,74
R01,ROS_TCP,548,velocity,0.0949,0.0,-0.0466,0,1782055110395933463,80
R01,ROS_TCP,549,velocity,0.0907,0.0,-0.0491,0,1782055110451521688,81
R01,ROS_TCP,550,velocity,0.0975,0.0,-0.0499,0,1782055110505611259,79
R01,ROS_TCP,551,velocity,0.0982,0.0,-0.0433,0,1782055110563372832,78
R01,ROS_TCP,552,velocity,0.1845,0.0,0.0,0,1782055110615712084,74
R01,ROS_TCP,553,velocity,0.1814,0.0,0.0,0,1782055110674660101,74
R01,ROS_TCP,554,velocity,0.18,0.0,0.0,0,1782055110729579320,79
R01,ROS_TCP,555,velocity,0.1823,0.0,0.0,0,1782055110785361518,76
R01,ROS_TCP,556,velocity,0.173,0.0,0.0,0,1782055110840813157,73
R01,ROS_TCP,557,velocity,0.1861,0.0,0.0,0,1782055110895642668,77
R01,ROS_TCP,558,velocity,0.1794,0.0,0.0,0,1782055110952471406,83
R01,ROS_TCP,559,velocity,0.1818,0.0,0.0,0,1782055111008459936,83
R01,ROS_TCP,560,velocity,0.175,0.0,0.0,0,1782055111061826164,75
R01,ROS_TCP,561,velocity,0.1848,0.0,0.0,0,1782055111116906793,83
R01,ROS_TCP,562,velocity,0.1763,0.0,0.0,0,1782055111172784087,83
R01,ROS_TCP,563,velocity,0.1798,0.0,0.0,0,1782055111227532777,82
R01,ROS_TCP,564,velocity,0.1766,0.0,0.0,0,1782055111284349028,78
R01,ROS_TCP,565,velocity,0.1849,0.0,0.0,0,1782055111338713449,79
R01,ROS_TCP,566,velocity,0.1741,0.0,0.0,0,1782055111395282469,76
R01,ROS_TCP,567,velocity,0.1752,0.0,0.0,0,1782055111451082797,80
R01,ROS_TCP,568,velocity,0.1851,0.0,0.0,0,1782055111505969736,74
R01,ROS_TCP,569,velocity,0.1777,0.0,0.0,0,1782055111558967248,82
R01,ROS_TCP,570,velocity,0.1738,0.0,0.0,0,1782055111616954414,80
R01,ROS_TCP,571,velocity,0.1853,0.0,0.0,0,1782055111671356742,83
R01,ROS_TCP,572,velocity,0.1842,0.0,0.0,0,1782055111728473014,83
R01,ROS_TCP,573,velocity,0.173,0.0,0.0,0,1782055111785014079,82
R01,ROS_TCP,574,velocity,0.1793,0.0,0.0,0,1782055111839787856,72
R01,ROS_TCP,575,velocity,0.1733,0.0,0.0,0,1782055111895130065,83
R01,ROS_TCP,576,velocity,0.1852,0.0,0.0,0,1782055111951775371,79
R01,ROS_TCP,577,velocity,0.1758,0.0,0.0,0,1782055112007477568,72
R01,ROS_TCP,578,velocity,0.1741,0.0,0.0,0,1782055112061902807,76
R01,ROS_TCP,579,velocity,0.1759,0.0,0.0,0,1782055112116801766,79
R01,ROS_TCP,580,velocity,0.1814,0.0,0.0,0,1782055112172852348,74
R01,ROS_TCP,581,velocity,0.1809,0.0,0.0,0,1782055112229122265,76
R01,ROS_TCP,582,velocity,0.1819,0.0,0.0,0,1782055112284516021,79
R01,ROS_TCP,583,velocity,0.1786,0.0,0.0,0,1782055112339068941,74
R01,ROS_TCP,584,velocity,0.1813,0.0,0.0,0,1782055112394057981,78
R01,ROS_TCP,585,velocity,0.1745,0.0,0.0,0,1782055112448670198,76
R01,ROS_TCP,586,velocity,0.1712,0.0,0.0,0,1782055112504978195,73
R01,ROS_TCP,587,velocity,0.1824,0.0,0.0,0,1782055112560485490,74
R01,ROS_TCP,588,velocity,0.0562,0.0,-0.0573,0,1782055112615334458,75
R01,ROS_TCP,589,velocity,0.0471,0.0,-0.0615,0,1782055112672121415,82
R01,ROS_TCP,590,velocity,0.0518,0.0,-0.0568,0,1782055112728021604,80
R01,ROS_TCP,591,velocity,0.0573,0.0,-0.0588,0,1782055112783915962,74
R01,ROS_TCP,592,velocity,0.0573,0.0,-0.056,0,1782055112839848564,78
R01,ROS_TCP,593,velocity,0.0552,0.0,-0.0541,0,1782055112894643529,74
R01,ROS_TCP,594,velocity,0.0464,0.0,-0.0658,0,1782055112949380193,80
R01,ROS_TCP,595,velocity,0.0514,0.0,-0.0446,0,1782055113004821702,83
R01,ROS_TCP,596,velocity,0.056,0.0,-0.0553,0,1782055113062547071,79
R01,ROS_TCP,597,velocity,0.0522,0.0,-0.0501,0,1782055113116159858,82
R01,ROS_TCP,598,velocity,0.0601,0.0,-0.0585,0,1782055113172193028,77
R01,ROS_TCP,599,velocity,0.053,0.0,-0.0531,0,1782055113228288339,82
R01,ROS_TCP,600,velocity,0.0487,0.0,-0.0579,0,1782055113282048873,83
R01,ROS_TCP,601,velocity,0.0635,0.0,-0.0523,0,1782055113337677724,74
R01,ROS_TCP,602,velocity,0.0553,0.0,-0.0534,0,1782055113391867407,76
R01,ROS_TCP,603,velocity,0.0516,0.0,-0.0512,0,1782055113449991126,78
R01,ROS_TCP,604,velocity,0.0546,0.0,-0.0511,0,1782055113506647261,73
R01,ROS_TCP,605,velocity,0.0606,0.0,-0.0605,0,1782055113559864051,74
R01,ROS_TCP,606,velocity,0.0564,0.0,-0.061,0,1782055113615759385,79
R01,ROS_TCP,607,velocity,0.0557,0.0,-0.0609,0,1782055113672749714,80
R01,ROS_TCP,608,velocity,0.0514,0.0,-0.0546,0,1782055113727858219,79
R01,ROS_TCP,609,velocity,0.054,0.0,-0.0539,0,1782055113782397718,72
R01,ROS_TCP,610,velocity,0.0534,0.0,-0.0549,0,1782055113839647038,83
R01,ROS_TCP,611,velocity,0.0467,0.0,-0.0633,0,1782055113895095225,76
R01,ROS_TCP,612,velocity,0.054,0.0,-0.064,0,1782055113950223407,81
R01,ROS_TCP,613,velocity,0.0506,0.0,-0.0646,0,1782055114004980524,74
R01,ROS_TCP,614,velocity,0.0492,0.0,-0.0538,0,1782055114059991665,83
R01,ROS_TCP,615,velocity,0.0519,0.0,-0.0599,0,1782055114115015880,73
R01,ROS_TCP,616,velocity,0.049,0.0,-0.0427,0,1782055114170984812,80
R01,ROS_TCP,617,velocity,0.0554,0.0,0.0,0,1782055114225365076,83
R01,ROS_TCP,618,velocity,0.0669,0.0,0.0,0,1782055114282759128,79
R01,ROS_TCP,619,velocity,0.0672,0.0,0.0,0,1782055114336832060,81
R01,ROS_TCP,620,velocity,0.055,0.0,0.0,0,1782055114391831771,78
R01,ROS_TCP,621,velocity,0.0621,0.0,0.0,0,1782055114449214905,77
R01,ROS_TCP,622,velocity,0.0614,0.0,0.0,0,1782055114504244843,73
R01,ROS_TCP,623,velocity,0.0576,0.0,0.0,0,1782055114560506914,82
R01,ROS_TCP,624,velocity,0.0553,0.0,0.0,0,1782055114616223974,79
R01,ROS_TCP,625,velocity,0.0555,0.0,0.0,0,1782055114672011622,74
R01,ROS_TCP,626,velocity,0.0625,0.0,0.0,0,1782055114727451083,81
R01,ROS_TCP,627,velocity,0.0637,0.0,0.0,0,1782055114782768717,83
R01,ROS_TCP,628,velocity,0.0595,0.0,0.0,0,1782055114837846063,72
R01,ROS_TCP,629,velocity,0.0635,0.0,0.0,0,1782055114893335783,75
R01,ROS_TCP,630,velocity,0.0618,0.0,0.0,0,1782055114948824466,83
R01,ROS_TCP,631,velocity,0.0663,0.0,0.0,0,1782055115005895556,81
R01,ROS_TCP,632,velocity,0.056,0.0,0.0,0,1782055115060409078,81
R01,ROS_TCP,633,velocity,0.058,0.0,0.0,0,1782055115115704723,82
R01,ROS_TCP,634,velocity,0.061,0.0,0.0,0,1782055115170153159,77
R01,ROS_TCP,635,velocity,0.0576,0.0,0.0,0,1782055115226186803,73
R01,ROS_TCP,636,velocity,0.0492,0.0,0.0074,0,1782055115282884533,73
R01,ROS_TCP,637,velocity,0.0501,0.0,0.0129,0,1782055115339551725,79
R01,ROS_TCP,638,velocity,0.0532,0.0,0.0099,0,1782055115393272660,78
R01,ROS_TCP,639,velocity,0.057,0.0,0.0256,0,1782055115450643096,72
R01,ROS_TCP,640,velocity,0.048,0.0,0.0136,0,1782055115505354972,72
R01,ROS_TCP,641,velocity,0.0503,0.0,0.0096,0,1782055115562565794,77
R01,ROS_TCP,642,velocity,0.0549,0.0,0.0197,0,1782055115615380805,73
R01,ROS_TCP,643,velocity,0.0493,0.0,0.0157,0,1782055115672176921,72
R01,ROS_TCP,644,velocity,0.054,0.0,0.0047,0,1782055115727505432,74
R01,ROS_TCP,645,velocity,0.0563,0.0,0.0139,0,1782055115785221156,81
R01,ROS_TCP,646,velocity,0.0496,0.0,0.0195,0,1782055115839717771,78
R01,ROS_TCP,647,velocity,0.0543,0.0,0.0232,0,1782055115897111150,74
R01,ROS_TCP,648,velocity,0.0514,0.0,0.0067,0,1782055115951307090,73
R01,ROS_TCP,649,velocity,0.0507,0.0,0.0286,0,1782055116008097174,79
R01,ROS_TCP,650,velocity,0.0531,0.0,0.0187,0,1782055116063360044,82
R01,ROS_TCP,651,velocity,0.0519,0.0,0.0158,0,1782055116118327134,79
R01,ROS_TCP,652,velocity,0.0462,0.0,0.0137,0,1782055116175252343,81
R01,ROS_TCP,653,velocity,0.0577,0.0,0.0095,0,1782055116229140431,75
R01,ROS_TCP,654,velocity,0.0608,0.0,0.0116,0,1782055116284292881,81
R01,ROS_TCP,655,velocity,0.0489,0.0,0.0085,0,1782055116339658696,73
R01,ROS_TCP,656,velocity,0.0616,0.0,0.0145,0,1782055116396046057,82
R01,ROS_TCP,657,velocity,0.0577,0.0,0.0231,0,1782055116450935016,75
R01,ROS_TCP,658,velocity,0.0399,0.0,0.0239,0,1782055116506021658,73
R01,ROS_TCP,659,velocity,0.0555,0.0,0.0116,0,1782055116562261846,76
R01,ROS_TCP,660,velocity,0.0502,0.0,0.0239,0,1782055116617535868,83
R01,ROS_TCP,661,velocity,0.058,0.0,0.0099,0,1782055116671810144,78
R01,ROS_TCP,662,velocity,0.0474,0.0,0.0133,0,1782055116726982325,79
R01,ROS_TCP,663,velocity,0.0517,0.0,0.0159,0,1782055116782676159,77
R01,ROS_TCP,664,velocity,0.0494,0.0,0.012,0,1782055116837925841,83
R01,ROS_TCP,665,velocity,0.045,0.0,0.0212,0,1782055116894837602,73
R01,ROS_TCP,666,velocity,0.0554,0.0,0.016,0,1782055116949208755,81
R01,ROS_TCP,667,velocity,0.0472,0.0,0.0191,0,1782055117005236224,72
R01,ROS_TCP,668,velocity,0.0571,0.0,0.0095,0,1782055117061319578,83
R01,ROS_TCP,669,velocity,0.0544,0.0,0.0256,0,1782055117115894369,75
R01,ROS_TCP,670,velocity,0.0613,0.0,0.0117,0,1782055117171948965,73
R01,ROS_TCP,671,velocity,0.0541,0.0,0.0156,0,1782055117227131205,77
R01,ROS_TCP,672,velocity,0.0587,0.0,0.0153,0,1782055117283261267,81
R01,ROS_TCP,673,velocity,0.0523,0.0,0.0177,0,1782055117337498735,72
R01,ROS_TCP,674,velocity,0.0529,0.0,0.0191,0,1782055117394109804,82
R01,ROS_TCP,675,velocity,0.0562,0.0,0.0219,0,1782055117447998305,80
R01,ROS_TCP,676,velocity,0.0545,0.0,0.0259,0,1782055117503199119,74
R01,ROS_TCP,677,velocity,0.0517,0.0,0.0102,0,1782055117560033616,75
R01,ROS_TCP,678,velocity,0.0514,0.0,0.0242,0,1782055117615741875,79
R01,ROS_TCP,679,velocity,0.0529,0.0,0.0173,0,1782055117672249882,80
R01,ROS_TCP,680,velocity,0.059,0.0,0.0145,0,1782055117726970975,77
R01,ROS_TCP,681,velocity,0.077,0.0,0.0,0,1782055117780589292,77
R01,ROS_TCP,682,velocity,0.0826,0.0,0.0,0,1782055117837604295,77
R01,ROS_TCP,683,velocity,0.0874,0.0,0.0,0,1782055117893239769,78
R01,ROS_TCP,684,velocity,0.0847,0.0,0.0,0,1782055117947372956,76
R01,ROS_TCP,685,velocity,0.085,0.0,0.0,0,1782055118001665469,77
R01,ROS_TCP,686,velocity,0.0784,0.0,0.0,0,1782055118059038879,78
R01,ROS_TCP,687,velocity,0.0781,0.0,0.0,0,1782055118116749310,72
R01,ROS_TCP,688,velocity,0.0739,0.0,0.0,0,1782055118170776410,74
R01,ROS_TCP,689,velocity,0.0796,0.0,0.0,0,1782055118227529323,72
R01,ROS_TCP,690,velocity,0.0785,0.0,0.0,0,1782055118281648621,74
R01,ROS_TCP,691,velocity,0.0791,0.0,0.0,0,1782055118337624236,79
R01,ROS_TCP,692,velocity,0.0816,0.0,0.0,0,1782055118392107031,72
R01,ROS_TCP,693,velocity,0.0742,0.0,0.0,0,1782055118448346188,79
R01,ROS_TCP,694,velocity,0.0801,0.0,0.0,0,1782055118504218997,73
R01,ROS_TCP,695,velocity,0.0834,0.0,0.0,0,1782055118559735147,78
R01,ROS_TCP,696,velocity,0.0804,0.0,0.0,0,1782055118616973731,74
R01,ROS_TCP,697,velocity,0.0822,0.0,0.0,0,1782055118671358646,75
R01,ROS_TCP,698,velocity,0.083,0.0,0.0,0,1782055118726486070,81
R01,ROS_TCP,699,velocity,0.0851,0.0,0.0,0,1782055118781755049,83
R01,ROS_TCP,700,velocity,0.0897,0.0,0.0,0,1782055118837665446,74
R01,ROS_TCP,701,velocity,0.0803,0.0,0.0,0,1782055118894381087,82
R01,ROS_TCP,702,velocity,0.0766,0.0,0.0,0,1782055118948149624,81
R01,ROS_TCP,703,velocity,0.0836,0.0,0.0,0,1782055119005220565,83
R01,ROS_TCP,704,velocity,0.0815,0.0,0.0,0,1782055119060476796,78
R01,ROS_TCP,705,velocity,0.0815,0.0,0.0,0,1782055119115660790,81
R01,ROS_TCP,706,velocity,0.0764,0.0,0.0,0,1782055119170085504,73
R01,ROS_TCP,707,velocity,0.0795,0.0,0.0,0,1782055119225502993,77
R01,ROS_TCP,708,velocity,0.0772,0.0,0.0,0,1782055119279375254,76
R01,ROS_TCP,709,velocity,0.0729,0.0,0.0,0,1782055119335865873,81
R01,ROS_TCP,710,velocity,0.0867,0.0,0.0,0,1782055119393205113,73
R01,ROS_TCP,711,velocity,0.0797,0.0,0.0,0,1782055119447096026,80
R01,ROS_TCP,712,velocity,0.0786,0.0,0.0,0,1782055119503578566,81
R01,ROS_TCP,713,velocity,0.0791,0.0,0.0,0,1782055119560190421,81
R01,ROS_TCP,714,velocity,0.0834,0.0,0.0,0,1782055119615749770,73
R01,ROS_TCP,715,velocity,0.081,0.0,0.0,0,1782055119671248846,81
R01,ROS_TCP,716,velocity,0.087,0.0,0.0,0,1782055119725841051,80
R01,ROS_TCP,717,velocity,0.08,0.0,0.0,0,1782055119781052475,81
R01,ROS_TCP,718,velocity,0.0838,0.0,0.0,0,1782055119837317041,82
R01,ROS_TCP,719,velocity,0.0801,0.0,0.0,0,1782055119894006298,76
R01,ROS_TCP,720,velocity,0.0819,0.0,0.0,0,1782055119947231463,73
R01,ROS_TCP,721,velocity,0.1895,0.0,-0.1679,0,1782055120004227767,77
R01,ROS_TCP,722,velocity,0.1834,0.0,-0.1639,0,1782055120058894501,77
R01,ROS_TCP,723,velocity,0.1832,0.0,-0.1729,0,1782055120113748553,82
R01,ROS_TCP,724,velocity,0.1906,0.0,-0.1659,0,1782055120169641011,73
R01,ROS_TCP,725,velocity,0.1842,0.0,-0.1696,0,1782055120227785597,82
R01,ROS_TCP,726,velocity,0.1955,0.0,-0.1623,0,1782055120281031260,83
R01,ROS_TCP,727,velocity,0.1927,0.0,-0.16,0,1782055120337105162,81
R01,ROS_TCP,728,velocity,0.1823,0.0,-0.1698,0,1782055120393661104,83
R01,ROS_TCP,729,velocity,0.1944,0.0,-0.1642,0,1782055120446914882,76
R01,ROS_TCP,730,velocity,0.1864,0.0,-0.1569,0,1782055120501321463,75
R01,ROS_TCP,731,velocity,0.1849,0.0,-0.1621,0,1782055120557280909,73
R01,ROS_TCP,732,velocity,0.1886,0.0,-0.1677,0,1782055120615196919,72
R01,ROS_TCP,733,velocity,0.1895,0.0,-0.1703,0,1782055120668483761,79
R01,ROS_TCP,734,velocity,0.1914,0.0,-0.1699,0,1782055120724669270,81
R01,ROS_TCP,735,velocity,0.1886,0.0,-0.1681,0,1782055120779246990,73
R01,ROS_TCP,736,stop,0.0,0.0,0.0,0,1782055120835820446,60
R01,ROS_TCP,737,stop,0.0,0.0,0.0,0,1782055120891404703,62
R01,ROS_TCP,738,stop,0.0,0.0,0.0,0,1782055120946594137,64
R01,ROS_TCP,739,stop,0.0,0.0,0.0,0,1782055121003309973,67
R01,ROS_TCP,740,stop,0.0,0.0,0.0,0,1782055121057701826,66
R01,ROS_TCP,741,stop,0.0,0.0,0.0,0,1782055121114556675,66
R01,ROS_TCP,742,stop,0.0,0.0,0.0,0,1782055121168613751,61
R01,ROS_TCP,743,stop,0.0,0.0,0.0,0,1782055121224202643,64
R01,ROS_TCP,744,stop,0.0,0.0,0.0,0,1782055121280046992,63
R01,ROS_TCP,745,stop,0.0,0.0,0.0,0,1782055121334991475,65
R01,ROS_TCP,746,stop,0.0,0.0,0.0,0,1782055121391892821,58
R01,ROS_TCP,747,stop,0.0,0.0,0.0,0,1782055121446837535,68
R01,ROS_TCP,748,stop,0.0,0.0,0.0,0,1782055121502069852,58
R01,ROS_TCP,749,stop,0.0,0.0,0.0,0,1782055121559112588,64
R01,ROS_TCP,750,stop,0.0,0.0,0.0,0,1782055121615364731,62
R01,ROS_TCP,751,stop,0.0,0.0,0.0,0,1782055121671662928,69
R01,ROS_TCP,752,stop,0.0,0.0,0.0,0,1782055121725683785,61
R01,ROS_TCP,753,stop,0.0,0.0,0.0,0,1782055121782965172,64
R01,ROS_TCP,754,stop,0.0,0.0,0.0,0,1782055121836501186,63
R01,ROS_TCP,755,stop,0.0,0.0,0.0,0,1782055121891919773,59
R01,ROS_TCP,756,stop,0.0,0.0,0.0,0,1782055121948349684,61
R01,ROS_TCP,757,stop,0.0,0.0,0.0,0,1782055122004841426,58
R01,ROS_TCP,758,stop,0.0,0.0,0.0,0,1782055122059417256,68
R01,ROS_TCP,759,stop,0.0,0.0,0.0,0,1782055122115676604,66
R01,ROS_TCP,760,stop,0.0,0.0,0.0,0,1782055122170532923,66
R01,ROS_TCP,761,stop,0.0,0.0,0.0,0,1782055122227325101,65
R01,ROS_TCP,762,stop,0.0,0.0,0.0,0,1782055122282446094,68
R01,ROS_TCP,763,stop,0.0,0.0,0.0,0,1782055122337889173,58
R01,ROS_TCP,764,stop,0.0,0.0,0.0,0,1782055122392426234,69
R01,ROS_TCP,765,stop,0.0,0.0,0.0,0,1782055122447544844,65
R01,ROS_TCP,766,stop,0.0,0.0,0.0,0,1782055122503792653,64
R01,ROS_TCP,767,stop,0.0,0.0,0.0,0,1782055122560091140,62
R01,ROS_TCP,768,stop,0.0,0.0,0.0,0,1782055122614791357,62
R01,ROS_TCP,769,stop,0.0,0.0,0.0,0,1782055122670269332,65
R01,ROS_TCP,770,stop,0.0,0.0,0.0,0,1782055122726732590,63
R01,ROS_TCP,771,stop,0.0,0.0,0.0,0,1782055122781515468,66
R01,ROS_TCP,772,stop,0.0,0.0,0.0,0,1782055122837001867,65
R01,ROS_TCP,773,stop,0.0,0.0,0.0,0,1782055122893098100,66
R01,ROS_TCP,774,stop,0.0,0.0,0.0,0,1782055122947643870,63
R01,ROS_TCP,775,stop,0.0,0.0,0.0,0,1782055123005281581,68
R01,ROS_TCP,776,stop,0.0,0.0,0.0,0,1782055123056541956,65
R01,ROS_TCP,777,stop,0.0,0.0,0.0,0,1782055123113311885,64
R01,ROS_TCP,778,stop,0.0,0.0,0.0,0,1782055123169057945,64
R01,ROS_TCP,779,stop,0.0,0.0,0.0,0,1782055123226542543,69
R01,ROS_TCP,780,stop,0.0,0.0,0.0,0,1782055123282290027,62
R01,ROS_TCP,781,stop,0.0,0.0,0.0,0,1782055123336421001,68
R01,ROS_TCP,782,stop,0.0,0.0,0.0,0,1782055123392020894,60
R01,ROS_TCP,783,stop,0.0,0.0,0.0,0,1782055123448509733,58
R01,ROS_TCP,784,stop,0.0,0.0,0.0,0,1782055123502788466,61
R01,ROS_TCP,785,stop,0.0,0.0,0.0,0,1782055123561026649,63
R01,ROS_TCP,786,velocity,0.0511,0.0,0.0,0,1782055123616314572,83
R01,ROS_TCP,787,velocity,0.0445,0.0,0.0,0,1782055123672038460,78
R01,ROS_TCP,788,velocity,0.0512,0.0,0.0,0,1782055123728635631,83
R01,ROS_TCP,789,velocity,0.0483,0.0,0.0,0,1782055123782687421,76
R01,ROS_TCP,790,velocity,0.0535,0.0,0.0,0,1782055123837970368,73
R01,ROS_TCP,791,velocity,0.0547,0.0,0.0,0,1782055123892957315,83
R01,ROS_TCP,792,velocity,0.0521,0.0,0.0,0,1782055123948821283,83
R01,ROS_TCP,793,velocity,0.0584,0.0,0.0,0,1782055124004407680,75
R01,ROS_TCP,794,velocity,0.0533,0.0,0.0,0,1782055124059109511,72
R01,ROS_TCP,795,velocity,0.0539,0.0,0.0,0,1782055124115938156,80
R01,ROS_TCP,796,velocity,0.0509,0.0,0.0,0,1782055124172414071,82
R01,ROS_TCP,797,velocity,0.0461,0.0,0.0,0,1782055124227793906,75
R01,ROS_TCP,798,velocity,0.0495,0.0,0.0,0,1782055124283806191,80
R01,ROS_TCP,799,velocity,0.0524,0.0,0.0,0,1782055124339603253,74
R01,ROS_TCP,800,velocity,0.0489,0.0,0.0,0,1782055124394927206,73
R01,ROS_TCP,801,velocity,0.0433,0.0,0.0,0,1782055124451124762,77
R01,ROS_TCP,802,velocity,0.0494,0.0,0.0,0,1782055124507228862,80
R01,ROS_TCP,803,velocity,0.0534,0.0,0.0,0,1782055124563822215,83
R01,ROS_TCP,804,velocity,0.0503,0.0,0.0,0,1782055124620593785,73
R01,ROS_TCP,805,velocity,0.0482,0.0,0.0,0,1782055124675805259,79
R01,ROS_TCP,806,velocity,0.0473,0.0,0.0,0,1782055124730557607,78
R01,ROS_TCP,807,velocity,0.0496,0.0,0.0,0,1782055124786054286,72
R01,ROS_TCP,808,velocity,0.0493,0.0,0.0,0,1782055124841448926,75
R01,ROS_TCP,809,velocity,0.0535,0.0,0.0,0,1782055124896620622,78
R01,ROS_TCP,810,velocity,0.0537,0.0,0.0,0,1782055124953240968,83
R01,ROS_TCP,811,velocity,0.0449,0.0,0.0,0,1782055125007394705,76
R01,ROS_TCP,812,velocity,0.0451,0.0,0.0,0,1782055125063394158,78
R01,ROS_TCP,813,velocity,0.0527,0.0,0.0,0,1782055125118737364,76
R01,ROS_TCP,814,velocity,0.0573,0.0,0.0,0,1782055125175594909,78
R01,ROS_TCP,815,velocity,0.0571,0.0,0.0,0,1782055125228888330,72
R01,ROS_TCP,816,velocity,0.0485,0.0,0.0,0,1782055125283948465,78
R01,ROS_TCP,817,velocity,0.0592,0.0,0.0,0,1782055125340580056,82
R01,ROS_TCP,818,velocity,0.0581,0.0,0.0,0,1782055125395575412,79
R01,ROS_TCP,819,velocity,0.057,0.0,0.0,0,1782055125450598679,73
R01,ROS_TCP,820,velocity,0.0493,0.0,0.0,0,1782055125505653970,76
R01,ROS_TCP,821,velocity,0.0529,0.0,0.0,0,1782055125560437127,82
R01,ROS_TCP,822,velocity,0.0532,0.0,0.0,0,1782055125616911259,77
R01,ROS_TCP,823,velocity,0.0543,0.0,0.0,0,1782055125671391569,83
R01,ROS_TCP,824,velocity,0.0577,0.0,0.0,0,1782055125725969848,73
R01,ROS_TCP,825,velocity,0.0483,0.0,0.0,0,1782055125781361577,78
R01,ROS_TCP,826,velocity,0.0521,0.0,0.0,0,1782055125838574652,82
R01,ROS_TCP,827,velocity,0.0501,0.0,0.0,0,1782055125893201546,77
R01,ROS_TCP,828,velocity,0.0502,0.0,0.0,0,1782055125948206558,76
R01,ROS_TCP,829,velocity,0.055,0.0,0.0,0,1782055126004958603,75
R01,ROS_TCP,830,velocity,0.0479,0.0,0.0,0,1782055126059254481,72
R01,ROS_TCP,831,velocity,0.0532,0.0,0.0,0,1782055126115597790,80
R01,ROS_TCP,832,velocity,0.0556,0.0,0.0,0,1782055126170428753,72
R01,ROS_TCP,833,velocity,0.0527,0.0,0.0,0,1782055126225923760,79
R01,ROS_TCP,834,velocity,0.0563,0.0,0.0,0,1782055126280227370,79
R01,ROS_TCP,835,velocity,0.0524,0.0,0.0,0,1782055126336934629,82
R01,ROS_TCP,836,velocity,0.0514,0.0,0.0,0,1782055126392424746,74
R01,ROS_TCP,837,velocity,0.0492,0.0,0.0,0,1782055126447406853,74
R01,ROS_TCP,838,velocity,0.0544,0.0,0.0,0,1782055126500698921,75
R01,ROS_TCP,839,velocity,0.0472,0.0,0.0,0,1782055126558669832,72
R01,ROS_TCP,840,action,0.0,0.0,0.1452,4,1782055126615612842,64
R01,ROS_TCP,841,action,0.0,0.0,0.1547,5,1782055126670043940,73
R01,ROS_TCP,842,action,0.0,0.0,0.1571,3,1782055126726199244,67
R01,ROS_TCP,843,action,0.0,0.0,0.1673,2,1782055126782266378,67
R01,ROS_TCP,844,action,0.0,0.0,0.1579,3,1782055126837469154,68
R01,ROS_TCP,845,action,0.0,0.0,0.1587,3,1782055126893246153,66
R01,ROS_TCP,846,action,0.0,0.0,0.1501,2,1782055126948814921,74
R01,ROS_TCP,847,action,0.0,0.0,0.1641,4,1782055127004371292,66
R01,ROS_TCP,848,action,0.0,0.0,0.1597,4,1782055127059013608,73
R01,ROS_TCP,849,action,0.0,0.0,0.1543,5,1782055127115539480,68
R01,ROS_TCP,850,action,0.0,0.0,0.1635,5,1782055127170479208,66
R01,ROS_TCP,851,action,0.0,0.0,0.1645,2,1782055127226598890,75
R01,ROS_TCP,852,action,0.0,0.0,0.149,5,1782055127279929279,73
R01,ROS_TCP,853,action,0.0,0.0,0.1562,5,1782055127336130259,64
R01,ROS_TCP,854,action,0.0,0.0,0.1481,5,1782055127394335897,70
R01,ROS_TCP,855,action,0.0,0.0,0.1635,3,1782055127449052848,72
R01,ROS_TCP,856,action,0.0,0.0,0.1661,1,1782055127504074391,66
R01,ROS_TCP,857,action,0.0,0.0,0.1615,1,1782055127558952556,66
R01,ROS_TCP,858,velocity,0.1758,0.0,0.0,0,1782055127612948168,74
R01,ROS_TCP,859,velocity,0.177,0.0,0.0,0,1782055127670204677,77
R01,ROS_TCP,860,velocity,0.1686,0.0,0.0,0,1782055127723515657,79
R01,ROS_TCP,861,velocity,0.1861,0.0,0.0,0,1782055127780248179,82
R01,ROS_TCP,862,velocity,0.1748,0.0,0.0,0,1782055127835631957,77
R01,ROS_TCP,863,velocity,0.1784,0.0,0.0,0,1782055127890630896,75
R01,ROS_TCP,864,velocity,0.1831,0.0,0.0,0,1782055127946034389,77
R01,ROS_TCP,865,velocity,0.182,0.0,0.0,0,1782055128001357870,82
R01,ROS_TCP,866,velocity,0.1825,0.0,0.0,0,1782055128056494427,75
R01,ROS_TCP,867,velocity,0.182,0.0,0.0,0,1782055128113528075,72
R01,ROS_TCP,868,velocity,0.1836,0.0,0.0,0,1782055128167222283,76
R01,ROS_TCP,869,velocity,0.1768,0.0,0.0,0,1782055128222507684,83
R01,ROS_TCP,870,velocity,0.1785,0.0,0.0,0,1782055128278008032,75
R01,ROS_TCP,871,velocity,0.1824,0.0,0.0,0,1782055128333049770,73
R01,ROS_TCP,872,velocity,0.1788,0.0,0.0,0,1782055128389328530,83
R01,ROS_TCP,873,velocity,0.1837,0.0,0.0,0,1782055128444494518,83
R01,ROS_TCP,874,velocity,0.1776,0.0,0.0,0,1782055128499789643,73
R01,ROS_TCP,875,velocity,0.1761,0.0,0.0,0,1782055128555147768,83
R01,ROS_TCP,876,velocity,0.171,0.0,0.0,0,1782055128611210457,78
R01,ROS_TCP,877,velocity,0.1884,0.0,0.0,0,1782055128668458167,73
R01,ROS_TCP,878,velocity,0.1737,0.0,0.0,0,1782055128723327483,75
R01,ROS_TCP,879,velocity,0.183,0.0,0.0,0,1782055128778250227,77
R01,ROS_TCP,880,velocity,0.1754,0.0,0.0,0,1782055128834031839,80
R01,ROS_TCP,881,velocity,0.1793,0.0,0.0,0,1782055128889495555,77
R01,ROS_TCP,882,velocity,0.1879,0.0,0.0,0,1782055128945902028,83
R01,ROS_TCP,883,velocity,0.1758,0.0,0.0,0,1782055129000107133,81
R01,ROS_TCP,884,velocity,0.1762,0.0,0.0,0,1782055129057160090,78
R01,ROS_TCP,885,velocity,0.1717,0.0,0.0,0,1782055129110841113,83
R01,ROS_TCP,886,velocity,0.1744,0.0,0.0,0,1782055129167574319,78
R01,ROS_TCP,887,velocity,0.1804,0.0,0.0,0,1782055129224202517,78
R01,ROS_TCP,888,velocity,0.1809,0.0,0.0,0,1782055129279480398,78
R01,ROS_TCP,889,velocity,0.1826,0.0,0.0,0,1782055129336185892,75
R01,ROS_TCP,890,velocity,0.1777,0.0,0.0,0,1782055129389852942,78
R01,ROS_TCP,891,velocity,0.1729,0.0,0.0,0,1782055129446108279,74
R01,ROS_TCP,892,velocity,0.1757,0.0,0.0,0,1782055129501634375,80
R01,ROS_TCP,893,velocity,0.1831,0.0,0.0,0,1782055129558187813,78
R01,ROS_TCP,894,velocity,0.1742,0.0,0.0,0,1782055129613668402,81
R01,ROS_TCP,895,velocity,0.1811,0.0,0.0,0,1782055129667530678,77
R01,ROS_TCP,896,velocity,0.1755,0.0,0.0,0,1782055129724692653,80
R01,ROS_TCP,897,velocity,0.1717,0.0,0.0,0,1782055129779144246,80
R01,ROS_TCP,898,velocity,0.1729,0.0,0.0,0,1782055129834599512,74
R01,ROS_TCP,899,velocity,0.1822,0.0,0.0,0,1782055129890005674,76
R01,ROS_TCP,900,velocity,0.1743,0.0,0.0,0,1782055129945777678,75
R01,ROS_TCP,901,velocity,0.1793,0.0,0.0,0,1782055130001594537,80
R01,ROS_TCP,902,velocity,0.1767,0.0,0.0,0,1782055130055894322,83
R01,ROS_TCP,903,velocity,0.1783,0.0,0.0,0,1782055130112744114,78
R01,ROS_TCP,904,velocity,0.1793,0.0,0.0,0,1782055130167713870,78
R01,ROS_TCP,905,velocity,0.086,0.0,0.0,0,1782055130224866895,78
R01,ROS_TCP,906,velocity,0.0876,0.0,0.0,0,1782055130282434589,83
R01,ROS_TCP,907,velocity,0.0895,0.0,0.0,0,1782055130335380375,72
R01,ROS_TCP,908,velocity,0.0826,0.0,0.0,0,1782055130390933212,79
R01,ROS_TCP,909,velocity,0.0876,0.0,0.0,0,1782055130446419872,72
R01,ROS_TCP,910,velocity,0.0872,0.0,0.0,0,1782055130504879491,75
R01,ROS_TCP,911,velocity,0.0774,0.0,0.0,0,1782055130557452895,80
R01,ROS_TCP,912,velocity,0.0814,0.0,0.0,0,1782055130614015955,83
R01,ROS_TCP,913,velocity,0.0822,0.0,0.0,0,1782055130669406706,76
R01,ROS_TCP,914,velocity,0.0798,0.0,0.0,0,1782055130725698685,79
R01,ROS_TCP,915,velocity,0.0931,0.0,0.0,0,1782055130781461443,78
R01,ROS_TCP,916,velocity,0.0786,0.0,0.0,0,1782055130835037078,83
R01,ROS_TCP,917,velocity,0.084,0.0,0.0,0,1782055130892352147,73
R01,ROS_TCP,918,velocity,0.0857,0.0,0.0,0,1782055130947785280,77
R01,ROS_TCP,919,velocity,0.084,0.0,0.0,0,1782055131003260147,73
R01,ROS_TCP,920,velocity,0.0869,0.0,0.0,0,1782055131060897338,80
R01,ROS_TCP,921,velocity,0.0873,0.0,0.0,0,1782055131117097467,72
R01,ROS_TCP,922,velocity,0.083,0.0,0.0,0,1782055131169636377,81
R01,ROS_TCP,923,velocity,0.0888,0.0,0.0,0,1782055131225947493,76
R01,ROS_TCP,924,velocity,0.0729,0.0,0.0,0,1782055131281235014,75
R01,ROS_TCP,925,velocity,0.0861,0.0,0.0,0,1782055131337786263,74
R01,ROS_TCP,926,velocity,0.0837,0.0,0.0,0,1782055131393378104,83
R01,ROS_TCP,927,velocity,0.0888,0.0,0.0,0,1782055131449123013,79
R01,ROS_TCP,928,velocity,0.0868,0.0,0.0,0,1782055131503286974,81
R01,ROS_TCP,929,velocity,0.0854,0.0,0.0,0,1782055131560745318,76
R01,ROS_TCP,930,action,0.0,0.0,-0.202,3,1782055131615181095,68
R01,ROS_TCP,931,action,0.0,0.0,-0.2034,1,1782055131669646031,67
R01,ROS_TCP,932,action,0.0,0.0,-0.2057,3,1782055131727957715,75
R01,ROS_TCP,933,action,0.0,0.0,-0.2045,3,1782055131782039293,74
R01,ROS_TCP,934,action,0.0,0.0,-0.2005,3,1782055131838504977,66
R01,ROS_TCP,935,action,0.0,0.0,-0.2094,5,1782055131893870265,75
R01,ROS_TCP,936,action,0.0,0.0,-0.2188,3,1782055131948181470,68
R01,ROS_TCP,937,action,0.0,0.0,-0.2053,2,1782055132003476316,73
R01,ROS_TCP,938,action,0.0,0.0,-0.2008,1,1782055132061361023,69
R01,ROS_TCP,939,action,0.0,0.0,-0.2118,2,1782055132116003906,64
R01,ROS_TCP,940,action,0.0,0.0,-0.2134,4,1782055132171202304,64
R01,ROS_TCP,941,action,0.0,0.0,-0.2069,2,1782055132226605988,72
R01,ROS_TCP,942,action,0.0,0.0,-0.2102,2,1782055132281982518,69
R01,ROS_TCP,943,action,0.0,0.0,-0.2072,5,1782055132337199298,64
R01,ROS_TCP,944,action,0.0,0.0,-0.1999,2,1782055132391263326,67
R01,ROS_TCP,945,action,0.0,0.0,-0.1998,4,1782055132447896528,65
R01,ROS_TCP,946,action,0.0,0.0,-0.2185,5,1782055132502061386,68
R01,ROS_TCP,947,action,0.0,0.0,-0.2044,4,1782055132559326146,75
R01,ROS_TCP,948,action,0.0,0.0,-0.2039,4,1782055132613369976,73
R01,ROS_TCP,949,action,0.0,0.0,-0.1944,4,1782055132669026744,65
R01,ROS_TCP,950,action,0.0,0.0,-0.2008,1,1782055132724432015,71
R01,ROS_TCP,951,action,0.0,0.0,-0.2052,3,1782055132781521745,66
R01,ROS_TCP,952,action,0.0,0.0,-0.204,2,1782055132836669862,68
R01,ROS_TCP,953,action,0.0,0.0,-0.2153,2,1782055132891203205,70
R01,ROS_TCP,954,action,0.0,0.0,-0.2033,5,1782055132948078880,65
R01,ROS_TCP,955,action,0.0,0.0,-0.1955,5,1782055133003120197,73
R01,ROS_TCP,956,action,0.0,0.0,-0.2054,4,1782055133060256518,68
R01,ROS_TCP,957,action,0.0,0.0,-0.2009,2,1782055133114761830,72
R01,ROS_TCP,958,action,0.0,0.0,-0.2177,5,1782055133167345265,65
R01,ROS_TCP,959,action,0.0,0.0,-0.223,5,1782055133225637766,67
R01,ROS_TCP,960,action,0.0,0.0,-0.207,3,1782055133281470065,69
R01,ROS_TCP,961,action,0.0,0.0,-0.2024,3,1782055133336631481,65
R01,ROS_TCP,962,action,0.0,0.0,-0.2015,1,1782055133393186380,73
R01,ROS_TCP,963,action,0.0,0.0,-0.2042,2,1782055133445372411,66
R01,ROS_TCP,964,action,0.0,0.0,-0.2063,1,1782055133501972415,69
R01,ROS_TCP,965,action,0.0,0.0,-0.2058,2,1782055133558144577,70
R01,ROS_TCP,966,action,0.0,0.0,-0.2021,3,1782055133615566917,65
R01,ROS_TCP,967,action,0.0,0.0,-0.2057,3,1782055133671233862,75
R01,ROS_TCP,968,action,0.0,0.0,-0.2171,2,1782055133726665634,68
R01,ROS_TCP,969,velocity,0.1147,0.0,0.1953,0,1782055133781442731,72
R01,ROS_TCP,970,velocity,0.1199,0.0,0.1946,0,1782055133835721201,73
R01,ROS_TCP,971,velocity,0.12,0.0,0.1977,0,1782055133892061698,78
R01,ROS_TCP,972,velocity,0.1195,0.0,0.1884,0,1782055133946656112,75
R01,ROS_TCP,973,velocity,0.1142,0.0,0.1931,0,1782055134003081595,83
R01,ROS_TCP,974,velocity,0.1257,0.0,0.2036,0,1782055134057363576,81
R01,ROS_TCP,975,velocity,0.1198,0.0,0.1939,0,1782055134111880085,72
R01,ROS_TCP,976,velocity,0.1223,0.0,0.2005,0,1782055134167044224,83
R01,ROS_TCP,977,velocity,0.1106,0.0,0.1995,0,1782055134223427626,82
R01,ROS_TCP,978,velocity,0.1149,0.0,0.1963,0,1782055134281251225,79
R01,ROS_TCP,979,velocity,0.1148,0.0,0.1973,0,1782055134334236628,77
R01,ROS_TCP,980,velocity,0.1171,0.0,0.194,0,1782055134389052087,77
R01,ROS_TCP,981,velocity,0.1233,0.0,0.1911,0,1782055134445914699,78
R01,ROS_TCP,982,velocity,0.123,0.0,0.1866,0,1782055134500712382,74
R01,ROS_TCP,983,velocity,0.1181,0.0,0.194,0,1782055134556518768,82
R01,ROS_TCP,984,velocity,0.1154,0.0,0.2049,0,1782055134611127158,76
R01,ROS_TCP,985,velocity,0.1238,0.0,0.1984,0,1782055134666070038,80
R01,ROS_TCP,986,velocity,0.1169,0.0,0.1992,0,1782055134722181366,78
R01,ROS_TCP,987,velocity,0.1155,0.0,0.1884,0,1782055134775968713,72
R01,ROS_TCP,988,velocity,0.1209,0.0,0.1992,0,1782055134830597757,77
R01,ROS_TCP,989,velocity,0.1189,0.0,0.1996,0,1782055134888757699,74
R01,ROS_TCP,990,velocity,0.1242,0.0,0.1981,0,1782055134943407401,75
R01,ROS_TCP,991,velocity,0.1186,0.0,0.193,0,1782055134999084511,83
R01,ROS_TCP,992,velocity,0.119,0.0,0.2014,0,1782055135055143368,73
R01,ROS_TCP,993,velocity,0.1187,0.0,0.1883,0,1782055135112370364,74
R01,ROS_TCP,994,velocity,0.1192,0.0,0.2,0,1782055135166195183,78
R01,ROS_TCP,995,velocity,0.1194,0.0,0.188,0,1782055135220886127,81
R01,ROS_TCP,996,velocity,0.1733,0.0,0.0109,0,1782055135276755533,79
R01,ROS_TCP,997,velocity,0.1749,0.0,0.0202,0,1782055135332435185,83
R01,ROS_TCP,998,velocity,0.1658,0.0,0.0159,0,1782055135386976220,79
R01,ROS_TCP,999,velocity,0.1742,0.0,0.009,0,1782055135442684451,77
R01,ROS_TCP,1000,velocity,0.1704,0.0,0.0164,0,1782055135498701840,78
R01,ROS_TCP,1001,velocity,0.1706,0.0,0.0165,0,1782055135552411309,83
R01,ROS_TCP,1002,velocity,0.1688,0.0,0.0227,0,1782055135609386896,75
R01,ROS_TCP,1003,velocity,0.1663,0.0,0.023,0,1782055135663203625,75
R01,ROS_TCP,1004,velocity,0.1724,0.0,0.0144,0,1782055135720409337,82
R01,ROS_TCP,1005,velocity,0.1768,0.0,0.0117,0,1782055135773607684,77
R01,ROS_TCP,1006,velocity,0.168,0.0,0.0126,0,1782055135830179605,73
R01,ROS_TCP,1007,velocity,0.1721,0.0,0.0168,0,1782055135885133378,76
R01,ROS_TCP,1008,velocity,0.1706,0.0,0.0128,0,1782055135942205781,76
R01,ROS_TCP,1009,velocity,0.1744,0.0,0.0171,0,1782055135996812040,75
R01,ROS_TCP,1010,velocity,0.1673,0.0,0.0147,0,1782055136051045037,74
R01,ROS_TCP,1011,velocity,0.1701,0.0,0.0182,0,1782055136106526365,73
R01,ROS_TCP,1012,velocity,0.1695,0.0,0.0127,0,1782055136162568334,75
R01,ROS_TCP,1013,velocity,0.1682,0.0,0.0195,0,1782055136217249141,80
R01,ROS_TCP,1014,velocity,0.1752,0.0,0.0122,0,1782055136274987901,78
R01,ROS_TCP,1015,velocity,0.1738,0.0,0.012,0,1782055136329764169,80
R01,ROS_TCP,1016,velocity,0.1723,0.0,0.0204,0,1782055136385315449,83
R01,ROS_TCP,1017,velocity,0.1719,0.0,0.0122,0,1782055136440945406,74
R01,ROS_TCP,1018,velocity,0.1769,0.0,0.0143,0,1782055136496529576,76
R01,ROS_TCP,1019,velocity,0.1706,0.0,0.0175,0,1782055136550881678,74
R01,ROS_TCP,1020,velocity,0.1744,0.0,0.0221,0,1782055136607221469,83
R01,ROS_TCP,1021,velocity,0.1769,0.0,0.0182,0,1782055136663452386,78
R01,ROS_TCP,1022,velocity,0.1726,0.0,0.0194,0,1782055136718085069,73
R01,ROS_TCP,1023,velocity,0.1748,0.0,0.0126,0,1782055136774875730,72
R01,ROS_TCP,1024,velocity,0.1706,0.0,0.0072,0,1782055136829373957,83
R01,ROS_TCP,1025,velocity,0.1679,0.0,0.0191,0,1782055136884113530,79
R01,ROS_TCP,1026,velocity,0.1706,0.0,0.0069,0,1782055136939111122,79
R01,ROS_TCP,1027,velocity,0.1687,0.0,0.0306,0,1782055136997022087,80
R01,ROS_TCP,1028,velocity,0.172,0.0,0.0097,0,1782055137051740781,80
R01,ROS_TCP,1029,velocity,0.1743,0.0,0.0106,0,1782055137105814861,77
R01,ROS_TCP,1030,velocity,0.177,0.0,0.0095,0,1782055137161645051,72
R01,ROS_TCP,1031,velocity,0.1703,0.0,0.0136,0,1782055137217355872,80
R01,ROS_TCP,1032,velocity,0.1792,0.0,0.0151,0,1782055137273326072,75
R01,ROS_TCP,1033,velocity,0.1679,0.0,0.0141,0,1782055137328689747,72
R01,ROS_TCP,1034,velocity,0.1728,0.0,0.0083,0,1782055137385720998,74
R01,ROS_TCP,1035,velocity,0.1704,0.0,0.0174,0,1782055137439094598,81
R01,ROS_TCP,1036,velocity,0.1725,0.0,0.012,0,1782055137494035035,77
R01,ROS_TCP,1037,velocity,0.1711,0.0,0.0235,0,1782055137550040916,82
R01,ROS_TCP,1038,velocity,0.1707,0.0,0.0193,0,1782055137605041477,76
R01,ROS_TCP,1039,velocity,0.1739,0.0,0.0186,0,1782055137656736007,77
R01,ROS_TCP,1040,velocity,0.1791,0.0,0.0194,0,1782055137714005561,81
R01,ROS_TCP,1041,velocity,0.1703,0.0,0.0155,0,1782055137769426952,74
R01,ROS_TCP,1042,velocity,0.1801,0.0,0.0079,0,1782055137825395355,79
R01,ROS_TCP,1043,velocity,0.1719,0.0,0.0137,0,1782055137879218569,81
R01,ROS_TCP,1044,velocity,0.1475,0.0,0.1132,0,1782055137935169702,73
R01,ROS_TCP,1045,velocity,0.1477,0.0,0.1174,0,1782055137989366592,72
R01,ROS_TCP,1046,velocity,0.1507,0.0,0.1094,0,1782055138046302161,77
R01,ROS_TCP,1047,velocity,0.1447,0.0,0.1123,0,1782055138102836610,72
R01,ROS_TCP,1048,velocity,0.1527,0.0,0.1093,0,1782055138156700153,81
R01,ROS_TCP,1049,velocity,0.1501,0.0,0.1132,0,1782055138212484861,78
R01,ROS_TCP,1050,velocity,0.1493,0.0,0.1147,0,1782055138269054035,75
R01,ROS_TCP,1051,velocity,0.1462,0.0,0.1203,0,1782055138322840724,80
R01,ROS_TCP,1052,velocity,0.1504,0.0,0.1105,0,1782055138377705908,82
R01,ROS_TCP,1053,velocity,0.149,0.0,0.1195,0,1782055138433153999,77
R01,ROS_TCP,1054,velocity,0.1459,0.0,0.1191,0,1782055138489660464,72
R01,ROS_TCP,1055,velocity,0.1484,0.0,0.1135,0,1782055138543634766,80
R01,ROS_TCP,1056,velocity,0.1445,0.0,0.1095,0,1782055138599692607,78
R01,ROS_TCP,1057,velocity,0.1483,0.0,0.116,0,1782055138655408646,81
R01,ROS_TCP,1058,velocity,0.1455,0.0,0.1173,0,1782055138712267279,80
R01,ROS_TCP,1059,velocity,0.1515,0.0,0.1133,0,1782055138767118159,83
R01,ROS_TCP,1060,velocity,0.1472,0.0,0.1156,0,1782055138823149729,75
R01,ROS_TCP,1061,velocity,0.1497,0.0,0.1038,0,1782055138880486504,81
R01,ROS_TCP,1062,velocity,0.1461,0.0,0.1171,0,1782055138934111179,72
R01,ROS_TCP,1063,velocity,0.1488,0.0,0.1139,0,1782055138989413551,79
R01,ROS_TCP,1064,velocity,0.1424,0.0,0.1134,0,1782055139044145073,82
R01,ROS_TCP,1065,velocity,0.1537,0.0,0.1188,0,1782055139099354602,81
R01,ROS_TCP,1066,velocity,0.1547,0.0,0.1123,0,1782055139157424744,81
R01,ROS_TCP,1067,velocity,0.0409,0.0,-0.0204,0,1782055139213552002,74
R01,ROS_TCP,1068,velocity,0.0474,0.0,-0.0283,0,1782055139268870495,72
R01,ROS_TCP,1069,velocity,0.0449,0.0,-0.027,0,1782055139324334070,81
R01,ROS_TCP,1070,velocity,0.0383,0.0,-0.017,0,1782055139381337854,74
R01,ROS_TCP,1071,velocity,0.041,0.0,-0.0272,0,1782055139433730804,82
R01,ROS_TCP,1072,velocity,0.0456,0.0,-0.0279,0,1782055139490120660,82
R01,ROS_TCP,1073,velocity,0.0403,0.0,-0.0243,0,1782055139546940677,75
R01,ROS_TCP,1074,velocity,0.038,0.0,-0.0247,0,1782055139600556928,81
R01,ROS_TCP,1075,velocity,0.0396,0.0,-0.0156,0,1782055139655736903,76
R01,ROS_TCP,1076,velocity,0.0375,0.0,-0.0233,0,1782055139714600993,82
R01,ROS_TCP,1077,velocity,0.0382,0.0,-0.0261,0,1782055139768645115,83
R01,ROS_TCP,1078,velocity,0.0445,0.0,-0.0287,0,1782055139824537412,82
R01,ROS_TCP,1079,velocity,0.0456,0.0,-0.03,0,1782055139878254278,83
R01,ROS_TCP,1080,velocity,0.0389,0.0,-0.0271,0,1782055139934263494,77
