session_id,condition_id,participant_id,seq,msg_type,t_q_send_local_ms,t_q_send_ref_ms,lx,ly,az,action_id
S01,C1,P01,1,cmd,1776951568085,1776951568084.932,0.0,0.0,0.0,0
S01,C1,P01,5,cmd,1776951575542,1776951575401.965,0.23,0.0,-0.099,0
S01,C1,P01,6,cmd,1776951575596,1776951575455.921,0.23,0.0,-0.099,0
S01,C1,P01,7,cmd,1776951575651,1776951575511.007,0.23,0.0,-0.099,0
S01,C1,P01,8,cmd,1776951575707,1776951575566.958,0.23,0.0,-0.099,0
S01,C1,P01,9,cmd,1776951575763,1776951575622.967,0.23,0.0,-0.099,0
S01,C1,P01,10,cmd,1776951575818,1776951575677.974,0.23,0.0,-0.099,0
S01,C1,P01,11,cmd,1776951575875,1776951575735.074,0.23,0.0,-0.099,0
S01,C1,P01,12,cmd,1776951575929,1776951575788.995,0.23,0.0,-0.099,0
S01,C1,P01,13,cmd,1776951575985,1776951575844.999,0.23,0.0,-0.099,0
S01,C1,P01,15,cmd,1776951576042,1776951575894.943,0.23,0.0,-0.099,0
S01,C1,P01,16,cmd,1776951576097,1776951575950.006,0.193,0.0,0.027,0
S01,C1,P01,17,cmd,1776951576152,1776951576005.011,0.0,0.0,0.056,0
S01,C1,P01,18,cmd,1776951576208,1776951576061.031,-0.233,0.0,0.071,0
S01,C1,P01,19,cmd,1776951576263,1776951576115.983,-0.246,0.0,0.045,0
S01,C1,P01,20,cmd,1776951576318,1776951576171.05,-0.247,0.0,0.039,0
S01,C1,P01,21,cmd,1776951576374,1776951576226.945,-0.247,0.0,0.039,0
S01,C1,P01,22,cmd,1776951576429,1776951576281.952,-0.247,0.0,0.039,0
S01,C1,P01,23,cmd,1776951576485,1776951576337.999,-0.247,0.0,0.039,0
S01,C1,P01,24,cmd,1776951576541,1776951576394.077,-0.247,0.0,0.039,0
S01,C1,P01,25,cmd,1776951576596,1776951576449.026,-0.247,0.0,0.039,0
S01,C1,P01,26,cmd,1776951576652,1776951576504.952,-0.247,0.0,0.039,0
S01,C1,P01,27,cmd,1776951576707,1776951576560.041,-0.247,0.0,0.039,0
S01,C1,P01,28,cmd,1776951576763,1776951576616.075,-0.249,0.0,0.027,0
S01,C1,P01,29,cmd,1776951576819,1776951576671.923,-0.237,0.0,0.078,0
S01,C1,P01,30,cmd,1776951576875,1776951576728.009,-0.162,0.0,0.191,0
S01,C1,P01,31,cmd,1776951576930,1776951576783.008,-0.054,0.0,0.244,0
S01,C1,P01,32,cmd,1776951576985,1776951576837.924,0.0,0.0,0.25,0
S01,C1,P01,33,cmd,1776951577041,1776951576894.005,0.0,0.0,0.249,0
S01,C1,P01,34,cmd,1776951577096,1776951576949.056,0.022,0.0,0.249,0
S01,C1,P01,35,cmd,1776951577152,1776951577005.001,0.024,0.0,0.249,0
S01,C1,P01,36,cmd,1776951577207,1776951577059.938,0.025,0.0,0.249,0
S01,C1,P01,37,cmd,1776951577263,1776951577116.048,0.026,0.0,0.249,0
S01,C1,P01,38,cmd,1776951577318,1776951577171.003,0.027,0.0,0.249,0
S01,C1,P01,39,cmd,1776951577374,1776951577226.99,0.028,0.0,0.248,0
S01,C1,P01,40,cmd,1776951577429,1776951577282.012,0.03,0.0,0.248,0
S01,C1,P01,41,cmd,1776951577485,1776951577338.018,0.045,0.0,0.246,0
S01,C1,P01,42,cmd,1776951577541,1776951577394.03,0.068,0.0,0.24,0
S01,C1,P01,43,cmd,1776951577597,1776951577449.985,0.115,0.0,0.155,0
S01,C1,P01,44,cmd,1776951577652,1776951577505.061,0.162,0.0,-0.132,0
S01,C1,P01,45,cmd,1776951577707,1776951577560.028,0.106,0.0,-0.227,0
S01,C1,P01,46,cmd,1776951577763,1776951577616.044,0.095,0.0,-0.231,0
S01,C1,P01,47,cmd,1776951577818,1776951577670.964,0.095,0.0,-0.231,0
S01,C1,P01,48,cmd,1776951577874,1776951577726.94,0.098,0.0,-0.23,0
S01,C1,P01,49,cmd,1776951577930,1776951577783.004,0.113,0.0,-0.223,0
S01,C1,P01,50,cmd,1776951577986,1776951577839.041,0.105,0.0,0.075,0
S01,C1,P01,52,cmd,1776951578042,1776951577889.928,0.0,0.0,0.25,0
S01,C1,P01,53,cmd,1776951578097,1776951577944.992,0.022,0.0,0.249,0
S01,C1,P01,54,cmd,1776951578152,1776951578000.058,0.076,0.0,0.238,0
S01,C1,P01,55,cmd,1776951578208,1776951578055.966,0.0,0.0,0.0,0
S01,C1,P01,56,cmd,1776951578485,1776951578332.992,0.052,0.0,0.077,0
S01,C1,P01,57,cmd,1776951578542,1776951578390.02,-0.084,0.0,0.0,0
S01,C1,P01,58,cmd,1776951578597,1776951578444.944,-0.19,0.0,-0.04,0
S01,C1,P01,59,cmd,1776951578652,1776951578500.068,-0.245,0.0,-0.052,0
S01,C1,P01,60,cmd,1776951578707,1776951578554.935,-0.247,0.0,-0.037,0
S01,C1,P01,61,cmd,1776951578763,1776951578611.01,-0.248,0.0,-0.031,0
S01,C1,P01,62,cmd,1776951578819,1776951578666.964,-0.248,0.0,-0.029,0
S01,C1,P01,63,cmd,1776951578874,1776951578722.007,-0.249,0.0,-0.026,0
S01,C1,P01,64,cmd,1776951578930,1776951578778.078,-0.249,0.0,-0.022,0
S01,C1,P01,65,cmd,1776951578985,1776951578833.006,-0.25,0.0,0.0,0
S01,C1,P01,66,cmd,1776951579041,1776951578889.006,-0.25,0.0,0.0,0
S01,C1,P01,67,cmd,1776951579097,1776951578944.949,-0.25,0.0,0.0,0
S01,C1,P01,68,cmd,1776951579152,1776951579000.052,-0.25,0.0,0.0,0
S01,C1,P01,69,cmd,1776951579207,1776951579055.049,-0.249,0.0,0.022,0
S01,C1,P01,70,cmd,1776951579263,1776951579111.019,-0.248,0.0,0.028,0
S01,C1,P01,71,cmd,1776951579319,1776951579167.076,-0.248,0.0,0.033,0
S01,C1,P01,72,cmd,1776951579374,1776951579221.974,-0.247,0.0,0.037,0
S01,C1,P01,73,cmd,1776951579429,1776951579277.049,-0.247,0.0,0.039,0
S01,C1,P01,74,cmd,1776951579485,1776951579332.954,-0.246,0.0,0.042,0
S01,C1,P01,75,cmd,1776951579541,1776951579389.076,-0.246,0.0,0.043,0
S01,C1,P01,76,cmd,1776951579596,1776951579444.015,-0.246,0.0,0.044,0
S01,C1,P01,77,cmd,1776951579652,1776951579499.947,-0.246,0.0,0.045,0
S01,C1,P01,78,cmd,1776951579707,1776951579554.974,-0.246,0.0,0.045,0
S01,C1,P01,79,cmd,1776951579763,1776951579610.964,-0.246,0.0,0.044,0
S01,C1,P01,80,cmd,1776951579819,1776951579667.056,-0.248,0.0,0.031,0
S01,C1,P01,81,cmd,1776951579875,1776951579722.975,-0.141,0.0,0.024,0
S01,C1,P01,82,cmd,1776951579930,1776951579778.035,-0.046,0.0,0.0,0
S01,C1,P01,83,cmd,1776951579986,1776951579834.073,0.0,0.0,0.0,0
S01,C1,P01,85,cmd,1776951580043,1776951579887.029,0.057,0.0,0.0,0
S01,C1,P01,86,cmd,1776951580097,1776951579940.94,0.098,0.0,0.0,0
S01,C1,P01,87,cmd,1776951580153,1776951579996.931,0.167,0.0,0.0,0
S01,C1,P01,88,cmd,1776951580208,1776951580051.964,0.249,0.0,-0.022,0
S01,C1,P01,89,cmd,1776951580263,1776951580106.938,0.25,0.0,0.0,0
S01,C1,P01,90,cmd,1776951580319,1776951580162.954,0.25,0.0,0.0,0
S01,C1,P01,91,cmd,1776951580374,1776951580218.015,0.25,0.0,0.0,0
S01,C1,P01,92,cmd,1776951580430,1776951580274.005,0.25,0.0,0.0,0
S01,C1,P01,93,cmd,1776951580485,1776951580328.93,0.25,0.0,0.0,0
S01,C1,P01,94,cmd,1776951580541,1776951580385.056,0.25,0.0,0.0,0
S01,C1,P01,95,cmd,1776951580597,1776951580440.982,0.25,0.0,0.0,0
S01,C1,P01,96,cmd,1776951580652,1776951580496.079,0.25,0.0,0.0,0
S01,C1,P01,97,cmd,1776951580707,1776951580551.016,0.25,0.0,0.0,0
S01,C1,P01,98,cmd,1776951580763,1776951580606.972,0.25,0.0,0.0,0
S01,C1,P01,99,cmd,1776951580818,1776951580661.958,0.25,0.0,0.0,0
S01,C1,P01,100,cmd,1776951580874,1776951580717.943,0.249,0.0,0.0,0
S01,C1,P01,101,cmd,1776951580930,1776951580773.94,0.249,0.0,0.0,0
S01,C1,P01,102,cmd,1776951580985,1776951580828.948,0.249,0.0,0.022,0
S01,C1,P01,103,cmd,1776951581041,1776951580885.061,0.249,0.0,0.024,0
S01,C1,P01,104,cmd,1776951581096,1776951580940.027,0.249,0.0,0.025,0
S01,C1,P01,105,cmd,1776951581152,1776951580996.069,0.249,0.0,0.026,0
S01,C1,P01,106,cmd,1776951581207,1776951581051.01,0.248,0.0,0.029,0
S01,C1,P01,107,cmd,1776951581263,1776951581107.02,0.247,0.0,0.038,0
S01,C1,P01,108,cmd,1776951581319,1776951581163.026,0.231,0.0,0.097,0
S01,C1,P01,109,cmd,1776951581374,1776951581218.076,0.153,0.0,0.197,0
S01,C1,P01,110,cmd,1776951581430,1776951581274.053,0.126,0.0,0.216,0
S01,C1,P01,111,cmd,1776951581485,1776951581329.001,0.112,0.0,0.224,0
S01,C1,P01,112,cmd,1776951581541,1776951581384.958,0.105,0.0,0.227,0
S01,C1,P01,113,cmd,1776951581596,1776951581439.998,0.101,0.0,0.229,0
S01,C1,P01,114,cmd,1776951581652,1776951581496.024,0.099,0.0,0.23,0
S01,C1,P01,115,cmd,1776951581707,1776951581551.069,0.097,0.0,0.231,0
S01,C1,P01,116,cmd,1776951581763,1776951581606.932,0.095,0.0,0.231,0
S01,C1,P01,117,cmd,1776951581819,1776951581663.067,0.093,0.0,0.232,0
S01,C1,P01,118,cmd,1776951581874,1776951581717.929,0.092,0.0,0.233,0
S01,C1,P01,119,cmd,1776951581929,1776951581773.044,0.091,0.0,0.233,0
S01,C1,P01,120,cmd,1776951581985,1776951581828.978,0.09,0.0,0.233,0
S01,C1,P01,122,cmd,1776951582042,1776951581882.924,0.09,0.0,0.233,0
S01,C1,P01,123,cmd,1776951582096,1776951581936.956,0.089,0.0,0.234,0
S01,C1,P01,124,cmd,1776951582152,1776951581993.056,0.089,0.0,0.234,0
S01,C1,P01,125,cmd,1776951582207,1776951582047.988,0.088,0.0,0.234,0
S01,C1,P01,126,cmd,1776951582263,1776951582103.974,0.088,0.0,0.234,0
S01,C1,P01,127,cmd,1776951582318,1776951582159.003,0.087,0.0,0.234,0
S01,C1,P01,128,cmd,1776951582374,1776951582214.922,0.086,0.0,0.235,0
S01,C1,P01,129,cmd,1776951582429,1776951582269.96,0.085,0.0,0.235,0
S01,C1,P01,130,cmd,1776951582485,1776951582326.058,0.085,0.0,0.235,0
S01,C1,P01,131,cmd,1776951582541,1776951582382.018,0.084,0.0,0.235,0
S01,C1,P01,132,cmd,1776951582596,1776951582437.036,0.084,0.0,0.236,0
S01,C1,P01,133,cmd,1776951582652,1776951582492.922,0.083,0.0,0.236,0
S01,C1,P01,134,cmd,1776951582708,1776951582548.965,0.082,0.0,0.236,0
S01,C1,P01,135,cmd,1776951582763,1776951582604.067,0.082,0.0,0.236,0
S01,C1,P01,136,cmd,1776951582819,1776951582660.074,0.081,0.0,0.237,0
S01,C1,P01,137,cmd,1776951582874,1776951582715.042,0.08,0.0,0.237,0
S01,C1,P01,138,cmd,1776951582930,1776951582771.027,0.079,0.0,0.237,0
S01,C1,P01,139,cmd,1776951582985,1776951582825.984,0.079,0.0,0.237,0
S01,C1,P01,140,cmd,1776951583041,1776951582882.006,0.078,0.0,0.237,0
S01,C1,P01,141,cmd,1776951583097,1776951582938.006,0.078,0.0,0.237,0
S01,C1,P01,142,cmd,1776951583152,1776951582992.944,0.078,0.0,0.238,0
S01,C1,P01,143,cmd,1776951583207,1776951583047.971,0.078,0.0,0.238,0
S01,C1,P01,144,cmd,1776951583263,1776951583104.032,0.077,0.0,0.238,0
S01,C1,P01,145,cmd,1776951583318,1776951583158.97,0.077,0.0,0.238,0
S01,C1,P01,146,cmd,1776951583374,1776951583215.001,0.077,0.0,0.238,0
S01,C1,P01,147,cmd,1776951583429,1776951583270.052,0.077,0.0,0.238,0
S01,C1,P01,148,cmd,1776951583485,1776951583326.052,0.077,0.0,0.238,0
S01,C1,P01,149,cmd,1776951583541,1776951583382.047,0.077,0.0,0.238,0
S01,C1,P01,150,cmd,1776951583596,1776951583436.948,0.076,0.0,0.238,0
S01,C1,P01,151,cmd,1776951583652,1776951583493.014,0.076,0.0,0.238,0
S01,C1,P01,152,cmd,1776951583707,1776951583548.037,0.076,0.0,0.238,0
S01,C1,P01,153,cmd,1776951583763,1776951583604.068,0.075,0.0,0.238,0
S01,C1,P01,154,cmd,1776951583818,1776951583658.926,0.075,0.0,0.238,0
S01,C1,P01,155,cmd,1776951583874,1776951583715.054,0.074,0.0,0.239,0
S01,C1,P01,156,cmd,1776951583929,1776951583770.062,0.074,0.0,0.239,0
S01,C1,P01,157,cmd,1776951583985,1776951583826.037,0.073,0.0,0.239,0
S01,C1,P01,159,cmd,1776951584042,1776951583881.026,0.072,0.0,0.239,0
S01,C1,P01,160,cmd,1776951584097,1776951583935.943,0.071,0.0,0.24,0
S01,C1,P01,161,cmd,1776951584152,1776951583991.022,0.071,0.0,0.24,0
S01,C1,P01,162,cmd,1776951584208,1776951584047.04,0.07,0.0,0.24,0
S01,C1,P01,163,cmd,1776951584263,1776951584102.057,0.07,0.0,0.24,0
S01,C1,P01,164,cmd,1776951584319,1776951584157.974,0.069,0.0,0.24,0
S01,C1,P01,165,cmd,1776951584374,1776951584212.998,0.068,0.0,0.24,0
S01,C1,P01,166,cmd,1776951584430,1776951584268.994,0.068,0.0,0.241,0
S01,C1,P01,167,cmd,1776951584485,1776951584323.964,0.068,0.0,0.241,0
S01,C1,P01,168,cmd,1776951584541,1776951584379.96,0.068,0.0,0.241,0
S01,C1,P01,169,cmd,1776951584596,1776951584435.024,0.067,0.0,0.241,0
S01,C1,P01,170,cmd,1776951584652,1776951584491.039,0.067,0.0,0.241,0
S01,C1,P01,171,cmd,1776951584708,1776951584547.043,0.067,0.0,0.241,0
S01,C1,P01,172,cmd,1776951584763,1776951584602.002,0.067,0.0,0.241,0
S01,C1,P01,173,cmd,1776951584819,1776951584658.005,0.066,0.0,0.241,0
S01,C1,P01,174,cmd,1776951584874,1776951584713.012,0.066,0.0,0.241,0
S01,C1,P01,175,cmd,1776951584929,1776951584767.984,0.066,0.0,0.241,0
S01,C1,P01,176,cmd,1776951584985,1776951584823.998,0.066,0.0,0.241,0
S01,C1,P01,177,cmd,1776951585041,1776951584879.966,0.066,0.0,0.241,0
S01,C1,P01,178,cmd,1776951585096,1776951584934.956,0.065,0.0,0.241,0
S01,C1,P01,179,cmd,1776951585152,1776951584990.979,0.065,0.0,0.241,0
S01,C1,P01,180,cmd,1776951585208,1776951585046.994,0.065,0.0,0.241,0
S01,C1,P01,181,cmd,1776951585263,1776951585101.956,0.065,0.0,0.241,0
S01,C1,P01,182,cmd,1776951585319,1776951585158.01,0.065,0.0,0.241,0
S01,C1,P01,183,cmd,1776951585374,1776951585213.012,0.065,0.0,0.241,0
S01,C1,P01,184,cmd,1776951585430,1776951585268.924,0.065,0.0,0.241,0
S01,C1,P01,185,cmd,1776951585485,1776951585323.997,0.064,0.0,0.242,0
S01,C1,P01,186,cmd,1776951585541,1776951585380.007,0.064,0.0,0.242,0
S01,C1,P01,187,cmd,1776951585596,1776951585434.931,0.064,0.0,0.242,0
S01,C1,P01,188,cmd,1776951585652,1776951585491.004,0.063,0.0,0.242,0
S01,C1,P01,189,cmd,1776951585708,1776951585547.036,0.063,0.0,0.242,0
S01,C1,P01,190,cmd,1776951585763,1776951585602.034,0.063,0.0,0.242,0
S01,C1,P01,191,cmd,1776951585818,1776951585656.949,0.063,0.0,0.242,0
S01,C1,P01,192,cmd,1776951585875,1776951585713.95,0.062,0.0,0.242,0
S01,C1,P01,193,cmd,1776951585929,1776951585768.052,0.062,0.0,0.242,0
S01,C1,P01,194,cmd,1776951585985,1776951585823.973,0.062,0.0,0.242,0
S01,C1,P01,196,cmd,1776951586042,1776951585881.054,0.062,0.0,0.242,0
S01,C1,P01,197,cmd,1776951586096,1776951585933.946,0.061,0.0,0.242,0
S01,C1,P01,198,cmd,1776951586152,1776951585990.058,0.061,0.0,0.242,0
S01,C1,P01,199,cmd,1776951586207,1776951586045.024,0.061,0.0,0.242,0
S01,C1,P01,200,cmd,1776951586263,1776951586100.974,0.061,0.0,0.243,0
S01,C1,P01,201,cmd,1776951586319,1776951586157.047,0.06,0.0,0.243,0
S01,C1,P01,202,cmd,1776951586374,1776951586211.97,0.06,0.0,0.243,0
S01,C1,P01,203,cmd,1776951586429,1776951586267.025,0.06,0.0,0.243,0
S01,C1,P01,204,cmd,1776951586485,1776951586322.982,0.06,0.0,0.243,0
S01,C1,P01,205,cmd,1776951586541,1776951586379.016,0.059,0.0,0.243,0
S01,C1,P01,206,cmd,1776951586596,1776951586434.018,0.059,0.0,0.243,0
S01,C1,P01,207,cmd,1776951586652,1776951586489.97,0.059,0.0,0.243,0
S01,C1,P01,208,cmd,1776951586707,1776951586545.076,0.059,0.0,0.243,0
S01,C1,P01,209,cmd,1776951586763,1776951586601.052,0.059,0.0,0.243,0
S01,C1,P01,210,cmd,1776951586818,1776951586656.017,0.059,0.0,0.243,0
S01,C1,P01,211,cmd,1776951586874,1776951586711.925,0.059,0.0,0.243,0
S01,C1,P01,212,cmd,1776951586929,1776951586766.972,0.059,0.0,0.243,0
S01,C1,P01,213,cmd,1776951586985,1776951586823.028,0.058,0.0,0.243,0
S01,C1,P01,214,cmd,1776951587041,1776951586878.949,0.058,0.0,0.243,0
S01,C1,P01,215,cmd,1776951587097,1776951586935.024,0.058,0.0,0.243,0
S01,C1,P01,216,cmd,1776951587152,1776951586990.023,0.058,0.0,0.243,0
S01,C1,P01,217,cmd,1776951587207,1776951587045.065,0.058,0.0,0.243,0
S01,C1,P01,218,cmd,1776951587263,1776951587100.958,0.058,0.0,0.243,0
S01,C1,P01,219,cmd,1776951587319,1776951587156.979,0.057,0.0,0.243,0
S01,C1,P01,220,cmd,1776951587374,1776951587211.958,0.057,0.0,0.243,0
S01,C1,P01,221,cmd,1776951587429,1776951587267.042,0.056,0.0,0.244,0
S01,C1,P01,222,cmd,1776951587485,1776951587323.019,0.056,0.0,0.244,0
S01,C1,P01,223,cmd,1776951587541,1776951587379.019,0.055,0.0,0.244,0
S01,C1,P01,224,cmd,1776951587597,1776951587434.932,0.055,0.0,0.244,0
S01,C1,P01,225,cmd,1776951587652,1776951587489.943,0.055,0.0,0.244,0
S01,C1,P01,226,cmd,1776951587707,1776951587544.972,0.054,0.0,0.244,0
S01,C1,P01,227,cmd,1776951587763,1776951587601.062,0.054,0.0,0.244,0
S01,C1,P01,228,cmd,1776951587819,1776951587657.022,0.054,0.0,0.244,0
S01,C1,P01,229,cmd,1776951587874,1776951587711.985,0.053,0.0,0.244,0
S01,C1,P01,230,cmd,1776951587929,1776951587767.05,0.053,0.0,0.244,0
S01,C1,P01,231,cmd,1776951587985,1776951587822.938,0.053,0.0,0.244,0
S01,C1,P01,233,cmd,1776951588042,1776951587879.959,0.053,0.0,0.244,0
S01,C1,P01,234,cmd,1776951588096,1776951587931.967,0.053,0.0,0.244,0
S01,C1,P01,235,cmd,1776951588152,1776951587987.982,0.053,0.0,0.244,0
S01,C1,P01,236,cmd,1776951588208,1776951588044.039,0.053,0.0,0.244,0
S01,C1,P01,237,cmd,1776951588263,1776951588098.962,0.053,0.0,0.244,0
S01,C1,P01,238,cmd,1776951588319,1776951588155.016,0.053,0.0,0.244,0
S01,C1,P01,239,cmd,1776951588374,1776951588209.983,0.052,0.0,0.244,0
S01,C1,P01,240,cmd,1776951588429,1776951588264.964,0.052,0.0,0.244,0
S01,C1,P01,241,cmd,1776951588485,1776951588321.036,0.052,0.0,0.245,0
S01,C1,P01,242,cmd,1776951588541,1776951588377.056,0.052,0.0,0.245,0
S01,C1,P01,243,cmd,1776951588597,1776951588432.966,0.052,0.0,0.245,0
S01,C1,P01,244,cmd,1776951588652,1776951588488.042,0.051,0.0,0.245,0
S01,C1,P01,245,cmd,1776951588707,1776951588542.962,0.051,0.0,0.245,0
S01,C1,P01,246,cmd,1776951588763,1776951588598.931,0.051,0.0,0.245,0
S01,C1,P01,247,cmd,1776951588819,1776951588654.992,0.051,0.0,0.245,0
S01,C1,P01,248,cmd,1776951588874,1776951588710.018,0.051,0.0,0.245,0
S01,C1,P01,249,cmd,1776951588930,1776951588765.938,0.051,0.0,0.245,0
S01,C1,P01,250,cmd,1776951588985,1776951588820.92,0.051,0.0,0.245,0
S01,C1,P01,251,cmd,1776951589041,1776951588876.934,0.051,0.0,0.245,0
S01,C1,P01,252,cmd,1776951589096,1776951588931.944,0.05,0.0,0.245,0
S01,C1,P01,253,cmd,1776951589152,1776951588987.927,0.05,0.0,0.245,0
S01,C1,P01,254,cmd,1776951589208,1776951589044.048,0.05,0.0,0.245,0
S01,C1,P01,255,cmd,1776951589263,1776951589099.071,0.05,0.0,0.245,0
S01,C1,P01,256,cmd,1776951589318,1776951589153.995,0.05,0.0,0.245,0
S01,C1,P01,257,cmd,1776951589374,1776951589209.952,0.05,0.0,0.245,0
S01,C1,P01,258,cmd,1776951589429,1776951589264.98,0.05,0.0,0.245,0
S01,C1,P01,259,cmd,1776951589485,1776951589320.945,0.05,0.0,0.245,0
S01,C1,P01,260,cmd,1776951589541,1776951589376.947,0.05,0.0,0.245,0
S01,C1,P01,261,cmd,1776951589596,1776951589432.053,0.049,0.0,0.245,0
S01,C1,P01,262,cmd,1776951589652,1776951589487.929,0.049,0.0,0.245,0
S01,C1,P01,263,cmd,1776951589708,1776951589544.042,0.049,0.0,0.245,0
S01,C1,P01,264,cmd,1776951589763,1776951589598.982,0.049,0.0,0.245,0
S01,C1,P01,265,cmd,1776951589818,1776951589654.002,0.049,0.0,0.245,0
S01,C1,P01,266,cmd,1776951589874,1776951589710.044,0.048,0.0,0.245,0
S01,C1,P01,267,cmd,1776951589930,1776951589765.999,0.048,0.0,0.245,0
S01,C1,P01,268,cmd,1776951589985,1776951589821.024,0.048,0.0,0.245,0
S01,C1,P01,269,cmd,1776951590041,1776951589877.031,0.048,0.0,0.245,0
S01,C1,P01,271,cmd,1776951590096,1776951589932.006,0.047,0.0,0.245,0
S01,C1,P01,272,cmd,1776951590152,1776951589992.041,0.047,0.0,0.246,0
S01,C1,P01,273,cmd,1776951590207,1776951590047.028,0.047,0.0,0.246,0
S01,C1,P01,274,cmd,1776951590263,1776951590103.058,0.046,0.0,0.246,0
S01,C1,P01,275,cmd,1776951590318,1776951590158.018,0.046,0.0,0.246,0
S01,C1,P01,276,cmd,1776951590374,1776951590214.031,0.046,0.0,0.246,0
S01,C1,P01,277,cmd,1776951590429,1776951590269.056,0.045,0.0,0.246,0
S01,C1,P01,278,cmd,1776951590485,1776951590324.98,0.045,0.0,0.246,0
S01,C1,P01,279,cmd,1776951590541,1776951590380.94,0.045,0.0,0.246,0
S01,C1,P01,280,cmd,1776951590596,1776951590436.065,0.044,0.0,0.246,0
S01,C1,P01,281,cmd,1776951590652,1776951590492.068,0.044,0.0,0.246,0
S01,C1,P01,282,cmd,1776951590707,1776951590547.078,0.044,0.0,0.246,0
S01,C1,P01,283,cmd,1776951590763,1776951590603.016,0.044,0.0,0.246,0
S01,C1,P01,284,cmd,1776951590819,1776951590659.02,0.043,0.0,0.246,0
S01,C1,P01,285,cmd,1776951590874,1776951590714.053,0.043,0.0,0.246,0
S01,C1,P01,286,cmd,1776951590929,1776951590769.06,0.043,0.0,0.246,0
S01,C1,P01,287,cmd,1776951590985,1776951590825.017,0.042,0.0,0.246,0
S01,C1,P01,288,cmd,1776951591041,1776951590880.925,0.042,0.0,0.246,0
S01,C1,P01,289,cmd,1776951591096,1776951590935.946,0.042,0.0,0.246,0
S01,C1,P01,290,cmd,1776951591152,1776951590991.991,0.042,0.0,0.247,0
S01,C1,P01,291,cmd,1776951591207,1776951591047.038,0.041,0.0,0.247,0
S01,C1,P01,292,cmd,1776951591264,1776951591103.934,0.041,0.0,0.247,0
S01,C1,P01,293,cmd,1776951591318,1776951591158.078,0.04,0.0,0.247,0
S01,C1,P01,294,cmd,1776951591374,1776951591214.005,0.04,0.0,0.247,0
S01,C1,P01,295,cmd,1776951591429,1776951591269.026,0.039,0.0,0.247,0
S01,C1,P01,296,cmd,1776951591485,1776951591325.065,0.039,0.0,0.247,0
S01,C1,P01,297,cmd,1776951591542,1776951591381.968,0.039,0.0,0.247,0
S01,C1,P01,298,cmd,1776951591596,1776951591436.032,0.039,0.0,0.247,0
S01,C1,P01,299,cmd,1776951591652,1776951591491.934,0.038,0.0,0.247,0
S01,C1,P01,300,cmd,1776951591707,1776951591546.948,0.038,0.0,0.247,0
S01,C1,P01,301,cmd,1776951591763,1776951591602.982,0.038,0.0,0.247,0
S01,C1,P01,302,cmd,1776951591818,1776951591658.071,0.038,0.0,0.247,0
S01,C1,P01,303,cmd,1776951591874,1776951591714.018,0.038,0.0,0.247,0
S01,C1,P01,304,cmd,1776951591929,1776951591769.026,0.038,0.0,0.247,0
S01,C1,P01,305,cmd,1776951591985,1776951591824.99,0.038,0.0,0.247,0
S01,C1,P01,306,cmd,1776951592041,1776951591880.98,0.037,0.0,0.247,0
S01,C1,P01,308,cmd,1776951592096,1776951591933.956,0.037,0.0,0.247,0
S01,C1,P01,309,cmd,1776951592152,1776951591989.98,0.037,0.0,0.247,0
S01,C1,P01,310,cmd,1776951592207,1776951592044.932,0.037,0.0,0.247,0
S01,C1,P01,311,cmd,1776951592263,1776951592101.017,0.037,0.0,0.247,0
S01,C1,P01,312,cmd,1776951592319,1776951592156.936,0.036,0.0,0.247,0
S01,C1,P01,313,cmd,1776951592374,1776951592211.923,0.036,0.0,0.247,0
S01,C1,P01,314,cmd,1776951592429,1776951592267.069,0.036,0.0,0.247,0
S01,C1,P01,315,cmd,1776951592485,1776951592323.017,0.036,0.0,0.247,0
S01,C1,P01,316,cmd,1776951592541,1776951592378.962,0.036,0.0,0.247,0
S01,C1,P01,317,cmd,1776951592596,1776951592433.984,0.036,0.0,0.247,0
S01,C1,P01,318,cmd,1776951592652,1776951592490.068,0.036,0.0,0.247,0
S01,C1,P01,319,cmd,1776951592708,1776951592546.031,0.035,0.0,0.247,0
S01,C1,P01,320,cmd,1776951592763,1776951592600.981,0.035,0.0,0.248,0
S01,C1,P01,321,cmd,1776951592819,1776951592656.92,0.035,0.0,0.248,0
S01,C1,P01,322,cmd,1776951592874,1776951592712.039,0.035,0.0,0.248,0
S01,C1,P01,323,cmd,1776951592930,1776951592768.028,0.035,0.0,0.248,0
S01,C1,P01,324,cmd,1776951592985,1776951592823.073,0.034,0.0,0.248,0
S01,C1,P01,325,cmd,1776951593041,1776951592879.044,0.034,0.0,0.248,0
S01,C1,P01,326,cmd,1776951593097,1776951592935.003,0.034,0.0,0.248,0
S01,C1,P01,327,cmd,1776951593152,1776951592989.93,0.034,0.0,0.248,0
S01,C1,P01,328,cmd,1776951593208,1776951593046.048,0.034,0.0,0.248,0
S01,C1,P01,329,cmd,1776951593263,1776951593101.069,0.034,0.0,0.248,0
S01,C1,P01,330,cmd,1776951593319,1776951593157.03,0.034,0.0,0.248,0
S01,C1,P01,331,cmd,1776951593374,1776951593212.032,0.034,0.0,0.248,0
S01,C1,P01,332,cmd,1776951593430,1776951593268.063,0.034,0.0,0.248,0
S01,C1,P01,333,cmd,1776951593485,1776951593323.078,0.034,0.0,0.248,0
S01,C1,P01,334,cmd,1776951593541,1776951593378.982,0.034,0.0,0.248,0
S01,C1,P01,335,cmd,1776951593596,1776951593433.99,0.034,0.0,0.248,0
S01,C1,P01,336,cmd,1776951593652,1776951593490.004,0.034,0.0,0.248,0
S01,C1,P01,337,cmd,1776951593708,1776951593546.024,0.033,0.0,0.248,0
S01,C1,P01,338,cmd,1776951593763,1776951593600.984,0.033,0.0,0.248,0
S01,C1,P01,339,cmd,1776951593818,1776951593655.954,0.033,0.0,0.248,0
S01,C1,P01,340,cmd,1776951593874,1776951593712.009,0.033,0.0,0.248,0
S01,C1,P01,341,cmd,1776951593929,1776951593766.972,0.033,0.0,0.248,0
S01,C1,P01,342,cmd,1776951593985,1776951593823.073,0.033,0.0,0.248,0
S01,C1,P01,343,cmd,1776951594041,1776951593879.072,0.033,0.0,0.248,0
S01,C1,P01,345,cmd,1776951594098,1776951593934.99,0.034,0.0,0.248,0
S01,C1,P01,346,cmd,1776951594153,1776951593989.964,0.055,0.0,0.244,0
S01,C1,P01,347,cmd,1776951594208,1776951594045.012,0.122,0.0,0.218,0
S01,C1,P01,348,cmd,1776951594264,1776951594100.995,0.183,0.0,0.17,0
S01,C1,P01,349,cmd,1776951594319,1776951594156.002,0.227,0.0,0.105,0
S01,C1,P01,350,cmd,1776951594374,1776951594210.926,0.239,0.0,0.074,0
S01,C1,P01,351,cmd,1776951594429,1776951594265.938,0.242,0.0,0.061,0
S01,C1,P01,352,cmd,1776951594485,1776951594321.988,0.244,0.0,0.056,0
S01,C1,P01,353,cmd,1776951594541,1776951594377.934,0.244,0.0,0.055,0
S01,C1,P01,354,cmd,1776951594596,1776951594433.043,0.244,0.0,0.054,0
S01,C1,P01,355,cmd,1776951594652,1776951594488.996,0.244,0.0,0.056,0
S01,C1,P01,356,cmd,1776951594707,1776951594544.008,0.243,0.0,0.06,0
S01,C1,P01,357,cmd,1776951594763,1776951594600.047,0.241,0.0,0.066,0
S01,C1,P01,358,cmd,1776951594818,1776951594655.036,0.24,0.0,0.07,0
S01,C1,P01,359,cmd,1776951594875,1776951594711.924,0.239,0.0,0.074,0
S01,C1,P01,360,cmd,1776951594930,1776951594766.946,0.238,0.0,0.078,0
S01,C1,P01,361,cmd,1776951594985,1776951594822.055,0.237,0.0,0.081,0
S01,C1,P01,362,cmd,1776951595041,1776951594877.98,0.235,0.0,0.084,0
S01,C1,P01,363,cmd,1776951595097,1776951594933.955,0.235,0.0,0.086,0
S01,C1,P01,364,cmd,1776951595152,1776951594988.992,0.234,0.0,0.088,0
S01,C1,P01,365,cmd,1776951595207,1776951595044.028,0.233,0.0,0.09,0
S01,C1,P01,366,cmd,1776951595263,1776951595100.046,0.233,0.0,0.091,0
S01,C1,P01,367,cmd,1776951595319,1776951595156.069,0.233,0.0,0.092,0
S01,C1,P01,368,cmd,1776951595374,1776951595210.937,0.232,0.0,0.093,0
S01,C1,P01,369,cmd,1776951595429,1776951595265.974,0.232,0.0,0.093,0
S01,C1,P01,370,cmd,1776951595485,1776951595322.044,0.231,0.0,0.094,0
S01,C1,P01,371,cmd,1776951595541,1776951595378.019,0.231,0.0,0.097,0
S01,C1,P01,372,cmd,1776951595596,1776951595432.928,0.23,0.0,0.099,0
S01,C1,P01,373,cmd,1776951595652,1776951595489.065,0.232,0.0,0.094,0
S01,C1,P01,374,cmd,1776951595707,1776951595543.964,0.227,0.0,0.105,0
S01,C1,P01,375,cmd,1776951595763,1776951595600.072,0.218,0.0,0.122,0
S01,C1,P01,376,cmd,1776951595818,1776951595654.959,0.21,0.0,0.135,0
S01,C1,P01,377,cmd,1776951595875,1776951595712.01,0.195,0.0,0.156,0
S01,C1,P01,378,cmd,1776951595930,1776951595767.002,0.182,0.0,0.172,0
S01,C1,P01,379,cmd,1776951595986,1776951595822.925,0.162,0.0,0.191,0
S01,C1,P01,380,cmd,1776951596042,1776951595878.992,0.139,0.0,0.208,0
S01,C1,P01,382,cmd,1776951596098,1776951595932.991,0.116,0.0,0.221,0
S01,C1,P01,383,cmd,1776951596153,1776951595987.932,0.094,0.0,0.232,0
S01,C1,P01,384,cmd,1776951596207,1776951596041.992,0.076,0.0,0.238,0
S01,C1,P01,385,cmd,1776951596263,1776951596097.976,0.063,0.0,0.242,0
S01,C1,P01,386,cmd,1776951596318,1776951596152.974,0.055,0.0,0.244,0
S01,C1,P01,387,cmd,1776951596375,1776951596210.076,0.05,0.0,0.245,0
S01,C1,P01,388,cmd,1776951596429,1776951596264.001,0.046,0.0,0.246,0
S01,C1,P01,389,cmd,1776951596485,1776951596319.991,0.044,0.0,0.246,0
S01,C1,P01,390,cmd,1776951596541,1776951596375.93,0.042,0.0,0.246,0
S01,C1,P01,391,cmd,1776951596597,1776951596432.025,0.039,0.0,0.247,0
S01,C1,P01,392,cmd,1776951596652,1776951596487.077,0.037,0.0,0.247,0
S01,C1,P01,393,cmd,1776951596707,1776951596541.946,0.035,0.0,0.248,0
S01,C1,P01,394,cmd,1776951596763,1776951596597.957,0.033,0.0,0.248,0
S01,C1,P01,395,cmd,1776951596819,1776951596654.076,0.031,0.0,0.248,0
S01,C1,P01,396,cmd,1776951596874,1776951596709.079,0.029,0.0,0.248,0
S01,C1,P01,397,cmd,1776951596929,1776951596764.04,0.026,0.0,0.249,0
S01,C1,P01,398,cmd,1776951596985,1776951596820.078,0.024,0.0,0.249,0
S01,C1,P01,399,cmd,1776951597041,1776951596876.039,0.022,0.0,0.249,0
S01,C1,P01,400,cmd,1776951597097,1776951596931.972,0.0,0.0,0.249,0
S01,C1,P01,401,cmd,1776951597152,1776951596986.949,0.0,0.0,0.249,0
S01,C1,P01,402,cmd,1776951597207,1776951597042.007,0.0,0.0,0.25,0
S01,C1,P01,403,cmd,1776951597263,1776951597097.989,0.0,0.0,0.25,0
S01,C1,P01,404,cmd,1776951597318,1776951597152.989,0.0,0.0,0.25,0
S01,C1,P01,405,cmd,1776951597374,1776951597208.968,0.0,0.0,0.25,0
S01,C1,P01,406,cmd,1776951597430,1776951597265.068,0.0,0.0,0.25,0
S01,C1,P01,407,cmd,1776951597485,1776951597320.03,0.0,0.0,0.25,0
S01,C1,P01,408,cmd,1776951597541,1776951597375.929,0.0,0.0,0.25,0
S01,C1,P01,409,cmd,1776951597597,1776951597432.005,0.0,0.0,0.25,0
S01,C1,P01,410,cmd,1776951597652,1776951597486.993,0.0,0.0,0.25,0
S01,C1,P01,411,cmd,1776951597707,1776951597542.036,0.0,0.0,0.25,0
S01,C1,P01,412,cmd,1776951597763,1776951597598.056,0.0,0.0,0.25,0
S01,C1,P01,413,cmd,1776951597818,1776951597653.007,0.0,0.0,0.25,0
S01,C1,P01,414,cmd,1776951597874,1776951597708.922,0.0,0.0,0.25,0
S01,C1,P01,415,cmd,1776951597929,1776951597763.99,0.0,0.0,0.25,0
S01,C1,P01,416,cmd,1776951597985,1776951597820.015,0.0,0.0,0.25,0
S01,C1,P01,417,cmd,1776951598041,1776951597876.04,0.0,0.0,0.25,0
S01,C1,P01,419,cmd,1776951598097,1776951597932.01,0.0,0.0,0.25,0
S01,C1,P01,420,cmd,1776951598152,1776951597987.075,0.0,0.0,0.25,0
S01,C1,P01,421,cmd,1776951598207,1776951598041.94,0.0,0.0,0.249,0
S01,C1,P01,422,cmd,1776951598263,1776951598098.075,0.0,0.0,0.249,0
S01,C1,P01,423,cmd,1776951598319,1776951598153.982,0.0,0.0,0.249,0
S01,C1,P01,424,cmd,1776951598374,1776951598208.938,0.0,0.0,0.249,0
S01,C1,P01,425,cmd,1776951598429,1776951598264.052,0.0,0.0,0.249,0
S01,C1,P01,426,cmd,1776951598485,1776951598320.06,-0.021,0.0,0.249,0
S01,C1,P01,427,cmd,1776951598541,1776951598376.061,-0.022,0.0,0.249,0
S01,C1,P01,428,cmd,1776951598597,1776951598432.044,-0.023,0.0,0.249,0
S01,C1,P01,429,cmd,1776951598652,1776951598487.024,-0.024,0.0,0.249,0
S01,C1,P01,430,cmd,1776951598707,1776951598542.014,-0.025,0.0,0.249,0
S01,C1,P01,431,cmd,1776951598763,1776951598597.986,-0.025,0.0,0.249,0
S01,C1,P01,432,cmd,1776951598819,1776951598653.934,-0.026,0.0,0.249,0
S01,C1,P01,433,cmd,1776951598874,1776951598709.018,-0.026,0.0,0.249,0
S01,C1,P01,434,cmd,1776951598929,1776951598764.078,-0.026,0.0,0.249,0
S01,C1,P01,435,cmd,1776951598985,1776951598819.932,-0.027,0.0,0.249,0
S01,C1,P01,436,cmd,1776951599041,1776951598876.068,-0.027,0.0,0.249,0
S01,C1,P01,437,cmd,1776951599097,1776951598931.965,-0.027,0.0,0.249,0
S01,C1,P01,438,cmd,1776951599152,1776951598987.006,-0.027,0.0,0.249,0
S01,C1,P01,439,cmd,1776951599208,1776951599042.984,-0.027,0.0,0.249,0
S01,C1,P01,440,cmd,1776951599263,1776951599098.057,-0.027,0.0,0.248,0
S01,C1,P01,441,cmd,1776951599319,1776951599153.986,-0.028,0.0,0.248,0
S01,C1,P01,442,cmd,1776951599375,1776951599209.994,-0.028,0.0,0.248,0
S01,C1,P01,443,cmd,1776951599430,1776951599264.972,-0.028,0.0,0.248,0
S01,C1,P01,444,cmd,1776951599485,1776951599319.969,-0.028,0.0,0.248,0
S01,C1,P01,445,cmd,1776951599541,1776951599375.967,-0.028,0.0,0.248,0
S01,C1,P01,446,cmd,1776951599597,1776951599432.022,-0.028,0.0,0.248,0
S01,C1,P01,447,cmd,1776951599652,1776951599487.035,-0.028,0.0,0.248,0
S01,C1,P01,448,cmd,1776951599708,1776951599543.05,-0.029,0.0,0.248,0
S01,C1,P01,449,cmd,1776951599763,1776951599597.982,-0.03,0.0,0.248,0
S01,C1,P01,450,cmd,1776951599819,1776951599654.078,-0.03,0.0,0.248,0
S01,C1,P01,451,cmd,1776951599874,1776951599708.993,-0.029,0.0,0.248,0
S01,C1,P01,452,cmd,1776951599930,1776951599764.94,0.032,0.0,0.248,0
S01,C1,P01,453,cmd,1776951599985,1776951599819.948,0.092,0.0,0.233,0
S01,C1,P01,454,cmd,1776951600041,1776951599875.937,0.108,0.0,0.225,0
S01,C1,P01,456,cmd,1776951600098,1776951599932.961,0.111,0.0,0.224,0
S01,C1,P01,457,cmd,1776951600152,1776951599986.018,0.113,0.0,0.223,0
S01,C1,P01,458,cmd,1776951600208,1776951600041.93,0.113,0.0,0.223,0
S01,C1,P01,459,cmd,1776951600263,1776951600097.011,0.112,0.0,0.223,0
S01,C1,P01,460,cmd,1776951600319,1776951600153.0,0.111,0.0,0.224,0
S01,C1,P01,461,cmd,1776951600375,1776951600209.044,0.109,0.0,0.225,0
S01,C1,P01,462,cmd,1776951600429,1776951600262.939,0.107,0.0,0.226,0
S01,C1,P01,463,cmd,1776951600485,1776951600319.072,0.105,0.0,0.227,0
S01,C1,P01,464,cmd,1776951600541,1776951600375.042,0.101,0.0,0.229,0
S01,C1,P01,465,cmd,1776951600597,1776951600430.986,0.096,0.0,0.231,0
S01,C1,P01,466,cmd,1776951600653,1776951600487.042,0.087,0.0,0.234,0
S01,C1,P01,467,cmd,1776951600708,1776951600542.027,0.078,0.0,0.237,0
S01,C1,P01,468,cmd,1776951600763,1776951600597.031,0.07,0.0,0.24,0
S01,C1,P01,469,cmd,1776951600819,1776951600653.032,0.064,0.0,0.242,0
S01,C1,P01,470,cmd,1776951600875,1776951600709.054,0.058,0.0,0.243,0
S01,C1,P01,471,cmd,1776951600929,1776951600763.002,0.053,0.0,0.244,0
S01,C1,P01,472,cmd,1776951600985,1776951600819.027,0.048,0.0,0.245,0
S01,C1,P01,473,cmd,1776951601041,1776951600875.05,0.045,0.0,0.246,0
S01,C1,P01,474,cmd,1776951601097,1776951600931.047,0.042,0.0,0.246,0
S01,C1,P01,475,cmd,1776951601152,1776951600986.076,0.04,0.0,0.247,0
S01,C1,P01,476,cmd,1776951601207,1776951601040.978,0.038,0.0,0.247,0
S01,C1,P01,477,cmd,1776951601263,1776951601097.047,0.036,0.0,0.247,0
S01,C1,P01,478,cmd,1776951601319,1776951601153.063,0.035,0.0,0.248,0
S01,C1,P01,479,cmd,1776951601374,1776951601207.92,0.034,0.0,0.248,0
S01,C1,P01,480,cmd,1776951601429,1776951601263.044,0.033,0.0,0.248,0
S01,C1,P01,481,cmd,1776951601485,1776951601318.956,0.033,0.0,0.248,0
S01,C1,P01,482,cmd,1776951601541,1776951601374.953,0.033,0.0,0.248,0
S01,C1,P01,483,cmd,1776951601597,1776951601430.978,0.032,0.0,0.248,0
S01,C1,P01,484,cmd,1776951601652,1776951601485.968,0.032,0.0,0.248,0
S01,C1,P01,485,cmd,1776951601708,1776951601542.01,0.031,0.0,0.248,0
S01,C1,P01,486,cmd,1776951601763,1776951601597.047,0.031,0.0,0.248,0
S01,C1,P01,487,cmd,1776951601819,1776951601653.022,0.03,0.0,0.248,0
S01,C1,P01,488,cmd,1776951601875,1776951601709.077,0.03,0.0,0.248,0
S01,C1,P01,489,cmd,1776951601930,1776951601764.028,0.03,0.0,0.248,0
S01,C1,P01,490,cmd,1776951601985,1776951601818.946,0.03,0.0,0.248,0
S01,C1,P01,491,cmd,1776951602041,1776951601875.004,0.03,0.0,0.248,0
S01,C1,P01,493,cmd,1776951602098,1776951601932.0,0.029,0.0,0.248,0
S01,C1,P01,494,cmd,1776951602152,1776951601984.961,0.029,0.0,0.248,0
S01,C1,P01,495,cmd,1776951602207,1776951602040.052,0.029,0.0,0.248,0
S01,C1,P01,496,cmd,1776951602263,1776951602095.946,0.029,0.0,0.248,0
S01,C1,P01,497,cmd,1776951602319,1776951602151.961,0.029,0.0,0.248,0
S01,C1,P01,498,cmd,1776951602375,1776951602208.024,0.029,0.0,0.248,0
S01,C1,P01,499,cmd,1776951602429,1776951602262.045,0.029,0.0,0.248,0
S01,C1,P01,500,cmd,1776951602485,1776951602317.956,0.029,0.0,0.248,0
S01,C1,P01,501,cmd,1776951602541,1776951602374.008,0.029,0.0,0.248,0
S01,C1,P01,502,cmd,1776951602596,1776951602428.953,0.029,0.0,0.248,0
S01,C1,P01,503,cmd,1776951602652,1776951602484.988,0.028,0.0,0.248,0
S01,C1,P01,504,cmd,1776951602708,1776951602540.931,0.028,0.0,0.248,0
S01,C1,P01,505,cmd,1776951602763,1776951602596.031,0.028,0.0,0.248,0
S01,C1,P01,506,cmd,1776951602819,1776951602652.019,0.027,0.0,0.248,0
S01,C1,P01,507,cmd,1776951602875,1776951602707.977,0.027,0.0,0.249,0
S01,C1,P01,508,cmd,1776951602930,1776951602763.076,0.026,0.0,0.249,0
S01,C1,P01,509,cmd,1776951602985,1776951602818.064,0.025,0.0,0.249,0
S01,C1,P01,510,cmd,1776951603041,1776951602874.018,0.025,0.0,0.249,0
S01,C1,P01,511,cmd,1776951603097,1776951602930.046,0.024,0.0,0.249,0
S01,C1,P01,512,cmd,1776951603152,1776951602985.044,0.023,0.0,0.249,0
S01,C1,P01,513,cmd,1776951603208,1776951603040.976,0.022,0.0,0.249,0
S01,C1,P01,514,cmd,1776951603263,1776951603096.068,0.021,0.0,0.249,0
S01,C1,P01,515,cmd,1776951603318,1776951603151.017,0.021,0.0,0.249,0
S01,C1,P01,516,cmd,1776951603375,1776951603208.016,0.021,0.0,0.249,0
S01,C1,P01,517,cmd,1776951603430,1776951603263.038,0.022,0.0,0.249,0
S01,C1,P01,518,cmd,1776951603485,1776951603318.03,0.023,0.0,0.249,0
S01,C1,P01,519,cmd,1776951603541,1776951603373.951,0.023,0.0,0.249,0
S01,C1,P01,520,cmd,1776951603596,1776951603428.931,0.024,0.0,0.249,0
S01,C1,P01,521,cmd,1776951603652,1776951603485.074,0.024,0.0,0.249,0
S01,C1,P01,522,cmd,1776951603707,1776951603540.047,0.025,0.0,0.249,0
S01,C1,P01,523,cmd,1776951603763,1776951603595.942,0.025,0.0,0.249,0
S01,C1,P01,524,cmd,1776951603819,1776951603651.997,0.026,0.0,0.249,0
S01,C1,P01,525,cmd,1776951603874,1776951603707.065,0.026,0.0,0.249,0
S01,C1,P01,526,cmd,1776951603930,1776951603763.037,0.027,0.0,0.249,0
S01,C1,P01,527,cmd,1776951603985,1776951603817.986,0.027,0.0,0.249,0
S01,C1,P01,528,cmd,1776951604041,1776951603874.01,0.027,0.0,0.249,0
S01,C1,P01,529,cmd,1776951604097,1776951603930.066,0.028,0.0,0.248,0
S01,C1,P01,531,cmd,1776951604152,1776951603984.928,0.028,0.0,0.248,0
S01,C1,P01,532,cmd,1776951604207,1776951604039.983,0.028,0.0,0.248,0
S01,C1,P01,533,cmd,1776951604263,1776951604095.947,0.029,0.0,0.248,0
S01,C1,P01,534,cmd,1776951604319,1776951604152.07,0.029,0.0,0.248,0
S01,C1,P01,535,cmd,1776951604375,1776951604208.062,0.029,0.0,0.248,0
S01,C1,P01,536,cmd,1776951604429,1776951604262.043,0.03,0.0,0.248,0
S01,C1,P01,537,cmd,1776951604485,1776951604317.969,0.03,0.0,0.248,0
S01,C1,P01,538,cmd,1776951604541,1776951604374.037,0.03,0.0,0.248,0
S01,C1,P01,539,cmd,1776951604597,1776951604430.078,0.031,0.0,0.248,0
S01,C1,P01,540,cmd,1776951604652,1776951604485.001,0.031,0.0,0.248,0
S01,C1,P01,541,cmd,1776951604707,1776951604539.948,0.031,0.0,0.248,0
S01,C1,P01,542,cmd,1776951604763,1776951604596.007,0.031,0.0,0.248,0
S01,C1,P01,543,cmd,1776951604819,1776951604652.046,0.031,0.0,0.248,0
S01,C1,P01,544,cmd,1776951604874,1776951604707.006,0.031,0.0,0.248,0
S01,C1,P01,545,cmd,1776951604930,1776951604762.958,0.031,0.0,0.248,0
S01,C1,P01,546,cmd,1776951604985,1776951604818.044,0.031,0.0,0.248,0
S01,C1,P01,547,cmd,1776951605041,1776951604873.994,0.03,0.0,0.248,0
S01,C1,P01,548,cmd,1776951605096,1776951604929.035,0.03,0.0,0.248,0
S01,C1,P01,549,cmd,1776951605152,1776951604985.008,0.03,0.0,0.248,0
S01,C1,P01,550,cmd,1776951605207,1776951605040.032,0.03,0.0,0.248,0
S01,C1,P01,551,cmd,1776951605263,1776951605096.018,0.03,0.0,0.248,0
S01,C1,P01,552,cmd,1776951605318,1776951605151.008,0.03,0.0,0.248,0
S01,C1,P01,553,cmd,1776951605375,1776951605208.064,0.03,0.0,0.248,0
S01,C1,P01,554,cmd,1776951605429,1776951605261.936,0.035,0.0,0.248,0
S01,C1,P01,555,cmd,1776951605485,1776951605318.06,0.038,0.0,0.247,0
S01,C1,P01,556,cmd,1776951605541,1776951605373.954,0.039,0.0,0.247,0
S01,C1,P01,557,cmd,1776951605596,1776951605429.011,0.04,0.0,0.247,0
S01,C1,P01,558,cmd,1776951605652,1776951605485.046,0.041,0.0,0.247,0
S01,C1,P01,559,cmd,1776951605707,1776951605539.953,0.042,0.0,0.246,0
S01,C1,P01,560,cmd,1776951605763,1776951605596.04,0.042,0.0,0.246,0
S01,C1,P01,561,cmd,1776951605819,1776951605652.051,0.043,0.0,0.246,0
S01,C1,P01,562,cmd,1776951605874,1776951605706.933,0.043,0.0,0.246,0
S01,C1,P01,563,cmd,1776951605929,1776951605762.05,0.043,0.0,0.246,0
S01,C1,P01,564,cmd,1776951605985,1776951605818.021,0.043,0.0,0.246,0
S01,C1,P01,565,cmd,1776951606041,1776951605873.935,0.043,0.0,0.246,0
S01,C1,P01,566,cmd,1776951606096,1776951605928.998,0.043,0.0,0.246,0
S01,C1,P01,568,cmd,1776951606152,1776951605984.986,0.043,0.0,0.246,0
S01,C1,P01,569,cmd,1776951606207,1776951606040.068,0.043,0.0,0.246,0
S01,C1,P01,570,cmd,1776951606263,1776951606096.031,0.044,0.0,0.246,0
S01,C1,P01,571,cmd,1776951606318,1776951606151.01,0.044,0.0,0.246,0
S01,C1,P01,572,cmd,1776951606375,1776951606208.077,0.044,0.0,0.246,0
S01,C1,P01,573,cmd,1776951606429,1776951606262.0,0.044,0.0,0.246,0
S01,C1,P01,574,cmd,1776951606485,1776951606318.08,0.044,0.0,0.246,0
S01,C1,P01,575,cmd,1776951606541,1776951606373.95,0.045,0.0,0.246,0
S01,C1,P01,576,cmd,1776951606596,1776951606429.03,0.045,0.0,0.246,0
S01,C1,P01,577,cmd,1776951606652,1776951606485.051,0.046,0.0,0.246,0
S01,C1,P01,578,cmd,1776951606708,1776951606540.936,0.047,0.0,0.246,0
S01,C1,P01,579,cmd,1776951606763,1776951606595.953,0.047,0.0,0.245,0
S01,C1,P01,580,cmd,1776951606819,1776951606651.978,0.05,0.0,0.245,0
S01,C1,P01,581,cmd,1776951606874,1776951606706.998,0.068,0.0,0.241,0
S01,C1,P01,582,cmd,1776951606930,1776951606762.948,0.158,0.0,0.194,0
S01,C1,P01,583,cmd,1776951606986,1776951606819.071,0.209,0.0,0.137,0
S01,C1,P01,584,cmd,1776951607042,1776951606875.001,0.23,0.0,0.098,0
S01,C1,P01,585,cmd,1776951607097,1776951606930.041,0.239,0.0,0.072,0
S01,C1,P01,586,cmd,1776951607152,1776951606985.051,0.245,0.0,0.052,0
S01,C1,P01,587,cmd,1776951607207,1776951607039.991,0.248,0.0,0.028,0
S01,C1,P01,588,cmd,1776951607264,1776951607097.014,0.25,0.0,0.0,0
S01,C1,P01,589,cmd,1776951607319,1776951607152.01,0.243,0.0,-0.06,0
S01,C1,P01,590,cmd,1776951607375,1776951607208.041,0.223,0.0,-0.113,0
S01,C1,P01,591,cmd,1776951607430,1776951607263.026,0.21,0.0,-0.136,0
S01,C1,P01,592,cmd,1776951607485,1776951607317.952,0.2,0.0,-0.149,0
S01,C1,P01,593,cmd,1776951607541,1776951607374.07,0.193,0.0,-0.159,0
S01,C1,P01,594,cmd,1776951607596,1776951607429.005,0.187,0.0,-0.166,0
S01,C1,P01,595,cmd,1776951607652,1776951607484.956,0.184,0.0,-0.17,0
S01,C1,P01,596,cmd,1776951607707,1776951607540.057,0.18,0.0,-0.173,0
S01,C1,P01,597,cmd,1776951607764,1776951607597.07,0.175,0.0,-0.178,0
S01,C1,P01,598,cmd,1776951607819,1776951607652.031,0.17,0.0,-0.183,0
S01,C1,P01,599,cmd,1776951607875,1776951607708.075,0.166,0.0,-0.187,0
S01,C1,P01,600,cmd,1776951607929,1776951607762.064,0.163,0.0,-0.19,0
S01,C1,P01,601,cmd,1776951607985,1776951607818.01,0.16,0.0,-0.192,0
S01,C1,P01,602,cmd,1776951608041,1776951607873.944,0.158,0.0,-0.194,0
S01,C1,P01,603,cmd,1776951608097,1776951607930.004,0.157,0.0,-0.195,0
S01,C1,P01,605,cmd,1776951608154,1776951607986.927,0.156,0.0,-0.196,0
S01,C1,P01,606,cmd,1776951608208,1776951608041.048,0.155,0.0,-0.196,0
S01,C1,P01,607,cmd,1776951608263,1776951608095.994,0.155,0.0,-0.196,0
S01,C1,P01,608,cmd,1776951608319,1776951608152.002,0.155,0.0,-0.196,0
S01,C1,P01,609,cmd,1776951608375,1776951608207.922,0.155,0.0,-0.196,0
S01,C1,P01,610,cmd,1776951608430,1776951608263.047,0.156,0.0,-0.195,0
S01,C1,P01,611,cmd,1776951608485,1776951608318.048,0.157,0.0,-0.195,0
S01,C1,P01,612,cmd,1776951608541,1776951608374.026,0.0,0.0,0.0,0
S01,C1,P01,619,cmd,1776951620208,1776951620043.95,-0.13,0.0,-0.021,0
S01,C1,P01,620,cmd,1776951620263,1776951620098.949,-0.13,0.0,-0.021,0
S01,C1,P01,621,cmd,1776951620319,1776951620154.971,-0.13,0.0,-0.021,0
S01,C1,P01,622,cmd,1776951620375,1776951620222.982,-0.245,0.0,0.051,0
S01,C1,P01,623,cmd,1776951620430,1776951620277.928,-0.246,0.0,0.046,0
S01,C1,P01,624,cmd,1776951620486,1776951620334.022,-0.247,0.0,0.039,0
S01,C1,P01,625,cmd,1776951620541,1776951620389.02,-0.247,0.0,0.039,0
S01,C1,P01,626,cmd,1776951620596,1776951620444.03,-0.247,0.0,0.039,0
S01,C1,P01,627,cmd,1776951620652,1776951620500.041,-0.247,0.0,0.041,0
S01,C1,P01,628,cmd,1776951620708,1776951620555.926,-0.246,0.0,0.043,0
S01,C1,P01,629,cmd,1776951620763,1776951620610.993,-0.246,0.0,0.045,0
S01,C1,P01,630,cmd,1776951620819,1776951620666.975,-0.246,0.0,0.047,0
S01,C1,P01,631,cmd,1776951620875,1776951620723.064,-0.245,0.0,0.048,0
S01,C1,P01,632,cmd,1776951620930,1776951620777.93,-0.245,0.0,0.05,0
S01,C1,P01,633,cmd,1776951620985,1776951620832.96,-0.245,0.0,0.052,0
S01,C1,P01,634,cmd,1776951621041,1776951620888.971,-0.244,0.0,0.053,0
S01,C1,P01,635,cmd,1776951621096,1776951620943.928,-0.244,0.0,0.054,0
S01,C1,P01,636,cmd,1776951621152,1776951621000.026,-0.244,0.0,0.056,0
S01,C1,P01,637,cmd,1776951621207,1776951621054.94,-0.243,0.0,0.057,0
S01,C1,P01,638,cmd,1776951621263,1776951621111.07,-0.243,0.0,0.058,0
S01,C1,P01,639,cmd,1776951621319,1776951621166.998,-0.243,0.0,0.06,0
S01,C1,P01,640,cmd,1776951621374,1776951621222.001,-0.243,0.0,0.06,0
S01,C1,P01,641,cmd,1776951621430,1776951621278.05,-0.242,0.0,0.061,0
S01,C1,P01,642,cmd,1776951621485,1776951621333.053,-0.242,0.0,0.062,0
S01,C1,P01,643,cmd,1776951621541,1776951621388.932,-0.242,0.0,0.062,0
S01,C1,P01,644,cmd,1776951621596,1776951621443.951,-0.242,0.0,0.063,0
S01,C1,P01,645,cmd,1776951621652,1776951621499.987,-0.242,0.0,0.063,0
S01,C1,P01,646,cmd,1776951621708,1776951621556.006,-0.242,0.0,0.063,0
S01,C1,P01,647,cmd,1776951621764,1776951621611.996,-0.239,0.0,0.072,0
S01,C1,P01,648,cmd,1776951621819,1776951621667.02,-0.11,0.0,0.224,0
S01,C1,P01,649,cmd,1776951621875,1776951621722.971,0.115,0.0,0.222,0
S01,C1,P01,650,cmd,1776951621931,1776951621778.988,0.225,0.0,0.11,0
S01,C1,P01,651,cmd,1776951621986,1776951621833.999,0.25,0.0,0.0,0
S01,C1,P01,652,cmd,1776951622041,1776951621888.931,0.233,0.0,-0.09,0
S01,C1,P01,653,cmd,1776951622097,1776951621945.052,0.217,0.0,-0.123,0
S01,C1,P01,654,cmd,1776951622152,1776951621999.923,0.21,0.0,-0.135,0
S01,C1,P01,656,cmd,1776951622209,1776951622053.925,0.206,0.0,-0.141,0
S01,C1,P01,657,cmd,1776951622263,1776951622108.014,0.203,0.0,-0.146,0
S01,C1,P01,658,cmd,1776951622318,1776951622163.074,0.2,0.0,-0.149,0
S01,C1,P01,659,cmd,1776951622374,1776951622219.034,0.199,0.0,-0.152,0
S01,C1,P01,660,cmd,1776951622430,1776951622275.024,0.197,0.0,-0.154,0
S01,C1,P01,661,cmd,1776951622485,1776951622329.985,0.196,0.0,-0.155,0
S01,C1,P01,662,cmd,1776951622541,1776951622385.943,0.195,0.0,-0.156,0
S01,C1,P01,663,cmd,1776951622597,1776951622441.996,0.195,0.0,-0.157,0
S01,C1,P01,664,cmd,1776951622652,1776951622496.947,0.194,0.0,-0.158,0
S01,C1,P01,665,cmd,1776951622708,1776951622552.964,0.194,0.0,-0.158,0
S01,C1,P01,666,cmd,1776951622763,1776951622607.994,0.192,0.0,-0.16,0
S01,C1,P01,667,cmd,1776951622819,1776951622663.979,0.19,0.0,-0.163,0
S01,C1,P01,668,cmd,1776951622875,1776951622720.008,0.187,0.0,-0.166,0
S01,C1,P01,669,cmd,1776951622930,1776951622775.057,0.183,0.0,-0.171,0
S01,C1,P01,670,cmd,1776951622985,1776951622830.06,0.18,0.0,-0.174,0
S01,C1,P01,671,cmd,1776951623042,1776951622886.943,0.177,0.0,-0.177,0
S01,C1,P01,672,cmd,1776951623097,1776951622941.929,0.175,0.0,-0.179,0
S01,C1,P01,673,cmd,1776951623152,1776951622997.07,0.172,0.0,-0.182,0
S01,C1,P01,674,cmd,1776951623208,1776951623052.963,0.165,0.0,-0.188,0
S01,C1,P01,675,cmd,1776951623264,1776951623109.065,0.137,0.0,-0.209,0
S01,C1,P01,676,cmd,1776951623319,1776951623163.938,0.086,0.0,-0.235,0
S01,C1,P01,677,cmd,1776951623375,1776951623219.925,0.06,0.0,-0.243,0
S01,C1,P01,678,cmd,1776951623429,1776951623273.951,0.046,0.0,-0.246,0
S01,C1,P01,679,cmd,1776951623486,1776951623331.039,0.038,0.0,-0.247,0
S01,C1,P01,680,cmd,1776951623541,1776951623386.035,0.034,0.0,-0.248,0
S01,C1,P01,681,cmd,1776951623596,1776951623441.021,0.032,0.0,-0.248,0
S01,C1,P01,682,cmd,1776951623652,1776951623496.946,0.031,0.0,-0.248,0
S01,C1,P01,683,cmd,1776951623708,1776951623552.922,0.03,0.0,-0.248,0
S01,C1,P01,684,cmd,1776951623763,1776951623607.978,0.03,0.0,-0.248,0
S01,C1,P01,685,cmd,1776951623819,1776951623663.95,0.031,0.0,-0.248,0
S01,C1,P01,686,cmd,1776951623875,1776951623719.943,0.033,0.0,-0.248,0
S01,C1,P01,687,cmd,1776951623930,1776951623774.924,0.034,0.0,-0.248,0
S01,C1,P01,688,cmd,1776951623985,1776951623830.075,0.035,0.0,-0.248,0
S01,C1,P01,689,cmd,1776951624041,1776951623885.954,0.035,0.0,-0.247,0
S01,C1,P01,690,cmd,1776951624097,1776951623941.922,0.036,0.0,-0.247,0
S01,C1,P01,691,cmd,1776951624152,1776951623997.049,0.037,0.0,-0.247,0
S01,C1,P01,693,cmd,1776951624209,1776951624049.926,0.038,0.0,-0.247,0
S01,C1,P01,694,cmd,1776951624263,1776951624103.979,0.039,0.0,-0.247,0
S01,C1,P01,695,cmd,1776951624318,1776951624158.967,0.04,0.0,-0.247,0
S01,C1,P01,696,cmd,1776951624374,1776951624214.933,0.041,0.0,-0.247,0
S01,C1,P01,697,cmd,1776951624429,1776951624270.042,0.041,0.0,-0.247,0
S01,C1,P01,698,cmd,1776951624485,1776951624326.024,0.042,0.0,-0.246,0
S01,C1,P01,699,cmd,1776951624541,1776951624381.985,0.042,0.0,-0.246,0
S01,C1,P01,700,cmd,1776951624596,1776951624437.073,0.042,0.0,-0.246,0
S01,C1,P01,701,cmd,1776951624652,1776951624493.04,0.042,0.0,-0.246,0
S01,C1,P01,702,cmd,1776951624707,1776951624547.936,0.043,0.0,-0.246,0
S01,C1,P01,703,cmd,1776951624763,1776951624603.946,0.043,0.0,-0.246,0
S01,C1,P01,704,cmd,1776951624818,1776951624658.967,0.043,0.0,-0.246,0
S01,C1,P01,705,cmd,1776951624874,1776951624715.02,0.044,0.0,-0.246,0
S01,C1,P01,706,cmd,1776951624929,1776951624769.996,0.044,0.0,-0.246,0
S01,C1,P01,707,cmd,1776951624985,1776951624825.922,0.044,0.0,-0.246,0
S01,C1,P01,708,cmd,1776951625041,1776951624881.931,0.045,0.0,-0.246,0
S01,C1,P01,709,cmd,1776951625097,1776951624938.014,0.045,0.0,-0.246,0
S01,C1,P01,710,cmd,1776951625152,1776951624992.924,0.045,0.0,-0.246,0
S01,C1,P01,711,cmd,1776951625208,1776951625049.053,0.046,0.0,-0.246,0
S01,C1,P01,712,cmd,1776951625263,1776951625103.952,0.046,0.0,-0.246,0
S01,C1,P01,713,cmd,1776951625318,1776951625158.992,0.047,0.0,-0.246,0
S01,C1,P01,714,cmd,1776951625374,1776951625215.059,0.047,0.0,-0.246,0
S01,C1,P01,715,cmd,1776951625430,1776951625271.043,0.047,0.0,-0.245,0
S01,C1,P01,716,cmd,1776951625485,1776951625326.01,0.048,0.0,-0.245,0
S01,C1,P01,717,cmd,1776951625541,1776951625381.998,0.048,0.0,-0.245,0
S01,C1,P01,718,cmd,1776951625597,1776951625438.027,0.048,0.0,-0.245,0
S01,C1,P01,719,cmd,1776951625652,1776951625493.062,0.049,0.0,-0.245,0
S01,C1,P01,720,cmd,1776951625708,1776951625549.026,0.049,0.0,-0.245,0
S01,C1,P01,721,cmd,1776951625763,1776951625604.069,0.05,0.0,-0.245,0
S01,C1,P01,722,cmd,1776951625819,1776951625660.004,0.05,0.0,-0.245,0
S01,C1,P01,723,cmd,1776951625875,1776951625716.038,0.051,0.0,-0.245,0
S01,C1,P01,724,cmd,1776951625930,1776951625770.948,0.052,0.0,-0.245,0
S01,C1,P01,725,cmd,1776951625985,1776951625825.924,0.052,0.0,-0.244,0
S01,C1,P01,726,cmd,1776951626041,1776951625881.938,0.053,0.0,-0.244,0
S01,C1,P01,727,cmd,1776951626096,1776951625936.983,0.054,0.0,-0.244,0
S01,C1,P01,728,cmd,1776951626152,1776951625992.922,0.054,0.0,-0.244,0
S01,C1,P01,730,cmd,1776951626209,1776951626049.035,0.054,0.0,-0.244,0
S01,C1,P01,731,cmd,1776951626263,1776951626102.924,0.055,0.0,-0.244,0
S01,C1,P01,732,cmd,1776951626319,1776951626158.95,0.056,0.0,-0.244,0
S01,C1,P01,733,cmd,1776951626374,1776951626214.032,0.056,0.0,-0.244,0
S01,C1,P01,734,cmd,1776951626430,1776951626269.941,0.057,0.0,-0.243,0
S01,C1,P01,735,cmd,1776951626485,1776951626324.93,0.058,0.0,-0.243,0
S01,C1,P01,736,cmd,1776951626541,1776951626380.978,0.058,0.0,-0.243,0
S01,C1,P01,737,cmd,1776951626596,1776951626435.94,0.059,0.0,-0.243,0
S01,C1,P01,738,cmd,1776951626652,1776951626492.035,0.059,0.0,-0.243,0
S01,C1,P01,739,cmd,1776951626708,1776951626548.007,0.06,0.0,-0.243,0
S01,C1,P01,740,cmd,1776951626763,1776951626603.051,0.06,0.0,-0.243,0
S01,C1,P01,741,cmd,1776951626818,1776951626658.026,0.06,0.0,-0.243,0
S01,C1,P01,742,cmd,1776951626874,1776951626713.94,0.06,0.0,-0.243,0
S01,C1,P01,743,cmd,1776951626930,1776951626770.044,0.061,0.0,-0.243,0
S01,C1,P01,744,cmd,1776951626985,1776951626825.022,0.061,0.0,-0.242,0
S01,C1,P01,745,cmd,1776951627041,1776951626881.066,0.061,0.0,-0.242,0
S01,C1,P01,746,cmd,1776951627097,1776951626937.078,0.062,0.0,-0.242,0
S01,C1,P01,747,cmd,1776951627152,1776951626991.93,0.062,0.0,-0.242,0
S01,C1,P01,748,cmd,1776951627208,1776951627048.012,0.062,0.0,-0.242,0
S01,C1,P01,749,cmd,1776951627263,1776951627102.986,0.063,0.0,-0.242,0
S01,C1,P01,750,cmd,1776951627319,1776951627158.944,0.063,0.0,-0.242,0
S01,C1,P01,751,cmd,1776951627375,1776951627214.975,0.071,0.0,-0.24,0
S01,C1,P01,752,cmd,1776951627430,1776951627270.046,0.116,0.0,-0.221,0
S01,C1,P01,753,cmd,1776951627485,1776951627324.934,0.158,0.0,-0.194,0
S01,C1,P01,754,cmd,1776951627542,1776951627382.064,0.172,0.0,-0.181,0
S01,C1,P01,755,cmd,1776951627597,1776951627436.98,0.176,0.0,-0.177,0
S01,C1,P01,756,cmd,1776951627652,1776951627492.077,0.178,0.0,-0.175,0
S01,C1,P01,757,cmd,1776951627708,1776951627547.969,0.179,0.0,-0.175,0
S01,C1,P01,758,cmd,1776951627763,1776951627602.954,0.18,0.0,-0.174,0
S01,C1,P01,759,cmd,1776951627819,1776951627659.068,0.18,0.0,-0.173,0
S01,C1,P01,760,cmd,1776951627875,1776951627715.078,0.18,0.0,-0.173,0
S01,C1,P01,761,cmd,1776951627930,1776951627769.98,0.18,0.0,-0.173,0
S01,C1,P01,762,cmd,1776951627985,1776951627825.004,0.18,0.0,-0.173,0
S01,C1,P01,763,cmd,1776951628041,1776951627880.978,0.18,0.0,-0.173,0
S01,C1,P01,764,cmd,1776951628097,1776951627936.986,0.18,0.0,-0.173,0
S01,C1,P01,765,cmd,1776951628152,1776951627991.966,0.18,0.0,-0.173,0
S01,C1,P01,767,cmd,1776951628208,1776951628047.973,0.18,0.0,-0.174,0
S01,C1,P01,768,cmd,1776951628263,1776951628099.928,0.18,0.0,-0.174,0
S01,C1,P01,769,cmd,1776951628318,1776951628155.08,0.179,0.0,-0.174,0
S01,C1,P01,770,cmd,1776951628374,1776951628211.0,0.179,0.0,-0.174,0
S01,C1,P01,771,cmd,1776951628430,1776951628266.984,0.179,0.0,-0.175,0
S01,C1,P01,772,cmd,1776951628485,1776951628321.932,0.178,0.0,-0.175,0
S01,C1,P01,773,cmd,1776951628541,1776951628377.971,0.175,0.0,-0.179,0
S01,C1,P01,774,cmd,1776951628597,1776951628433.97,0.117,0.0,-0.221,0
S01,C1,P01,775,cmd,1776951628653,1776951628490.074,-0.085,0.0,-0.235,0
S01,C1,P01,776,cmd,1776951628708,1776951628544.983,-0.126,0.0,-0.216,0
S01,C1,P01,777,cmd,1776951628764,1776951628600.959,-0.152,0.0,-0.199,0
S01,C1,P01,778,cmd,1776951628819,1776951628655.953,-0.157,0.0,-0.195,0
S01,C1,P01,779,cmd,1776951628874,1776951628710.987,-0.157,0.0,-0.195,0
S01,C1,P01,780,cmd,1776951628930,1776951628766.993,-0.155,0.0,-0.196,0
S01,C1,P01,781,cmd,1776951628985,1776951628822.063,-0.154,0.0,-0.197,0
S01,C1,P01,782,cmd,1776951629041,1776951628878.011,-0.154,0.0,-0.197,0
S01,C1,P01,783,cmd,1776951629097,1776951628933.982,-0.153,0.0,-0.198,0
S01,C1,P01,784,cmd,1776951629152,1776951628989.034,-0.152,0.0,-0.198,0
S01,C1,P01,785,cmd,1776951629207,1776951629044.026,-0.151,0.0,-0.199,0
S01,C1,P01,786,cmd,1776951629263,1776951629099.976,-0.149,0.0,-0.2,0
S01,C1,P01,787,cmd,1776951629319,1776951629155.928,-0.149,0.0,-0.201,0
S01,C1,P01,788,cmd,1776951629375,1776951629211.927,-0.158,0.0,-0.194,0
S01,C1,P01,789,cmd,1776951629430,1776951629266.935,-0.166,0.0,-0.187,0
S01,C1,P01,790,cmd,1776951629485,1776951629322.056,-0.169,0.0,-0.184,0
S01,C1,P01,791,cmd,1776951629541,1776951629378.068,-0.169,0.0,-0.184,0
S01,C1,P01,792,cmd,1776951629597,1776951629433.968,-0.168,0.0,-0.185,0
S01,C1,P01,793,cmd,1776951629652,1776951629489.004,-0.166,0.0,-0.187,0
S01,C1,P01,794,cmd,1776951629707,1776951629544.018,-0.164,0.0,-0.189,0
S01,C1,P01,795,cmd,1776951629763,1776951629600.035,-0.159,0.0,-0.193,0
S01,C1,P01,796,cmd,1776951629819,1776951629656.036,-0.15,0.0,-0.2,0
S01,C1,P01,797,cmd,1776951629876,1776951629712.984,-0.126,0.0,-0.216,0
S01,C1,P01,798,cmd,1776951629930,1776951629767.051,-0.114,0.0,-0.222,0
S01,C1,P01,799,cmd,1776951629985,1776951629822.004,-0.102,0.0,-0.228,0
S01,C1,P01,800,cmd,1776951630041,1776951629878.08,-0.1,0.0,-0.229,0
S01,C1,P01,801,cmd,1776951630097,1776951629933.928,-0.099,0.0,-0.23,0
S01,C1,P01,802,cmd,1776951630152,1776951629989.061,-0.097,0.0,-0.23,0
S01,C1,P01,804,cmd,1776951630209,1776951630046.074,-0.096,0.0,-0.231,0
S01,C1,P01,805,cmd,1776951630263,1776951630099.057,-0.094,0.0,-0.232,0
S01,C1,P01,806,cmd,1776951630319,1776951630155.041,-0.091,0.0,-0.233,0
S01,C1,P01,807,cmd,1776951630374,1776951630209.96,-0.088,0.0,-0.234,0
S01,C1,P01,808,cmd,1776951630430,1776951630265.99,-0.086,0.0,-0.235,0
S01,C1,P01,809,cmd,1776951630485,1776951630320.943,-0.084,0.0,-0.235,0
S01,C1,P01,810,cmd,1776951630542,1776951630377.978,-0.08,0.0,-0.237,0
S01,C1,P01,811,cmd,1776951630597,1776951630433.07,-0.066,0.0,-0.241,0
