session_id,condition_id,participant_id,seq,original_type,t_q_send_ref_ms,t_b_recv_ms,t_b_pub_ms,t_r_recv_ms
S01,C1,P01,1,cmd,1776951568084.932,1776951568087.171,1776951568088.483,1776951568088.65
S01,C1,P01,5,cmd,1776951575401.965,1776951575408.73,1776951575409.878,1776951575412.795
S01,C1,P01,6,cmd,1776951575455.921,1776951575461.39,1776951575462.369,1776951575466.157
S01,C1,P01,7,cmd,1776951575511.007,1776951575514.231,1776951575515.36,1776951575518.049
S01,C1,P01,8,cmd,1776951575566.958,1776951575570.345,1776951575571.507,1776951575574.707
S01,C1,P01,9,cmd,1776951575622.967,1776951575626.632,1776951575628.089,1776951575631.702
S01,C1,P01,10,cmd,1776951575677.974,1776951575694.634,1776951575695.582,1776951575702.772
S01,C1,P01,11,cmd,1776951575735.074,1776951575736.914,1776951575737.812,1776951575738.694
S01,C1,P01,12,cmd,1776951575788.995,1776951575790.836,1776951575792.446,1776951575792.616
S01,C1,P01,13,cmd,1776951575844.999,1776951575862.11,1776951575862.78,1776951575873.552
S01,C1,P01,15,cmd,1776951575894.943,1776951575899.262,1776951575899.99,1776951575902.242
S01,C1,P01,16,cmd,1776951575950.006,1776951575954.174,1776951575955.306,1776951575957.297
S01,C1,P01,17,cmd,1776951576005.011,1776951576010.161,1776951576010.967,1776951576013.325
S01,C1,P01,18,cmd,1776951576061.031,1776951576073.266,1776951576074.326,1776951576080.035
S01,C1,P01,19,cmd,1776951576115.983,1776951576119.336,1776951576120.89,1776951576121.239
S01,C1,P01,20,cmd,1776951576171.05,1776951576173.806,1776951576175.066,1776951576177.581
S01,C1,P01,21,cmd,1776951576226.945,1776951576231.031,1776951576231.911,1776951576231.981
S01,C1,P01,22,cmd,1776951576281.952,1776951576287.51,1776951576288.185,1776951576290.55
S01,C1,P01,23,cmd,1776951576337.999,1776951576341.224,1776951576342.108,1776951576343.22
S01,C1,P01,24,cmd,1776951576394.077,1776951576400.619,1776951576402.371,1776951576407.346
S01,C1,P01,25,cmd,1776951576449.026,1776951576450.866,1776951576452.148,1776951576452.646
S01,C1,P01,26,cmd,1776951576504.952,1776951576508.212,1776951576509.166,1776951576509.501
S01,C1,P01,27,cmd,1776951576560.041,1776951576561.968,1776951576563.484,1776951576563.662
S01,C1,P01,28,cmd,1776951576616.075,1776951576623.02,1776951576624.079,1776951576626.601
S01,C1,P01,29,cmd,1776951576671.923,1776951576676.133,1776951576677.404,1776951576677.79
S01,C1,P01,30,cmd,1776951576728.009,1776951576735.177,1776951576736.461,1776951576741.309
S01,C1,P01,31,cmd,1776951576783.008,1776951576786.524,1776951576787.451,1776951576788.201
S01,C1,P01,32,cmd,1776951576837.924,1776951576840.903,1776951576841.868,1776951576842.428
S01,C1,P01,33,cmd,1776951576894.005,1776951576896.249,1776951576897.344,1776951576897.625
S01,C1,P01,34,cmd,1776951576949.056,1776951576951.358,1776951576952.561,1776951576952.676
S01,C1,P01,35,cmd,1776951577005.001,1776951577006.841,1776951577007.876,1776951577008.621
S01,C1,P01,36,cmd,1776951577059.938,1776951577063.315,1776951577064.63,1776951577065.408
S01,C1,P01,37,cmd,1776951577116.048,1776951577120.847,1776951577122.724,1776951577123.944
S01,C1,P01,38,cmd,1776951577171.003,1776951577173.672,1776951577174.552,1776951577174.622
S01,C1,P01,39,cmd,1776951577226.99,1776951577235.712,1776951577237.042,1776951577241.836
S01,C1,P01,40,cmd,1776951577282.012,1776951577295.21,1776951577295.821,1776951577303.073
S01,C1,P01,41,cmd,1776951577338.018,1776951577343.518,1776951577345.099,1776951577349.096
S01,C1,P01,42,cmd,1776951577394.03,1776951577400.559,1776951577402.087,1776951577403.202
S01,C1,P01,43,cmd,1776951577449.985,1776951577459.593,1776951577460.454,1776951577465.663
S01,C1,P01,44,cmd,1776951577505.061,1776951577506.901,1776951577508.512,1776951577508.682
S01,C1,P01,45,cmd,1776951577560.028,1776951577574.472,1776951577576.027,1776951577582.632
S01,C1,P01,46,cmd,1776951577616.044,1776951577625.615,1776951577626.52,1776951577630.118
S01,C1,P01,47,cmd,1776951577670.964,1776951577673.486,1776951577674.94,1776951577675.268
S01,C1,P01,48,cmd,1776951577726.94,1776951577735.346,1776951577736.73,1776951577738.737
S01,C1,P01,49,cmd,1776951577783.004,1776951577790.389,1776951577791.894,1776951577793.601
S01,C1,P01,50,cmd,1776951577839.041,1776951577843.46,1776951577844.212,1776951577845.898
S01,C1,P01,52,cmd,1776951577889.928,1776951577903.874,1776951577904.848,1776951577912.904
S01,C1,P01,53,cmd,1776951577944.992,1776951577947.381,1776951577949.244,1776951577950.316
S01,C1,P01,54,cmd,1776951578000.058,1776951578001.898,1776951578002.888,1776951578003.678
S01,C1,P01,55,cmd,1776951578055.966,1776951578057.806,1776951578058.484,1776951578059.586
S01,C1,P01,56,cmd,1776951578332.992,1776951578335.447,1776951578336.516,1776951578336.611
S01,C1,P01,57,cmd,1776951578390.02,1776951578393.75,1776951578394.802,1776951578395.586
S01,C1,P01,58,cmd,1776951578444.944,1776951578446.784,1776951578448.386,1776951578448.564
S01,C1,P01,59,cmd,1776951578500.068,1776951578502.737,1776951578503.617,1776951578503.687
S01,C1,P01,60,cmd,1776951578554.935,1776951578560.407,1776951578562.584,1776951578563.661
S01,C1,P01,61,cmd,1776951578611.01,1776951578616.546,1776951578617.273,1776951578621.48
S01,C1,P01,62,cmd,1776951578666.964,1776951578679.257,1776951578680.282,1776951578686.88
S01,C1,P01,63,cmd,1776951578722.007,1776951578727.279,1776951578728.904,1776951578729.077
S01,C1,P01,64,cmd,1776951578778.078,1776951578780.695,1776951578781.621,1776951578781.698
S01,C1,P01,65,cmd,1776951578833.006,1776951578839.502,1776951578840.652,1776951578842.456
S01,C1,P01,66,cmd,1776951578889.006,1776951578891.456,1776951578892.529,1776951578892.626
S01,C1,P01,67,cmd,1776951578944.949,1776951578950.943,1776951578952.384,1776951578954.326
S01,C1,P01,68,cmd,1776951579000.052,1776951579005.073,1776951579006.149,1776951579008.378
S01,C1,P01,69,cmd,1776951579055.049,1776951579057.251,1776951579058.396,1776951579058.669
S01,C1,P01,70,cmd,1776951579111.019,1776951579117.333,1776951579119.544,1776951579120.823
S01,C1,P01,71,cmd,1776951579167.076,1776951579172.241,1776951579173.37,1776951579175.485
S01,C1,P01,72,cmd,1776951579221.974,1776951579227.072,1776951579228.175,1776951579229.579
S01,C1,P01,73,cmd,1776951579277.049,1776951579283.626,1776951579284.693,1776951579288.063
S01,C1,P01,74,cmd,1776951579332.954,1776951579337.014,1776951579338.022,1776951579338.511
S01,C1,P01,75,cmd,1776951579389.076,1776951579394.083,1776951579395.182,1776951579396.359
S01,C1,P01,76,cmd,1776951579444.015,1776951579451.006,1776951579452.281,1776951579456.018
S01,C1,P01,77,cmd,1776951579499.947,1776951579503.838,1776951579504.667,1776951579506.421
S01,C1,P01,78,cmd,1776951579554.974,1776951579559.165,1776951579560.048,1776951579560.118
S01,C1,P01,79,cmd,1776951579610.964,1776951579614.927,1776951579615.878,1776951579618.442
S01,C1,P01,80,cmd,1776951579667.056,1776951579670.46,1776951579671.344,1776951579672.583
S01,C1,P01,81,cmd,1776951579722.975,1776951579728.723,1776951579729.193,1776951579730.921
S01,C1,P01,82,cmd,1776951579778.035,1776951579783.67,1776951579785.17,1776951579786.108
S01,C1,P01,83,cmd,1776951579834.073,1776951579836.232,1776951579837.325,1776951579837.884
S01,C1,P01,85,cmd,1776951579887.029,1776951579888.869,1776951579889.97,1776951579890.649
S01,C1,P01,86,cmd,1776951579940.94,1776951579948.277,1776951579949.9,1776951579953.174
S01,C1,P01,87,cmd,1776951579996.931,1776951580000.172,1776951580001.29,1776951580001.392
S01,C1,P01,88,cmd,1776951580051.964,1776951580058.903,1776951580059.856,1776951580062.796
S01,C1,P01,89,cmd,1776951580106.938,1776951580111.316,1776951580112.83,1776951580114.941
S01,C1,P01,90,cmd,1776951580162.954,1776951580168.744,1776951580170.151,1776951580174.861
S01,C1,P01,91,cmd,1776951580218.015,1776951580224.17,1776951580225.24,1776951580229.254
S01,C1,P01,92,cmd,1776951580274.005,1776951580278.589,1776951580279.32,1776951580282.7
S01,C1,P01,93,cmd,1776951580328.93,1776951580336.004,1776951580337.017,1776951580341.078
S01,C1,P01,94,cmd,1776951580385.056,1776951580399.591,1776951580400.122,1776951580406.566
S01,C1,P01,95,cmd,1776951580440.982,1776951580442.822,1776951580444.216,1776951580444.602
S01,C1,P01,96,cmd,1776951580496.079,1776951580503.95,1776951580505.234,1776951580509.882
S01,C1,P01,97,cmd,1776951580551.016,1776951580555.442,1776951580558.581,1776951580560.245
S01,C1,P01,98,cmd,1776951580606.972,1776951580613.245,1776951580614.337,1776951580614.436
S01,C1,P01,99,cmd,1776951580661.958,1776951580664.566,1776951580665.76,1776951580670.286
S01,C1,P01,100,cmd,1776951580717.943,1776951580723.717,1776951580724.934,1776951580725.732
S01,C1,P01,101,cmd,1776951580773.94,1776951580775.78,1776951580777.191,1776951580777.56
S01,C1,P01,102,cmd,1776951580828.948,1776951580830.803,1776951580832.25,1776951580832.568
S01,C1,P01,103,cmd,1776951580885.061,1776951580886.901,1776951580888.317,1776951580888.681
S01,C1,P01,104,cmd,1776951580940.027,1776951580942.088,1776951580943.47,1776951580943.647
S01,C1,P01,105,cmd,1776951580996.069,1776951581001.922,1776951581002.856,1776951581003.899
S01,C1,P01,106,cmd,1776951581051.01,1776951581059.417,1776951581061.298,1776951581063.256
S01,C1,P01,107,cmd,1776951581107.02,1776951581109.245,1776951581110.355,1776951581110.64
S01,C1,P01,108,cmd,1776951581163.026,1776951581170.854,1776951581172.739,1776951581174.297
S01,C1,P01,109,cmd,1776951581218.076,1776951581224.39,1776951581226.111,1776951581228.578
S01,C1,P01,110,cmd,1776951581274.053,1776951581282.621,1776951581283.379,1776951581288.771
S01,C1,P01,111,cmd,1776951581329.001,1776951581332.497,1776951581333.589,1776951581335.27
S01,C1,P01,112,cmd,1776951581384.958,1776951581400.931,1776951581402.372,1776951581411.362
S01,C1,P01,113,cmd,1776951581439.998,1776951581443.791,1776951581444.818,1776951581445.528
S01,C1,P01,114,cmd,1776951581496.024,1776951581503.771,1776951581505.548,1776951581507.87
S01,C1,P01,115,cmd,1776951581551.069,1776951581558.586,1776951581559.635,1776951581561.574
S01,C1,P01,116,cmd,1776951581606.932,1776951581609.304,1776951581610.508,1776951581611.197
S01,C1,P01,117,cmd,1776951581663.067,1776951581678.369,1776951581680.617,1776951581687.259
S01,C1,P01,118,cmd,1776951581717.929,1776951581723.284,1776951581724.522,1776951581725.666
S01,C1,P01,119,cmd,1776951581773.044,1776951581775.534,1776951581776.572,1776951581776.664
S01,C1,P01,120,cmd,1776951581828.978,1776951581835.476,1776951581836.572,1776951581840.18
S01,C1,P01,122,cmd,1776951581882.924,1776951581885.464,1776951581886.458,1776951581886.545
S01,C1,P01,123,cmd,1776951581936.956,1776951581941.654,1776951581942.652,1776951581946.208
S01,C1,P01,124,cmd,1776951581993.056,1776951581999.645,1776951582000.784,1776951582005.42
S01,C1,P01,125,cmd,1776951582047.988,1776951582050.231,1776951582051.526,1776951582051.653
S01,C1,P01,126,cmd,1776951582103.974,1776951582109.82,1776951582111.192,1776951582113.966
S01,C1,P01,127,cmd,1776951582159.003,1776951582161.589,1776951582162.543,1776951582162.623
S01,C1,P01,128,cmd,1776951582214.922,1776951582223.664,1776951582225.307,1776951582229.609
S01,C1,P01,129,cmd,1776951582269.96,1776951582275.09,1776951582276.218,1776951582277.962
S01,C1,P01,130,cmd,1776951582326.058,1776951582327.898,1776951582329.079,1776951582329.678
S01,C1,P01,131,cmd,1776951582382.018,1776951582384.883,1776951582385.643,1776951582386.463
S01,C1,P01,132,cmd,1776951582437.036,1776951582441.316,1776951582442.356,1776951582443.601
S01,C1,P01,133,cmd,1776951582492.922,1776951582495.592,1776951582496.302,1776951582496.542
S01,C1,P01,134,cmd,1776951582548.965,1776951582564.415,1776951582565.47,1776951582575.369
S01,C1,P01,135,cmd,1776951582604.067,1776951582609.538,1776951582610.456,1776951582614.913
S01,C1,P01,136,cmd,1776951582660.074,1776951582667.618,1776951582669.402,1776951582671.422
S01,C1,P01,137,cmd,1776951582715.042,1776951582716.897,1776951582717.775,1776951582718.662
S01,C1,P01,138,cmd,1776951582771.027,1776951582784.492,1776951582785.707,1776951582794.62
S01,C1,P01,139,cmd,1776951582825.984,1776951582833.996,1776951582835.677,1776951582837.316
S01,C1,P01,140,cmd,1776951582882.006,1776951582884.676,1776951582885.556,1776951582885.626
S01,C1,P01,141,cmd,1776951582938.006,1776951582945.895,1776951582946.855,1776951582950.775
S01,C1,P01,142,cmd,1776951582992.944,1776951582995.436,1776951582996.343,1776951582997.851
S01,C1,P01,143,cmd,1776951583047.971,1776951583054.344,1776951583055.338,1776951583060.317
S01,C1,P01,144,cmd,1776951583104.032,1776951583112.23,1776951583114.31,1776951583118.879
S01,C1,P01,145,cmd,1776951583158.97,1776951583169.991,1776951583170.92,1776951583177.921
S01,C1,P01,146,cmd,1776951583215.001,1776951583218.362,1776951583219.889,1776951583220.746
S01,C1,P01,147,cmd,1776951583270.052,1776951583281.508,1776951583282.763,1776951583287.769
S01,C1,P01,148,cmd,1776951583326.052,1776951583333.186,1776951583334.081,1776951583337.93
S01,C1,P01,149,cmd,1776951583382.047,1776951583386.282,1776951583386.93,1776951583390.413
S01,C1,P01,150,cmd,1776951583436.948,1776951583439.497,1776951583440.602,1776951583440.703
S01,C1,P01,151,cmd,1776951583493.014,1776951583497.572,1776951583498.4,1776951583500.064
S01,C1,P01,152,cmd,1776951583548.037,1776951583552.315,1776951583553.38,1776951583557.52
S01,C1,P01,153,cmd,1776951583604.068,1776951583608.461,1776951583610.437,1776951583611.835
S01,C1,P01,154,cmd,1776951583658.926,1776951583660.804,1776951583662.192,1776951583662.547
S01,C1,P01,155,cmd,1776951583715.054,1776951583724.143,1776951583725.2,1776951583727.508
S01,C1,P01,156,cmd,1776951583770.062,1776951583771.902,1776951583772.696,1776951583773.682
S01,C1,P01,157,cmd,1776951583826.037,1776951583831.39,1776951583833.266,1776951583834.062
S01,C1,P01,159,cmd,1776951583881.026,1776951583882.867,1776951583884.477,1776951583884.647
S01,C1,P01,160,cmd,1776951583935.943,1776951583937.783,1776951583938.656,1776951583940.608
S01,C1,P01,161,cmd,1776951583991.022,1776951583999.038,1776951584000.45,1776951584002.746
S01,C1,P01,162,cmd,1776951584047.04,1776951584049.71,1776951584050.59,1776951584050.66
S01,C1,P01,163,cmd,1776951584102.057,1776951584109.458,1776951584110.447,1776951584114.978
S01,C1,P01,164,cmd,1776951584157.974,1776951584164.109,1776951584165.152,1776951584166.598
S01,C1,P01,165,cmd,1776951584212.998,1776951584215.238,1776951584216.496,1776951584216.618
S01,C1,P01,166,cmd,1776951584268.994,1776951584273.173,1776951584274.596,1776951584276.696
S01,C1,P01,167,cmd,1776951584323.964,1776951584328.934,1776951584330.85,1776951584333.365
S01,C1,P01,168,cmd,1776951584379.96,1776951584381.8,1776951584383.259,1776951584383.654
S01,C1,P01,169,cmd,1776951584435.024,1776951584437.694,1776951584438.573,1776951584438.644
S01,C1,P01,170,cmd,1776951584491.039,1776951584496.68,1776951584498.788,1776951584500.104
S01,C1,P01,171,cmd,1776951584547.043,1776951584555.439,1776951584556.702,1776951584561.384
S01,C1,P01,172,cmd,1776951584602.002,1776951584604.672,1776951584605.552,1776951584605.622
S01,C1,P01,173,cmd,1776951584658.005,1776951584664.053,1776951584665.059,1776951584668.992
S01,C1,P01,174,cmd,1776951584713.012,1776951584715.376,1776951584716.524,1776951584716.631
S01,C1,P01,175,cmd,1776951584767.984,1776951584773.703,1776951584775.092,1776951584778.572
S01,C1,P01,176,cmd,1776951584823.998,1776951584825.838,1776951584826.795,1776951584827.618
S01,C1,P01,177,cmd,1776951584879.966,1776951584886.088,1776951584887.021,1776951584889.255
S01,C1,P01,178,cmd,1776951584934.956,1776951584939.722,1776951584940.791,1776951584941.724
S01,C1,P01,179,cmd,1776951584990.979,1776951584992.995,1776951584994.45,1776951584994.599
S01,C1,P01,180,cmd,1776951585046.994,1776951585049.188,1776951585050.487,1776951585050.614
S01,C1,P01,181,cmd,1776951585101.956,1776951585108.561,1776951585109.502,1776951585113.203
S01,C1,P01,182,cmd,1776951585158.01,1776951585169.238,1776951585170.201,1776951585176.791
S01,C1,P01,183,cmd,1776951585213.012,1776951585214.852,1776951585216.042,1776951585216.632
S01,C1,P01,184,cmd,1776951585268.924,1776951585271.702,1776951585272.582,1776951585272.652
S01,C1,P01,185,cmd,1776951585323.997,1776951585326.497,1776951585327.526,1776951585327.617
S01,C1,P01,186,cmd,1776951585380.007,1776951585382.142,1776951585383.13,1776951585383.64
S01,C1,P01,187,cmd,1776951585434.931,1776951585439.851,1776951585441.534,1776951585443.61
S01,C1,P01,188,cmd,1776951585491.004,1776951585496.874,1776951585498.202,1776951585500.032
S01,C1,P01,189,cmd,1776951585547.036,1776951585551.807,1776951585552.996,1776951585553.731
S01,C1,P01,190,cmd,1776951585602.034,1776951585607.912,1776951585608.755,1776951585612.318
S01,C1,P01,191,cmd,1776951585656.949,1776951585662.34,1776951585663.409,1776951585665.821
S01,C1,P01,192,cmd,1776951585713.95,1776951585724.37,1776951585725.476,1776951585732.115
S01,C1,P01,193,cmd,1776951585768.052,1776951585773.938,1776951585775.03,1776951585779.95
S01,C1,P01,194,cmd,1776951585823.973,1776951585826.643,1776951585827.522,1776951585827.593
S01,C1,P01,196,cmd,1776951585881.054,1776951585883.724,1776951585884.569,1776951585884.674
S01,C1,P01,197,cmd,1776951585933.946,1776951585939.312,1776951585940.119,1776951585943.169
S01,C1,P01,198,cmd,1776951585990.058,1776951585992.728,1776951585993.608,1776951585993.678
S01,C1,P01,199,cmd,1776951586045.024,1776951586050.129,1776951586051.162,1776951586054.489
S01,C1,P01,200,cmd,1776951586100.974,1776951586103.605,1776951586104.328,1776951586105.609
S01,C1,P01,201,cmd,1776951586157.047,1776951586158.888,1776951586160.498,1776951586160.668
S01,C1,P01,202,cmd,1776951586211.97,1776951586227.202,1776951586228.382,1776951586238.374
S01,C1,P01,203,cmd,1776951586267.025,1776951586270.208,1776951586271.088,1776951586271.158
S01,C1,P01,204,cmd,1776951586322.982,1776951586327.634,1776951586328.555,1776951586330.948
S01,C1,P01,205,cmd,1776951586379.016,1776951586381.486,1776951586382.541,1776951586382.636
S01,C1,P01,206,cmd,1776951586434.018,1776951586438.832,1776951586440.666,1776951586440.942
S01,C1,P01,207,cmd,1776951586489.97,1776951586493.631,1776951586494.918,1776951586498.416
S01,C1,P01,208,cmd,1776951586545.076,1776951586546.916,1776951586547.77,1776951586551.392
S01,C1,P01,209,cmd,1776951586601.052,1776951586606.146,1776951586607.398,1776951586609.349
S01,C1,P01,210,cmd,1776951586656.017,1776951586663.982,1776951586665.054,1776951586668.356
S01,C1,P01,211,cmd,1776951586711.925,1776951586714.268,1776951586715.668,1776951586717.682
S01,C1,P01,212,cmd,1776951586766.972,1776951586771.814,1776951586773.019,1776951586774.215
S01,C1,P01,213,cmd,1776951586823.028,1776951586827.971,1776951586829.001,1776951586834.07
S01,C1,P01,214,cmd,1776951586878.949,1776951586880.789,1776951586881.9,1776951586882.569
S01,C1,P01,215,cmd,1776951586935.024,1776951586944.08,1776951586945.514,1776951586947.204
S01,C1,P01,216,cmd,1776951586990.023,1776951586993.552,1776951586995.228,1776951586995.943
S01,C1,P01,217,cmd,1776951587045.065,1776951587051.362,1776951587052.854,1776951587055.25
S01,C1,P01,218,cmd,1776951587100.958,1776951587103.704,1776951587105.159,1776951587106.884
S01,C1,P01,219,cmd,1776951587156.979,1776951587159.078,1776951587159.857,1776951587160.599
S01,C1,P01,220,cmd,1776951587211.958,1776951587221.891,1776951587223.076,1776951587226.901
S01,C1,P01,221,cmd,1776951587267.042,1776951587275.45,1776951587276.938,1776951587282.031
S01,C1,P01,222,cmd,1776951587323.019,1776951587325.322,1776951587325.814,1776951587327.167
S01,C1,P01,223,cmd,1776951587379.019,1776951587382.842,1776951587384.517,1776951587385.53
S01,C1,P01,224,cmd,1776951587434.932,1776951587437.602,1776951587438.482,1776951587438.552
S01,C1,P01,225,cmd,1776951587489.943,1776951587493.776,1776951587495.042,1776951587497.223
S01,C1,P01,226,cmd,1776951587544.972,1776951587549.635,1776951587550.569,1776951587553.145
S01,C1,P01,227,cmd,1776951587601.062,1776951587609.624,1776951587611.412,1776951587615.81
S01,C1,P01,228,cmd,1776951587657.022,1776951587659.364,1776951587660.443,1776951587660.642
S01,C1,P01,229,cmd,1776951587711.985,1776951587714.146,1776951587714.859,1776951587715.605
S01,C1,P01,230,cmd,1776951587767.05,1776951587774.814,1776951587775.874,1776951587776.717
S01,C1,P01,231,cmd,1776951587822.938,1776951587824.778,1776951587825.699,1776951587826.558
S01,C1,P01,233,cmd,1776951587879.959,1776951587886.227,1776951587888.071,1776951587889.6
S01,C1,P01,234,cmd,1776951587931.967,1776951587937.334,1776951587938.345,1776951587940.218
S01,C1,P01,235,cmd,1776951587987.982,1776951587991.962,1776951587992.793,1776951587994.284
S01,C1,P01,236,cmd,1776951588044.039,1776951588049.766,1776951588051.362,1776951588052.46
S01,C1,P01,237,cmd,1776951588098.962,1776951588101.632,1776951588102.357,1776951588102.582
S01,C1,P01,238,cmd,1776951588155.016,1776951588159.979,1776951588160.892,1776951588162.611
S01,C1,P01,239,cmd,1776951588209.983,1776951588226.925,1776951588228.087,1776951588236.388
S01,C1,P01,240,cmd,1776951588264.964,1776951588270.185,1776951588272.255,1776951588274.515
S01,C1,P01,241,cmd,1776951588321.036,1776951588322.986,1776951588324.302,1776951588325.173
S01,C1,P01,242,cmd,1776951588377.056,1776951588378.896,1776951588380.21,1776951588380.95
S01,C1,P01,243,cmd,1776951588432.966,1776951588436.754,1776951588438.282,1776951588440.266
S01,C1,P01,244,cmd,1776951588488.042,1776951588492.422,1776951588493.342,1776951588493.418
S01,C1,P01,245,cmd,1776951588542.962,1776951588548.692,1776951588549.853,1776951588550.866
S01,C1,P01,246,cmd,1776951588598.931,1776951588605.01,1776951588606.249,1776951588606.776
S01,C1,P01,247,cmd,1776951588654.992,1776951588664.303,1776951588665.546,1776951588669.601
S01,C1,P01,248,cmd,1776951588710.018,1776951588717.987,1776951588719.265,1776951588723.104
S01,C1,P01,249,cmd,1776951588765.938,1776951588770.775,1776951588771.987,1776951588774.958
S01,C1,P01,250,cmd,1776951588820.92,1776951588822.76,1776951588824.327,1776951588824.54
S01,C1,P01,251,cmd,1776951588876.934,1776951588880.623,1776951588881.585,1776951588883.512
S01,C1,P01,252,cmd,1776951588931.944,1776951588939.048,1776951588940.741,1776951588942.454
S01,C1,P01,253,cmd,1776951588987.927,1776951588991.324,1776951588992.878,1776951588994.294
S01,C1,P01,254,cmd,1776951589044.048,1776951589048.176,1776951589049.492,1776951589049.622
S01,C1,P01,255,cmd,1776951589099.071,1776951589105.891,1776951589107.68,1776951589109.652
S01,C1,P01,256,cmd,1776951589153.995,1776951589157.583,1776951589158.726,1776951589159.58
S01,C1,P01,257,cmd,1776951589209.952,1776951589215.073,1776951589215.883,1776951589217.818
S01,C1,P01,258,cmd,1776951589264.98,1776951589267.65,1776951589268.53,1776951589268.6
S01,C1,P01,259,cmd,1776951589320.945,1776951589322.842,1776951589324.04,1776951589324.741
S01,C1,P01,260,cmd,1776951589376.947,1776951589379.126,1776951589380.629,1776951589380.858
S01,C1,P01,261,cmd,1776951589432.053,1776951589437.367,1776951589438.41,1776951589441.384
S01,C1,P01,262,cmd,1776951589487.929,1776951589492.648,1776951589493.951,1776951589496.572
S01,C1,P01,263,cmd,1776951589544.042,1776951589550.106,1776951589551.194,1776951589553.449
S01,C1,P01,264,cmd,1776951589598.982,1776951589602.182,1776951589603.759,1776951589605.333
S01,C1,P01,265,cmd,1776951589654.002,1776951589656.132,1776951589656.878,1776951589657.622
S01,C1,P01,266,cmd,1776951589710.044,1776951589716.564,1776951589717.881,1776951589721.36
S01,C1,P01,267,cmd,1776951589765.999,1776951589769.674,1776951589770.49,1776951589773.521
S01,C1,P01,268,cmd,1776951589821.024,1776951589826.871,1776951589827.964,1776951589830.515
S01,C1,P01,269,cmd,1776951589877.031,1776951589882.267,1776951589883.315,1776951589884.551
S01,C1,P01,271,cmd,1776951589932.006,1776951589938.619,1776951589939.74,1776951589944.518
S01,C1,P01,272,cmd,1776951589992.041,1776951589998.496,1776951590000.238,1776951590002.239
S01,C1,P01,273,cmd,1776951590047.028,1776951590055.41,1776951590056.526,1776951590061.381
S01,C1,P01,274,cmd,1776951590103.058,1776951590104.898,1776951590106.832,1776951590108.517
S01,C1,P01,275,cmd,1776951590158.018,1776951590162.548,1776951590163.59,1776951590166.078
S01,C1,P01,276,cmd,1776951590214.031,1776951590219.948,1776951590221.064,1776951590222.092
S01,C1,P01,277,cmd,1776951590269.056,1776951590273.676,1776951590274.779,1776951590277.028
S01,C1,P01,278,cmd,1776951590324.98,1776951590330.808,1776951590332.193,1776951590334.897
S01,C1,P01,279,cmd,1776951590380.94,1776951590385.065,1776951590385.988,1776951590388.186
S01,C1,P01,280,cmd,1776951590436.065,1776951590439.224,1776951590441.353,1776951590441.594
S01,C1,P01,281,cmd,1776951590492.068,1776951590494.738,1776951590495.618,1776951590495.688
S01,C1,P01,282,cmd,1776951590547.078,1776951590562.578,1776951590563.722,1776951590571.38
S01,C1,P01,283,cmd,1776951590603.016,1776951590611.322,1776951590612.273,1776951590617.127
S01,C1,P01,284,cmd,1776951590659.02,1776951590661.04,1776951590662.492,1776951590662.64
S01,C1,P01,285,cmd,1776951590714.053,1776951590723.944,1776951590725.129,1776951590731.162
S01,C1,P01,286,cmd,1776951590769.06,1776951590771.572,1776951590772.286,1776951590772.68
S01,C1,P01,287,cmd,1776951590825.017,1776951590826.858,1776951590828.468,1776951590828.638
S01,C1,P01,288,cmd,1776951590880.925,1776951590885.192,1776951590886.231,1776951590886.323
S01,C1,P01,289,cmd,1776951590935.946,1776951590938.279,1776951590939.455,1776951590939.566
S01,C1,P01,290,cmd,1776951590991.991,1776951590996.777,1776951590997.708,1776951591000.661
S01,C1,P01,291,cmd,1776951591047.038,1776951591048.878,1776951591050.286,1776951591050.658
S01,C1,P01,292,cmd,1776951591103.934,1776951591107.969,1776951591109.402,1776951591110.353
S01,C1,P01,293,cmd,1776951591158.078,1776951591162.766,1776951591163.948,1776951591164.059
S01,C1,P01,294,cmd,1776951591214.005,1776951591218.766,1776951591219.553,1776951591222.71
S01,C1,P01,295,cmd,1776951591269.026,1776951591273.013,1776951591273.873,1776951591274.356
S01,C1,P01,296,cmd,1776951591325.065,1776951591334.016,1776951591335.408,1776951591339.231
S01,C1,P01,297,cmd,1776951591381.968,1776951591384.494,1776951591385.516,1776951591386.188
S01,C1,P01,298,cmd,1776951591436.032,1776951591442.643,1776951591443.584,1776951591445.626
S01,C1,P01,299,cmd,1776951591491.934,1776951591494.544,1776951591495.477,1776951591495.554
S01,C1,P01,300,cmd,1776951591546.948,1776951591557.771,1776951591558.513,1776951591564.976
S01,C1,P01,301,cmd,1776951591602.982,1776951591615.886,1776951591616.653,1776951591623.795
S01,C1,P01,302,cmd,1776951591658.071,1776951591663.859,1776951591665.191,1776951591667.349
S01,C1,P01,303,cmd,1776951591714.018,1776951591715.957,1776951591716.891,1776951591717.638
S01,C1,P01,304,cmd,1776951591769.026,1776951591771.696,1776951591772.576,1776951591772.646
S01,C1,P01,305,cmd,1776951591824.99,1776951591829.585,1776951591831.344,1776951591832.007
S01,C1,P01,306,cmd,1776951591880.98,1776951591886.542,1776951591887.276,1776951591888.42
S01,C1,P01,308,cmd,1776951591933.956,1776951591938.606,1776951591939.612,1776951591942.008
S01,C1,P01,309,cmd,1776951591989.98,1776951591995.066,1776951591996.656,1776951591998.099
S01,C1,P01,310,cmd,1776951592044.932,1776951592050.5,1776951592051.693,1776951592053.512
S01,C1,P01,311,cmd,1776951592101.017,1776951592105.302,1776951592106.324,1776951592108.334
S01,C1,P01,312,cmd,1776951592156.936,1776951592158.837,1776951592160.39,1776951592160.556
S01,C1,P01,313,cmd,1776951592211.923,1776951592218.909,1776951592220.438,1776951592223.11
S01,C1,P01,314,cmd,1776951592267.069,1776951592277.044,1776951592278.082,1776951592283.193
S01,C1,P01,315,cmd,1776951592323.017,1776951592325.997,1776951592327.362,1776951592328.381
S01,C1,P01,316,cmd,1776951592378.962,1776951592381.912,1776951592383.008,1776951592384.215
S01,C1,P01,317,cmd,1776951592433.984,1776951592437.7,1776951592438.655,1776951592440.661
S01,C1,P01,318,cmd,1776951592490.068,1776951592492.795,1776951592493.509,1776951592494.22
S01,C1,P01,319,cmd,1776951592546.031,1776951592556.62,1776951592557.406,1776951592562.213
S01,C1,P01,320,cmd,1776951592600.981,1776951592606.618,1776951592607.972,1776951592609.86
S01,C1,P01,321,cmd,1776951592656.92,1776951592658.76,1776951592659.802,1776951592660.54
S01,C1,P01,322,cmd,1776951592712.039,1776951592714.436,1776951592716.195,1776951592717.066
S01,C1,P01,323,cmd,1776951592768.028,1776951592775.79,1776951592777.275,1776951592778.895
S01,C1,P01,324,cmd,1776951592823.073,1776951592827.144,1776951592828.395,1776951592829.816
S01,C1,P01,325,cmd,1776951592879.044,1776951592884.629,1776951592886.805,1776951592887.826
S01,C1,P01,326,cmd,1776951592935.003,1776951592947.88,1776951592949.291,1776951592954.274
S01,C1,P01,327,cmd,1776951592989.93,1776951592994.137,1776951592994.807,1776951592997.819
S01,C1,P01,328,cmd,1776951593046.048,1776951593058.156,1776951593059.381,1776951593064.049
S01,C1,P01,329,cmd,1776951593101.069,1776951593105.018,1776951593106.191,1776951593106.654
S01,C1,P01,330,cmd,1776951593157.03,1776951593161.203,1776951593162.645,1776951593164.093
S01,C1,P01,331,cmd,1776951593212.032,1776951593218.131,1776951593219.613,1776951593221.091
S01,C1,P01,332,cmd,1776951593268.063,1776951593270.438,1776951593271.577,1776951593271.683
S01,C1,P01,333,cmd,1776951593323.078,1776951593326.724,1776951593327.954,1776951593329.596
S01,C1,P01,334,cmd,1776951593378.982,1776951593383.505,1776951593384.487,1776951593386.979
S01,C1,P01,335,cmd,1776951593433.99,1776951593439.76,1776951593441.192,1776951593444.852
S01,C1,P01,336,cmd,1776951593490.004,1776951593491.844,1776951593493.299,1776951593493.624
S01,C1,P01,337,cmd,1776951593546.024,1776951593549.894,1776951593550.774,1776951593550.844
S01,C1,P01,338,cmd,1776951593600.984,1776951593603.348,1776951593604.498,1776951593604.604
S01,C1,P01,339,cmd,1776951593655.954,1776951593658.624,1776951593659.151,1776951593659.574
S01,C1,P01,340,cmd,1776951593712.009,1776951593721.127,1776951593722.221,1776951593728.598
S01,C1,P01,341,cmd,1776951593766.972,1776951593772.874,1776951593773.927,1776951593775.092
S01,C1,P01,342,cmd,1776951593823.073,1776951593834.288,1776951593835.548,1776951593841.193
S01,C1,P01,343,cmd,1776951593879.072,1776951593886.46,1776951593887.941,1776951593892.552
S01,C1,P01,345,cmd,1776951593934.99,1776951593941.339,1776951593942.754,1776951593945.704
S01,C1,P01,346,cmd,1776951593989.964,1776951594000.562,1776951594001.774,1776951594005.253
S01,C1,P01,347,cmd,1776951594045.012,1776951594049.576,1776951594050.936,1776951594053.348
S01,C1,P01,348,cmd,1776951594100.995,1776951594103.665,1776951594104.545,1776951594104.615
S01,C1,P01,349,cmd,1776951594156.002,1776951594163.525,1776951594164.356,1776951594167.515
S01,C1,P01,350,cmd,1776951594210.926,1776951594213.392,1776951594214.452,1776951594214.546
S01,C1,P01,351,cmd,1776951594265.938,1776951594269.371,1776951594270.285,1776951594271.621
S01,C1,P01,352,cmd,1776951594321.988,1776951594329.852,1776951594331.05,1776951594336.124
S01,C1,P01,353,cmd,1776951594377.934,1776951594385.839,1776951594387.395,1776951594390.602
S01,C1,P01,354,cmd,1776951594433.043,1776951594438.22,1776951594439.293,1776951594439.39
S01,C1,P01,355,cmd,1776951594488.996,1776951594497.512,1776951594498.768,1776951594503.347
S01,C1,P01,356,cmd,1776951594544.008,1776951594552.312,1776951594553.131,1776951594558.161
S01,C1,P01,357,cmd,1776951594600.047,1776951594607.459,1776951594608.394,1776951594610.221
S01,C1,P01,358,cmd,1776951594655.036,1776951594670.633,1776951594672.272,1776951594681.441
S01,C1,P01,359,cmd,1776951594711.924,1776951594713.765,1776951594714.305,1776951594715.895
S01,C1,P01,360,cmd,1776951594766.946,1776951594769.966,1776951594771.367,1776951594772.162
S01,C1,P01,361,cmd,1776951594822.055,1776951594826.413,1776951594827.472,1776951594828.537
S01,C1,P01,362,cmd,1776951594877.98,1776951594880.726,1776951594881.671,1776951594882.23
S01,C1,P01,363,cmd,1776951594933.955,1776951594941.549,1776951594943.087,1776951594947.516
S01,C1,P01,364,cmd,1776951594988.992,1776951594990.9,1776951594991.96,1776951594992.848
S01,C1,P01,365,cmd,1776951595044.028,1776951595046.698,1776951595047.578,1776951595047.648
S01,C1,P01,366,cmd,1776951595100.046,1776951595105.794,1776951595106.823,1776951595108.908
S01,C1,P01,367,cmd,1776951595156.069,1776951595158.536,1776951595159.457,1776951595159.689
S01,C1,P01,368,cmd,1776951595210.937,1776951595218.915,1776951595219.379,1776951595224.9
S01,C1,P01,369,cmd,1776951595265.974,1776951595267.815,1776951595268.719,1776951595269.595
S01,C1,P01,370,cmd,1776951595322.044,1776951595325.012,1776951595325.937,1776951595327.51
S01,C1,P01,371,cmd,1776951595378.019,1776951595379.86,1776951595380.865,1776951595381.64
S01,C1,P01,372,cmd,1776951595432.928,1776951595436.94,1776951595437.8,1776951595439.806
S01,C1,P01,373,cmd,1776951595489.065,1776951595495.49,1776951595496.538,1776951595500.368
S01,C1,P01,374,cmd,1776951595543.964,1776951595549.802,1776951595550.864,1776951595554.442
S01,C1,P01,375,cmd,1776951595600.072,1776951595601.991,1776951595602.917,1776951595603.692
S01,C1,P01,376,cmd,1776951595654.959,1776951595663.974,1776951595665.158,1776951595668.933
S01,C1,P01,377,cmd,1776951595712.01,1776951595714.202,1776951595716.127,1776951595716.852
S01,C1,P01,378,cmd,1776951595767.002,1776951595772.016,1776951595773.558,1776951595777.269
S01,C1,P01,379,cmd,1776951595822.925,1776951595825.488,1776951595826.462,1776951595826.545
S01,C1,P01,380,cmd,1776951595878.992,1776951595882.187,1776951595883.046,1776951595884.837
S01,C1,P01,382,cmd,1776951595932.991,1776951595934.831,1776951595936.121,1776951595937.167
S01,C1,P01,383,cmd,1776951595987.932,1776951595991.628,1776951595992.882,1776951595994.76
S01,C1,P01,384,cmd,1776951596041.992,1776951596049.275,1776951596050.598,1776951596054.846
S01,C1,P01,385,cmd,1776951596097.976,1776951596101.836,1776951596103.25,1776951596107.17
S01,C1,P01,386,cmd,1776951596152.974,1776951596161.394,1776951596162.262,1776951596166.974
S01,C1,P01,387,cmd,1776951596210.076,1776951596222.747,1776951596224.006,1776951596231.117
S01,C1,P01,388,cmd,1776951596264.001,1776951596266.382,1776951596267.409,1776951596267.621
S01,C1,P01,389,cmd,1776951596319.991,1776951596323.459,1776951596324.766,1776951596326.198
S01,C1,P01,390,cmd,1776951596375.93,1776951596384.13,1776951596384.643,1776951596389.57
S01,C1,P01,391,cmd,1776951596432.025,1776951596433.943,1776951596435.113,1776951596435.645
S01,C1,P01,392,cmd,1776951596487.077,1776951596494.041,1776951596495.589,1776951596497.62
S01,C1,P01,393,cmd,1776951596541.946,1776951596543.786,1776951596544.76,1776951596545.567
S01,C1,P01,394,cmd,1776951596597.957,1776951596606.591,1776951596607.817,1776951596611.614
S01,C1,P01,395,cmd,1776951596654.076,1776951596662.454,1776951596664.087,1776951596668.761
S01,C1,P01,396,cmd,1776951596709.079,1776951596721.926,1776951596723.192,1776951596728.966
S01,C1,P01,397,cmd,1776951596764.04,1776951596768.361,1776951596769.41,1776951596770.752
S01,C1,P01,398,cmd,1776951596820.078,1776951596826.368,1776951596827.754,1776951596829.152
S01,C1,P01,399,cmd,1776951596876.039,1776951596878.43,1776951596879.201,1776951596879.659
S01,C1,P01,400,cmd,1776951596931.972,1776951596939.392,1776951596940.426,1776951596943.572
S01,C1,P01,401,cmd,1776951596986.949,1776951596993.922,1776951596994.984,1776951596997.252
S01,C1,P01,402,cmd,1776951597042.007,1776951597046.111,1776951597046.947,1776951597050.912
S01,C1,P01,403,cmd,1776951597097.989,1776951597102.57,1776951597103.428,1776951597106.669
S01,C1,P01,404,cmd,1776951597152.989,1776951597157.216,1776951597158.498,1776951597160.34
S01,C1,P01,405,cmd,1776951597208.968,1776951597218.422,1776951597220.285,1776951597225.185
S01,C1,P01,406,cmd,1776951597265.068,1776951597268.28,1776951597269.103,1776951597270.6
S01,C1,P01,407,cmd,1776951597320.03,1776951597322.496,1776951597323.555,1776951597323.65
S01,C1,P01,408,cmd,1776951597375.929,1776951597379.462,1776951597380.286,1776951597382.364
S01,C1,P01,409,cmd,1776951597432.005,1776951597439.169,1776951597440.553,1776951597443.875
S01,C1,P01,410,cmd,1776951597486.993,1776951597489.053,1776951597489.943,1776951597490.613
S01,C1,P01,411,cmd,1776951597542.036,1776951597545.089,1776951597546.08,1776951597547.365
S01,C1,P01,412,cmd,1776951597598.056,1776951597605.008,1776951597606.336,1776951597608.34
S01,C1,P01,413,cmd,1776951597653.007,1776951597656.82,1776951597657.702,1776951597660.584
S01,C1,P01,414,cmd,1776951597708.922,1776951597716.114,1776951597717.3,1776951597721.622
S01,C1,P01,415,cmd,1776951597763.99,1776951597769.164,1776951597770.246,1776951597773.122
S01,C1,P01,416,cmd,1776951597820.015,1776951597827.251,1776951597828.364,1776951597829.8
S01,C1,P01,417,cmd,1776951597876.04,1776951597885.853,1776951597887.203,1776951597893.114
S01,C1,P01,419,cmd,1776951597932.01,1776951597940.364,1776951597941.325,1776951597943.597
S01,C1,P01,420,cmd,1776951597987.075,1776951597994.797,1776951597995.731,1776951598000.311
S01,C1,P01,421,cmd,1776951598041.94,1776951598044.499,1776951598045.488,1776951598046.356
S01,C1,P01,422,cmd,1776951598098.075,1776951598105.254,1776951598107.189,1776951598110.202
S01,C1,P01,423,cmd,1776951598153.982,1776951598158.455,1776951598159.746,1776951598160.573
S01,C1,P01,424,cmd,1776951598208.938,1776951598215.132,1776951598215.974,1776951598218.922
S01,C1,P01,425,cmd,1776951598264.052,1776951598267.72,1776951598268.565,1776951598268.67
S01,C1,P01,426,cmd,1776951598320.06,1776951598327.281,1776951598327.891,1776951598330.092
S01,C1,P01,427,cmd,1776951598376.061,1776951598379.57,1776951598380.943,1776951598381.866
S01,C1,P01,428,cmd,1776951598432.044,1776951598434.54,1776951598435.589,1776951598436.48
S01,C1,P01,429,cmd,1776951598487.024,1776951598503.499,1776951598504.621,1776951598513.428
S01,C1,P01,430,cmd,1776951598542.014,1776951598551.361,1776951598551.996,1776951598555.265
S01,C1,P01,431,cmd,1776951598597.986,1776951598599.826,1776951598600.804,1776951598601.606
S01,C1,P01,432,cmd,1776951598653.934,1776951598659.915,1776951598661.919,1776951598662.826
S01,C1,P01,433,cmd,1776951598709.018,1776951598710.858,1776951598711.806,1776951598712.638
S01,C1,P01,434,cmd,1776951598764.078,1776951598769.349,1776951598770.455,1776951598772.238
S01,C1,P01,435,cmd,1776951598819.932,1776951598824.984,1776951598826.454,1776951598829.855
S01,C1,P01,436,cmd,1776951598876.068,1776951598880.354,1776951598881.354,1776951598883.186
S01,C1,P01,437,cmd,1776951598931.965,1776951598937.098,1776951598938.01,1776951598940.918
S01,C1,P01,438,cmd,1776951598987.006,1776951598994.703,1776951598996.526,1776951598997.56
S01,C1,P01,439,cmd,1776951599042.984,1776951599045.044,1776951599046.702,1776951599048.546
S01,C1,P01,440,cmd,1776951599098.057,1776951599099.898,1776951599100.672,1776951599101.678
S01,C1,P01,441,cmd,1776951599153.986,1776951599155.827,1776951599157.437,1776951599157.607
S01,C1,P01,442,cmd,1776951599209.994,1776951599212.318,1776951599213.502,1776951599213.614
S01,C1,P01,443,cmd,1776951599264.972,1776951599269.606,1776951599271.162,1776951599273.068
S01,C1,P01,444,cmd,1776951599319.969,1776951599323.209,1776951599324.04,1776951599324.593
S01,C1,P01,445,cmd,1776951599375.967,1776951599380.8,1776951599381.598,1776951599384.861
S01,C1,P01,446,cmd,1776951599432.022,1776951599442.294,1776951599443.59,1776951599448.975
S01,C1,P01,447,cmd,1776951599487.035,1776951599493.313,1776951599494.179,1776951599498.842
S01,C1,P01,448,cmd,1776951599543.05,1776951599545.682,1776951599547.302,1776951599548.478
S01,C1,P01,449,cmd,1776951599597.982,1776951599600.49,1776951599601.512,1776951599601.602
S01,C1,P01,450,cmd,1776951599654.078,1776951599661.762,1776951599662.866,1776951599667.7
S01,C1,P01,451,cmd,1776951599708.993,1776951599710.833,1776951599712.022,1776951599712.613
S01,C1,P01,452,cmd,1776951599764.94,1776951599768.727,1776951599770.35,1776951599772.901
S01,C1,P01,453,cmd,1776951599819.948,1776951599823.33,1776951599824.286,1776951599824.722
S01,C1,P01,454,cmd,1776951599875.937,1776951599888.251,1776951599888.896,1776951599895.232
S01,C1,P01,456,cmd,1776951599932.961,1776951599939.524,1776951599940.86,1776951599944.481
S01,C1,P01,457,cmd,1776951599986.018,1776951599987.949,1776951599989.071,1776951599989.638
S01,C1,P01,458,cmd,1776951600041.93,1776951600043.77,1776951600044.48,1776951600045.55
S01,C1,P01,459,cmd,1776951600097.011,1776951600107.553,1776951600108.501,1776951600113.695
S01,C1,P01,460,cmd,1776951600153.0,1776951600155.713,1776951600156.544,1776951600158.812
S01,C1,P01,461,cmd,1776951600209.044,1776951600219.901,1776951600220.902,1776951600225.585
S01,C1,P01,462,cmd,1776951600262.939,1776951600268.234,1776951600268.776,1776951600272.098
S01,C1,P01,463,cmd,1776951600319.072,1776951600321.742,1776951600322.622,1776951600322.692
S01,C1,P01,464,cmd,1776951600375.042,1776951600377.88,1776951600379.164,1776951600380.512
S01,C1,P01,465,cmd,1776951600430.986,1776951600433.988,1776951600435.136,1776951600437.484
S01,C1,P01,466,cmd,1776951600487.042,1776951600489.585,1776951600490.737,1776951600490.87
S01,C1,P01,467,cmd,1776951600542.027,1776951600544.697,1776951600545.576,1776951600545.647
S01,C1,P01,468,cmd,1776951600597.031,1776951600601.758,1776951600603.014,1776951600605.644
S01,C1,P01,469,cmd,1776951600653.032,1776951600659.44,1776951600660.18,1776951600663.473
S01,C1,P01,470,cmd,1776951600709.054,1776951600715.341,1776951600716.412,1776951600720.527
S01,C1,P01,471,cmd,1776951600763.002,1776951600766.114,1776951600767.616,1776951600768.43
S01,C1,P01,472,cmd,1776951600819.027,1776951600823.873,1776951600824.893,1776951600827.134
S01,C1,P01,473,cmd,1776951600875.05,1776951600881.208,1776951600882.433,1776951600884.4
S01,C1,P01,474,cmd,1776951600931.047,1776951600941.387,1776951600942.2,1776951600949.334
S01,C1,P01,475,cmd,1776951600986.076,1776951600988.57,1776951600989.735,1776951600990.41
S01,C1,P01,476,cmd,1776951601040.978,1776951601048.142,1776951601049.084,1776951601050.942
S01,C1,P01,477,cmd,1776951601097.047,1776951601104.291,1776951601105.602,1776951601108.862
S01,C1,P01,478,cmd,1776951601153.063,1776951601155.922,1776951601156.801,1776951601156.872
S01,C1,P01,479,cmd,1776951601207.92,1776951601209.805,1776951601210.645,1776951601212.578
S01,C1,P01,480,cmd,1776951601263.044,1776951601267.714,1776951601268.62,1776951601271.973
S01,C1,P01,481,cmd,1776951601318.956,1776951601322.608,1776951601323.645,1776951601325.402
S01,C1,P01,482,cmd,1776951601374.953,1776951601376.928,1776951601377.849,1776951601378.573
S01,C1,P01,483,cmd,1776951601430.978,1776951601439.128,1776951601439.922,1776951601441.838
S01,C1,P01,484,cmd,1776951601485.968,1776951601487.808,1776951601489.029,1776951601490.422
S01,C1,P01,485,cmd,1776951601542.01,1776951601543.85,1776951601544.8,1776951601545.63
S01,C1,P01,486,cmd,1776951601597.047,1776951601602.637,1776951601604.146,1776951601604.464
S01,C1,P01,487,cmd,1776951601653.022,1776951601662.757,1776951601664.333,1776951601669.255
S01,C1,P01,488,cmd,1776951601709.077,1776951601712.008,1776951601712.82,1776951601715.037
S01,C1,P01,489,cmd,1776951601764.028,1776951601766.684,1776951601767.576,1776951601767.648
S01,C1,P01,490,cmd,1776951601818.946,1776951601829.132,1776951601831.148,1776951601834.316
S01,C1,P01,491,cmd,1776951601875.004,1776951601885.556,1776951601886.71,1776951601892.642
S01,C1,P01,493,cmd,1776951601932.0,1776951601939.957,1776951601940.772,1776951601942.524
S01,C1,P01,494,cmd,1776951601984.961,1776951601987.325,1776951601988.152,1776951601988.581
S01,C1,P01,495,cmd,1776951602040.052,1776951602043.464,1776951602045.412,1776951602045.894
S01,C1,P01,496,cmd,1776951602095.946,1776951602098.23,1776951602099.371,1776951602099.566
S01,C1,P01,497,cmd,1776951602151.961,1776951602154.693,1776951602155.522,1776951602158.495
S01,C1,P01,498,cmd,1776951602208.024,1776951602217.86,1776951602219.026,1776951602223.099
S01,C1,P01,499,cmd,1776951602262.045,1776951602263.885,1776951602264.762,1776951602266.038
S01,C1,P01,500,cmd,1776951602317.956,1776951602320.626,1776951602321.506,1776951602321.576
S01,C1,P01,501,cmd,1776951602374.008,1776951602382.17,1776951602383.1,1776951602386.555
S01,C1,P01,502,cmd,1776951602428.953,1776951602437.26,1776951602438.313,1776951602441.371
S01,C1,P01,503,cmd,1776951602484.988,1776951602495.601,1776951602496.6,1776951602502.16
S01,C1,P01,504,cmd,1776951602540.931,1776951602542.771,1776951602544.032,1776951602544.551
S01,C1,P01,505,cmd,1776951602596.031,1776951602601.532,1776951602602.92,1776951602605.71
S01,C1,P01,506,cmd,1776951602652.019,1776951602656.308,1776951602658.034,1776951602659.91
S01,C1,P01,507,cmd,1776951602707.977,1776951602710.398,1776951602711.496,1776951602711.597
S01,C1,P01,508,cmd,1776951602763.076,1776951602766.351,1776951602767.456,1776951602769.818
S01,C1,P01,509,cmd,1776951602818.064,1776951602822.255,1776951602823.804,1776951602825.369
S01,C1,P01,510,cmd,1776951602874.018,1776951602878.037,1776951602879.486,1776951602882.573
S01,C1,P01,511,cmd,1776951602930.046,1776951602935.468,1776951602936.411,1776951602939.198
S01,C1,P01,512,cmd,1776951602985.044,1776951602987.766,1776951602988.922,1776951602990.047
S01,C1,P01,513,cmd,1776951603040.976,1776951603043.54,1776951603044.513,1776951603044.596
S01,C1,P01,514,cmd,1776951603096.068,1776951603099.646,1776951603100.526,1776951603100.596
S01,C1,P01,515,cmd,1776951603151.017,1776951603155.268,1776951603156.202,1776951603158.054
S01,C1,P01,516,cmd,1776951603208.016,1776951603211.886,1776951603212.935,1776951603213.507
S01,C1,P01,517,cmd,1776951603263.038,1776951603267.839,1776951603268.696,1776951603272.474
S01,C1,P01,518,cmd,1776951603318.03,1776951603319.87,1776951603320.746,1776951603321.65
S01,C1,P01,519,cmd,1776951603373.951,1776951603375.791,1776951603376.786,1776951603377.571
S01,C1,P01,520,cmd,1776951603428.931,1776951603431.593,1776951603432.525,1776951603434.379
S01,C1,P01,521,cmd,1776951603485.074,1776951603487.087,1776951603488.361,1776951603488.694
S01,C1,P01,522,cmd,1776951603540.047,1776951603546.603,1776951603547.343,1776951603550.476
S01,C1,P01,523,cmd,1776951603595.942,1776951603604.102,1776951603605.59,1776951603611.593
S01,C1,P01,524,cmd,1776951603651.997,1776951603660.61,1776951603662.02,1776951603665.725
S01,C1,P01,525,cmd,1776951603707.065,1776951603710.262,1776951603711.439,1776951603712.976
S01,C1,P01,526,cmd,1776951603763.037,1776951603765.707,1776951603766.587,1776951603766.657
S01,C1,P01,527,cmd,1776951603817.986,1776951603819.91,1776951603821.446,1776951603821.606
S01,C1,P01,528,cmd,1776951603874.01,1776951603885.147,1776951603886.302,1776951603893.35
S01,C1,P01,529,cmd,1776951603930.066,1776951603932.939,1776951603933.761,1776951603935.615
S01,C1,P01,531,cmd,1776951603984.928,1776951603988.523,1776951603989.729,1776951603990.36
S01,C1,P01,532,cmd,1776951604039.983,1776951604045.584,1776951604046.64,1776951604051.643
S01,C1,P01,533,cmd,1776951604095.947,1776951604098.007,1776951604099.159,1776951604099.567
S01,C1,P01,534,cmd,1776951604152.07,1776951604155.752,1776951604157.692,1776951604159.332
S01,C1,P01,535,cmd,1776951604208.062,1776951604211.995,1776951604213.082,1776951604216.37
S01,C1,P01,536,cmd,1776951604262.043,1776951604264.713,1776951604265.592,1776951604265.662
S01,C1,P01,537,cmd,1776951604317.969,1776951604326.927,1776951604328.18,1776951604331.993
S01,C1,P01,538,cmd,1776951604374.037,1776951604377.851,1776951604379.185,1776951604381.61
S01,C1,P01,539,cmd,1776951604430.078,1776951604438.447,1776951604439.324,1776951604443.829
S01,C1,P01,540,cmd,1776951604485.001,1776951604486.986,1776951604488.468,1776951604488.62
S01,C1,P01,541,cmd,1776951604539.948,1776951604544.924,1776951604546.092,1776951604547.398
S01,C1,P01,542,cmd,1776951604596.007,1776951604600.284,1776951604602.086,1776951604603.837
S01,C1,P01,543,cmd,1776951604652.046,1776951604667.692,1776951604668.754,1776951604678.247
S01,C1,P01,544,cmd,1776951604707.006,1776951604712.207,1776951604713.33,1776951604715.316
S01,C1,P01,545,cmd,1776951604762.958,1776951604771.067,1776951604772.71,1776951604777.285
S01,C1,P01,546,cmd,1776951604818.044,1776951604820.727,1776951604821.79,1776951604822.32
S01,C1,P01,547,cmd,1776951604873.994,1776951604876.114,1776951604877.478,1776951604877.614
S01,C1,P01,548,cmd,1776951604929.035,1776951604934.562,1776951604935.764,1776951604937.794
S01,C1,P01,549,cmd,1776951604985.008,1776951604987.678,1776951604988.557,1776951604988.628
S01,C1,P01,550,cmd,1776951605040.032,1776951605047.048,1776951605048.314,1776951605050.719
S01,C1,P01,551,cmd,1776951605096.018,1776951605098.645,1776951605099.563,1776951605099.638
S01,C1,P01,552,cmd,1776951605151.008,1776951605155.358,1776951605156.753,1776951605159.05
S01,C1,P01,553,cmd,1776951605208.064,1776951605210.385,1776951605211.788,1776951605211.929
S01,C1,P01,554,cmd,1776951605261.936,1776951605266.945,1776951605267.93,1776951605269.667
S01,C1,P01,555,cmd,1776951605318.06,1776951605324.202,1776951605325.889,1776951605327.394
S01,C1,P01,556,cmd,1776951605373.954,1776951605376.15,1776951605377.3,1776951605377.574
S01,C1,P01,557,cmd,1776951605429.011,1776951605438.461,1776951605439.432,1776951605445.156
S01,C1,P01,558,cmd,1776951605485.046,1776951605487.182,1776951605488.35,1776951605488.666
S01,C1,P01,559,cmd,1776951605539.953,1776951605542.149,1776951605543.289,1776951605543.572
S01,C1,P01,560,cmd,1776951605596.04,1776951605598.71,1776951605599.59,1776951605599.66
S01,C1,P01,561,cmd,1776951605652.051,1776951605659.179,1776951605660.032,1776951605662.465
S01,C1,P01,562,cmd,1776951605706.933,1776951605713.542,1776951605715.088,1776951605715.561
S01,C1,P01,563,cmd,1776951605762.05,1776951605766.481,1776951605767.566,1776951605770.449
S01,C1,P01,564,cmd,1776951605818.021,1776951605825.254,1776951605826.594,1776951605826.727
S01,C1,P01,565,cmd,1776951605873.935,1776951605880.864,1776951605882.823,1776951605884.312
S01,C1,P01,566,cmd,1776951605928.998,1776951605931.58,1776951605932.912,1776951605933.566
S01,C1,P01,568,cmd,1776951605984.986,1776951605993.616,1776951605994.896,1776951605996.733
S01,C1,P01,569,cmd,1776951606040.068,1776951606043.363,1776951606044.892,1776951606045.41
S01,C1,P01,570,cmd,1776951606096.031,1776951606097.871,1776951606099.432,1776951606099.651
S01,C1,P01,571,cmd,1776951606151.01,1776951606152.85,1776951606153.751,1776951606154.63
S01,C1,P01,572,cmd,1776951606208.077,1776951606209.917,1776951606210.819,1776951606211.954
S01,C1,P01,573,cmd,1776951606262.0,1776951606264.173,1776951606264.982,1776951606265.849
S01,C1,P01,574,cmd,1776951606318.08,1776951606322.6,1776951606323.734,1776951606325.389
S01,C1,P01,575,cmd,1776951606373.95,1776951606376.62,1776951606377.499,1776951606377.57
S01,C1,P01,576,cmd,1776951606429.03,1776951606431.326,1776951606432.398,1776951606432.65
S01,C1,P01,577,cmd,1776951606485.051,1776951606492.201,1776951606493.278,1776951606497.727
S01,C1,P01,578,cmd,1776951606540.936,1776951606543.756,1776951606544.977,1776951606545.094
S01,C1,P01,579,cmd,1776951606595.953,1776951606601.634,1776951606603.362,1776951606604.014
S01,C1,P01,580,cmd,1776951606651.978,1776951606654.058,1776951606655.093,1776951606655.598
S01,C1,P01,581,cmd,1776951606706.998,1776951606717.722,1776951606719.311,1776951606725.006
S01,C1,P01,582,cmd,1776951606762.948,1776951606767.916,1776951606769.152,1776951606769.994
S01,C1,P01,583,cmd,1776951606819.071,1776951606824.232,1776951606825.39,1776951606825.765
S01,C1,P01,584,cmd,1776951606875.001,1776951606877.671,1776951606878.55,1776951606878.62
S01,C1,P01,585,cmd,1776951606930.041,1776951606931.881,1776951606933.491,1776951606933.661
S01,C1,P01,586,cmd,1776951606985.051,1776951606987.375,1776951606988.559,1776951606988.671
S01,C1,P01,587,cmd,1776951607039.991,1776951607043.645,1776951607044.436,1776951607044.595
S01,C1,P01,588,cmd,1776951607097.014,1776951607100.205,1776951607101.179,1776951607102.948
S01,C1,P01,589,cmd,1776951607152.01,1776951607153.85,1776951607155.207,1776951607156.884
S01,C1,P01,590,cmd,1776951607208.041,1776951607212.922,1776951607213.988,1776951607214.493
S01,C1,P01,591,cmd,1776951607263.026,1776951607270.869,1776951607271.852,1776951607274.324
S01,C1,P01,592,cmd,1776951607317.952,1776951607331.324,1776951607332.332,1776951607338.891
S01,C1,P01,593,cmd,1776951607374.07,1776951607381.837,1776951607382.625,1776951607384.224
S01,C1,P01,594,cmd,1776951607429.005,1776951607436.626,1776951607437.943,1776951607440.752
S01,C1,P01,595,cmd,1776951607484.956,1776951607490.946,1776951607491.975,1776951607494.436
S01,C1,P01,596,cmd,1776951607540.057,1776951607555.562,1776951607556.813,1776951607565.092
S01,C1,P01,597,cmd,1776951607597.07,1776951607602.16,1776951607603.139,1776951607605.961
S01,C1,P01,598,cmd,1776951607652.031,1776951607656.852,1776951607658.49,1776951607660.522
S01,C1,P01,599,cmd,1776951607708.075,1776951607712.644,1776951607713.512,1776951607713.88
S01,C1,P01,600,cmd,1776951607762.064,1776951607769.203,1776951607769.937,1776951607775.461
S01,C1,P01,601,cmd,1776951607818.01,1776951607827.83,1776951607829.055,1776951607833.811
S01,C1,P01,602,cmd,1776951607873.944,1776951607876.368,1776951607878.476,1776951607878.818
S01,C1,P01,603,cmd,1776951607930.004,1776951607931.844,1776951607933.225,1776951607933.624
S01,C1,P01,605,cmd,1776951607986.927,1776951607989.597,1776951607990.476,1776951607990.547
S01,C1,P01,606,cmd,1776951608041.048,1776951608044.864,1776951608045.969,1776951608047.186
S01,C1,P01,607,cmd,1776951608095.994,1776951608104.518,1776951608105.553,1776951608110.478
S01,C1,P01,608,cmd,1776951608152.002,1776951608154.038,1776951608155.054,1776951608155.622
S01,C1,P01,609,cmd,1776951608207.922,1776951608210.592,1776951608211.472,1776951608211.542
S01,C1,P01,610,cmd,1776951608263.047,1776951608269.71,1776951608271.091,1776951608273.999
S01,C1,P01,611,cmd,1776951608318.048,1776951608325.967,1776951608327.048,1776951608331.752
S01,C1,P01,612,cmd,1776951608374.026,1776951608384.613,1776951608385.648,1776951608393.195
S01,C1,P01,619,cmd,1776951620043.95,1776951620048.742,1776951620050.178,1776951620050.989
S01,C1,P01,620,cmd,1776951620098.949,1776951620100.789,1776951620102.293,1776951620102.569
S01,C1,P01,621,cmd,1776951620154.971,1776951620158.7,1776951620159.728,1776951620161.055
S01,C1,P01,622,cmd,1776951620222.982,1776951620234.71,1776951620235.967,1776951620241.849
S01,C1,P01,623,cmd,1776951620277.928,1776951620283.96,1776951620285.448,1776951620287.246
S01,C1,P01,624,cmd,1776951620334.022,1776951620336.986,1776951620337.866,1776951620337.937
S01,C1,P01,625,cmd,1776951620389.02,1776951620392.662,1776951620394.338,1776951620395.366
S01,C1,P01,626,cmd,1776951620444.03,1776951620455.41,1776951620457.327,1776951620461.705
S01,C1,P01,627,cmd,1776951620500.041,1776951620503.595,1776951620504.854,1776951620506.939
S01,C1,P01,628,cmd,1776951620555.926,1776951620567.234,1776951620568.61,1776951620574.126
S01,C1,P01,629,cmd,1776951620610.993,1776951620612.833,1776951620614.013,1776951620614.613
S01,C1,P01,630,cmd,1776951620666.975,1776951620672.052,1776951620673.08,1776951620676.268
S01,C1,P01,631,cmd,1776951620723.064,1776951620724.904,1776951620726.136,1776951620727.799
S01,C1,P01,632,cmd,1776951620777.93,1776951620779.77,1776951620780.899,1776951620781.962
S01,C1,P01,633,cmd,1776951620832.96,1776951620838.902,1776951620840.019,1776951620843.415
S01,C1,P01,634,cmd,1776951620888.971,1776951620898.86,1776951620900.486,1776951620904.927
S01,C1,P01,635,cmd,1776951620943.928,1776951620949.384,1776951620950.529,1776951620953.0
S01,C1,P01,636,cmd,1776951621000.026,1776951621007.422,1776951621008.851,1776951621011.419
S01,C1,P01,637,cmd,1776951621054.94,1776951621056.992,1776951621058.416,1776951621058.56
S01,C1,P01,638,cmd,1776951621111.07,1776951621113.74,1776951621114.62,1776951621114.69
S01,C1,P01,639,cmd,1776951621166.998,1776951621174.649,1776951621175.499,1776951621179.058
S01,C1,P01,640,cmd,1776951621222.001,1776951621230.446,1776951621231.332,1776951621234.912
S01,C1,P01,641,cmd,1776951621278.05,1776951621284.382,1776951621285.53,1776951621287.489
S01,C1,P01,642,cmd,1776951621333.053,1776951621341.46,1776951621342.608,1776951621345.515
S01,C1,P01,643,cmd,1776951621388.932,1776951621393.585,1776951621395.002,1776951621397.028
S01,C1,P01,644,cmd,1776951621443.951,1776951621445.791,1776951621447.065,1776951621447.571
S01,C1,P01,645,cmd,1776951621499.987,1776951621507.379,1776951621508.512,1776951621511.663
S01,C1,P01,646,cmd,1776951621556.006,1776951621558.676,1776951621559.556,1776951621559.626
S01,C1,P01,647,cmd,1776951621611.996,1776951621615.308,1776951621616.299,1776951621616.384
S01,C1,P01,648,cmd,1776951621667.02,1776951621673.197,1776951621674.091,1776951621676.047
S01,C1,P01,649,cmd,1776951621722.971,1776951621727.964,1776951621728.83,1776951621731.427
S01,C1,P01,650,cmd,1776951621778.988,1776951621784.474,1776951621785.789,1776951621785.919
S01,C1,P01,651,cmd,1776951621833.999,1776951621842.885,1776951621843.96,1776951621847.996
S01,C1,P01,652,cmd,1776951621888.931,1776951621892.95,1776951621894.328,1776951621895.784
S01,C1,P01,653,cmd,1776951621945.052,1776951621959.394,1776951621960.575,1776951621968.232
S01,C1,P01,654,cmd,1776951621999.923,1776951622001.763,1776951622002.845,1776951622004.84
S01,C1,P01,656,cmd,1776951622053.925,1776951622056.866,1776951622057.746,1776951622057.816
S01,C1,P01,657,cmd,1776951622108.014,1776951622110.166,1776951622111.12,1776951622112.125
S01,C1,P01,658,cmd,1776951622163.074,1776951622166.505,1776951622167.851,1776951622169.809
S01,C1,P01,659,cmd,1776951622219.034,1776951622222.116,1776951622222.996,1776951622223.066
S01,C1,P01,660,cmd,1776951622275.024,1776951622282.028,1776951622283.046,1776951622286.528
S01,C1,P01,661,cmd,1776951622329.985,1776951622344.651,1776951622345.802,1776951622352.226
S01,C1,P01,662,cmd,1776951622385.943,1776951622390.782,1776951622391.676,1776951622394.502
S01,C1,P01,663,cmd,1776951622441.996,1776951622444.666,1776951622445.545,1776951622445.616
S01,C1,P01,664,cmd,1776951622496.947,1776951622506.846,1776951622508.179,1776951622511.876
S01,C1,P01,665,cmd,1776951622552.964,1776951622556.74,1776951622558.12,1776951622560.287
S01,C1,P01,666,cmd,1776951622607.994,1776951622615.71,1776951622617.366,1776951622620.875
S01,C1,P01,667,cmd,1776951622663.979,1776951622666.474,1776951622667.508,1776951622667.599
S01,C1,P01,668,cmd,1776951622720.008,1776951622721.848,1776951622722.618,1776951622723.628
S01,C1,P01,669,cmd,1776951622775.057,1776951622776.897,1776951622778.099,1776951622778.677
S01,C1,P01,670,cmd,1776951622830.06,1776951622831.9,1776951622832.696,1776951622833.68
S01,C1,P01,671,cmd,1776951622886.943,1776951622892.439,1776951622893.393,1776951622896.614
S01,C1,P01,672,cmd,1776951622941.929,1776951622944.332,1776951622946.337,1776951622948.006
S01,C1,P01,673,cmd,1776951622997.07,1776951623001.58,1776951623002.358,1776951623004.213
S01,C1,P01,674,cmd,1776951623052.963,1776951623055.632,1776951623056.345,1776951623056.582
S01,C1,P01,675,cmd,1776951623109.065,1776951623115.482,1776951623116.804,1776951623118.908
S01,C1,P01,676,cmd,1776951623163.938,1776951623166.27,1776951623167.08,1776951623168.582
S01,C1,P01,677,cmd,1776951623219.925,1776951623230.555,1776951623232.309,1776951623236.602
S01,C1,P01,678,cmd,1776951623273.951,1776951623279.993,1776951623280.873,1776951623280.943
S01,C1,P01,679,cmd,1776951623331.039,1776951623334.551,1776951623335.724,1776951623335.834
S01,C1,P01,680,cmd,1776951623386.035,1776951623387.875,1776951623389.172,1776951623389.655
S01,C1,P01,681,cmd,1776951623441.021,1776951623443.385,1776951623444.839,1776951623446.46
S01,C1,P01,682,cmd,1776951623496.946,1776951623502.173,1776951623503.262,1776951623507.429
S01,C1,P01,683,cmd,1776951623552.922,1776951623555.122,1776951623556.122,1776951623556.542
S01,C1,P01,684,cmd,1776951623607.978,1776951623610.323,1776951623611.489,1776951623611.599
S01,C1,P01,685,cmd,1776951623663.95,1776951623666.62,1776951623667.442,1776951623667.57
S01,C1,P01,686,cmd,1776951623719.943,1776951623725.18,1776951623726.208,1776951623728.856
S01,C1,P01,687,cmd,1776951623774.924,1776951623776.764,1776951623777.908,1776951623778.544
S01,C1,P01,688,cmd,1776951623830.075,1776951623832.687,1776951623833.618,1776951623833.694
S01,C1,P01,689,cmd,1776951623885.954,1776951623888.792,1776951623889.937,1776951623890.147
S01,C1,P01,690,cmd,1776951623941.922,1776951623948.329,1776951623949.857,1776951623951.476
S01,C1,P01,691,cmd,1776951623997.049,1776951624000.52,1776951624001.193,1776951624004.254
S01,C1,P01,693,cmd,1776951624049.926,1776951624057.964,1776951624059.408,1776951624063.35
S01,C1,P01,694,cmd,1776951624103.979,1776951624108.162,1776951624109.402,1776951624112.216
S01,C1,P01,695,cmd,1776951624158.967,1776951624160.83,1776951624162.42,1776951624162.587
S01,C1,P01,696,cmd,1776951624214.933,1776951624224.803,1776951624225.781,1776951624231.324
S01,C1,P01,697,cmd,1776951624270.042,1776951624271.882,1776951624273.078,1776951624273.662
S01,C1,P01,698,cmd,1776951624326.024,1776951624329.378,1776951624330.574,1776951624332.058
S01,C1,P01,699,cmd,1776951624381.985,1776951624391.498,1776951624392.577,1776951624397.106
S01,C1,P01,700,cmd,1776951624437.073,1776951624441.352,1776951624442.017,1776951624445.457
S01,C1,P01,701,cmd,1776951624493.04,1776951624495.93,1776951624496.798,1776951624497.53
S01,C1,P01,702,cmd,1776951624547.936,1776951624558.7,1776951624560.0,1776951624566.149
S01,C1,P01,703,cmd,1776951624603.946,1776951624610.814,1776951624612.166,1776951624614.86
S01,C1,P01,704,cmd,1776951624658.967,1776951624661.362,1776951624662.484,1776951624662.587
S01,C1,P01,705,cmd,1776951624715.02,1776951624716.86,1776951624717.832,1776951624719.43
S01,C1,P01,706,cmd,1776951624769.996,1776951624773.656,1776951624774.654,1776951624775.554
S01,C1,P01,707,cmd,1776951624825.922,1776951624829.376,1776951624830.273,1776951624830.51
S01,C1,P01,708,cmd,1776951624881.931,1776951624883.771,1776951624884.998,1776951624885.551
S01,C1,P01,709,cmd,1776951624938.014,1776951624941.974,1776951624943.101,1776951624945.65
S01,C1,P01,710,cmd,1776951624992.924,1776951624995.47,1776951624996.339,1776951624996.545
S01,C1,P01,711,cmd,1776951625049.053,1776951625050.941,1776951625052.188,1776951625052.68
S01,C1,P01,712,cmd,1776951625103.952,1776951625106.501,1776951625107.486,1776951625107.572
S01,C1,P01,713,cmd,1776951625158.992,1776951625163.247,1776951625164.66,1776951625166.404
S01,C1,P01,714,cmd,1776951625215.059,1776951625217.428,1776951625218.573,1776951625218.679
S01,C1,P01,715,cmd,1776951625271.043,1776951625272.883,1776951625274.389,1776951625274.663
S01,C1,P01,716,cmd,1776951625326.01,1776951625329.483,1776951625330.632,1776951625331.225
S01,C1,P01,717,cmd,1776951625381.998,1776951625383.966,1776951625385.12,1776951625385.618
S01,C1,P01,718,cmd,1776951625438.027,1776951625440.691,1776951625441.576,1776951625441.647
S01,C1,P01,719,cmd,1776951625493.062,1776951625500.048,1776951625500.961,1776951625502.378
S01,C1,P01,720,cmd,1776951625549.026,1776951625550.866,1776951625551.825,1776951625552.723
S01,C1,P01,721,cmd,1776951625604.069,1776951625609.447,1776951625611.091,1776951625611.266
S01,C1,P01,722,cmd,1776951625660.004,1776951625661.86,1776951625662.894,1776951625664.482
S01,C1,P01,723,cmd,1776951625716.038,1776951625718.963,1776951625719.843,1776951625719.913
S01,C1,P01,724,cmd,1776951625770.948,1776951625775.19,1776951625775.903,1776951625779.223
S01,C1,P01,725,cmd,1776951625825.924,1776951625830.077,1776951625831.078,1776951625832.431
S01,C1,P01,726,cmd,1776951625881.938,1776951625884.608,1776951625885.487,1776951625885.558
S01,C1,P01,727,cmd,1776951625936.983,1776951625939.634,1776951625940.53,1776951625940.603
S01,C1,P01,728,cmd,1776951625992.922,1776951626002.171,1776951626003.776,1776951626006.833
S01,C1,P01,730,cmd,1776951626049.035,1776951626056.1,1776951626057.459,1776951626061.216
S01,C1,P01,731,cmd,1776951626102.924,1776951626112.751,1776951626113.526,1776951626118.778
S01,C1,P01,732,cmd,1776951626158.95,1776951626170.38,1776951626171.662,1776951626176.279
S01,C1,P01,733,cmd,1776951626214.032,1776951626215.872,1776951626217.269,1776951626217.652
S01,C1,P01,734,cmd,1776951626269.941,1776951626274.868,1776951626275.961,1776951626277.152
S01,C1,P01,735,cmd,1776951626324.93,1776951626328.287,1776951626329.281,1776951626333.272
S01,C1,P01,736,cmd,1776951626380.978,1776951626393.124,1776951626393.932,1776951626400.04
S01,C1,P01,737,cmd,1776951626435.94,1776951626441.222,1776951626442.458,1776951626445.305
S01,C1,P01,738,cmd,1776951626492.035,1776951626503.216,1776951626504.32,1776951626509.593
S01,C1,P01,739,cmd,1776951626548.007,1776951626551.38,1776951626552.26,1776951626552.33
S01,C1,P01,740,cmd,1776951626603.051,1776951626611.548,1776951626612.373,1776951626615.852
S01,C1,P01,741,cmd,1776951626658.026,1776951626662.472,1776951626663.188,1776951626667.673
S01,C1,P01,742,cmd,1776951626713.94,1776951626716.499,1776951626717.476,1776951626717.56
S01,C1,P01,743,cmd,1776951626770.044,1776951626779.577,1776951626780.736,1776951626785.536
S01,C1,P01,744,cmd,1776951626825.022,1776951626828.313,1776951626829.478,1776951626830.62
S01,C1,P01,745,cmd,1776951626881.066,1776951626884.754,1776951626885.966,1776951626888.12
S01,C1,P01,746,cmd,1776951626937.078,1776951626939.898,1776951626941.035,1776951626942.232
S01,C1,P01,747,cmd,1776951626991.93,1776951626994.39,1776951626995.455,1776951626995.55
S01,C1,P01,748,cmd,1776951627048.012,1776951627056.618,1776951627058.564,1776951627063.112
S01,C1,P01,749,cmd,1776951627102.986,1776951627107.079,1776951627108.063,1776951627109.858
S01,C1,P01,750,cmd,1776951627158.944,1776951627163.604,1776951627164.508,1776951627165.903
S01,C1,P01,751,cmd,1776951627214.975,1776951627222.814,1776951627223.724,1776951627225.742
S01,C1,P01,752,cmd,1776951627270.046,1776951627272.371,1776951627273.469,1776951627273.666
S01,C1,P01,753,cmd,1776951627324.934,1776951627328.856,1776951627330.254,1776951627332.711
S01,C1,P01,754,cmd,1776951627382.064,1776951627386.328,1776951627387.33,1776951627389.75
S01,C1,P01,755,cmd,1776951627436.98,1776951627439.902,1776951627441.288,1776951627442.785
S01,C1,P01,756,cmd,1776951627492.077,1776951627496.239,1776951627497.345,1776951627500.375
S01,C1,P01,757,cmd,1776951627547.969,1776951627555.092,1776951627556.336,1776951627560.381
S01,C1,P01,758,cmd,1776951627602.954,1776951627604.841,1776951627605.522,1776951627607.797
S01,C1,P01,759,cmd,1776951627659.068,1776951627667.538,1776951627668.562,1776951627674.716
S01,C1,P01,760,cmd,1776951627715.078,1776951627720.429,1776951627721.566,1776951627722.041
S01,C1,P01,761,cmd,1776951627769.98,1776951627773.36,1776951627774.855,1776951627775.322
S01,C1,P01,762,cmd,1776951627825.004,1776951627827.239,1776951627828.693,1776951627830.08
S01,C1,P01,763,cmd,1776951627880.978,1776951627885.258,1776951627886.439,1776951627888.97
S01,C1,P01,764,cmd,1776951627936.986,1776951627939.656,1776951627940.536,1776951627940.606
S01,C1,P01,765,cmd,1776951627991.966,1776951627999.804,1776951628000.632,1776951628003.524
S01,C1,P01,767,cmd,1776951628047.973,1776951628054.4,1776951628055.358,1776951628059.291
S01,C1,P01,768,cmd,1776951628099.928,1776951628107.838,1776951628108.759,1776951628113.552
S01,C1,P01,769,cmd,1776951628155.08,1776951628157.222,1776951628158.191,1776951628158.7
S01,C1,P01,770,cmd,1776951628211.0,1776951628212.84,1776951628213.764,1776951628214.62
S01,C1,P01,771,cmd,1776951628266.984,1776951628269.654,1776951628270.534,1776951628270.604
S01,C1,P01,772,cmd,1776951628321.932,1776951628326.276,1776951628327.213,1776951628330.003
S01,C1,P01,773,cmd,1776951628377.971,1776951628380.219,1776951628381.373,1776951628381.968
S01,C1,P01,774,cmd,1776951628433.97,1776951628436.65,1776951628437.712,1776951628437.966
S01,C1,P01,775,cmd,1776951628490.074,1776951628492.052,1776951628493.486,1776951628493.694
S01,C1,P01,776,cmd,1776951628544.983,1776951628547.653,1776951628548.532,1776951628548.603
S01,C1,P01,777,cmd,1776951628600.959,1776951628604.198,1776951628605.276,1776951628606.495
S01,C1,P01,778,cmd,1776951628655.953,1776951628663.587,1776951628665.69,1776951628668.072
S01,C1,P01,779,cmd,1776951628710.987,1776951628714.348,1776951628715.466,1776951628717.016
S01,C1,P01,780,cmd,1776951628766.993,1776951628769.104,1776951628770.472,1776951628770.613
S01,C1,P01,781,cmd,1776951628822.063,1776951628824.733,1776951628825.612,1776951628825.683
S01,C1,P01,782,cmd,1776951628878.011,1776951628884.499,1776951628885.614,1776951628887.486
S01,C1,P01,783,cmd,1776951628933.982,1776951628935.822,1776951628937.198,1776951628937.602
S01,C1,P01,784,cmd,1776951628989.034,1776951629002.76,1776951629003.814,1776951629011.006
S01,C1,P01,785,cmd,1776951629044.026,1776951629046.084,1776951629047.021,1776951629047.646
S01,C1,P01,786,cmd,1776951629099.976,1776951629106.125,1776951629107.515,1776951629109.764
S01,C1,P01,787,cmd,1776951629155.928,1776951629162.153,1776951629163.63,1776951629165.048
S01,C1,P01,788,cmd,1776951629211.927,1776951629223.291,1776951629224.786,1776951629229.579
S01,C1,P01,789,cmd,1776951629266.935,1776951629278.572,1776951629279.551,1776951629287.645
S01,C1,P01,790,cmd,1776951629322.056,1776951629328.629,1776951629329.922,1776951629334.586
S01,C1,P01,791,cmd,1776951629378.068,1776951629381.469,1776951629382.348,1776951629382.419
S01,C1,P01,792,cmd,1776951629433.968,1776951629439.507,1776951629440.67,1776951629442.222
S01,C1,P01,793,cmd,1776951629489.004,1776951629491.45,1776951629492.527,1776951629492.624
S01,C1,P01,794,cmd,1776951629544.018,1776951629546.052,1776951629547.491,1776951629547.638
S01,C1,P01,795,cmd,1776951629600.035,1776951629602.653,1776951629603.406,1776951629603.655
S01,C1,P01,796,cmd,1776951629656.036,1776951629658.706,1776951629659.586,1776951629659.656
S01,C1,P01,797,cmd,1776951629712.984,1776951629715.654,1776951629716.534,1776951629716.604
S01,C1,P01,798,cmd,1776951629767.051,1776951629774.49,1776951629775.323,1776951629778.58
S01,C1,P01,799,cmd,1776951629822.004,1776951629826.783,1776951629828.114,1776951629830.788
S01,C1,P01,800,cmd,1776951629878.08,1776951629883.014,1776951629883.789,1776951629885.926
S01,C1,P01,801,cmd,1776951629933.928,1776951629936.69,1776951629937.581,1776951629938.858
S01,C1,P01,802,cmd,1776951629989.061,1776951629994.594,1776951629995.984,1776951629997.572
S01,C1,P01,804,cmd,1776951630046.074,1776951630048.944,1776951630050.016,1776951630051.348
S01,C1,P01,805,cmd,1776951630099.057,1776951630104.718,1776951630106.088,1776951630107.384
S01,C1,P01,806,cmd,1776951630155.041,1776951630157.685,1776951630158.588,1776951630158.661
S01,C1,P01,807,cmd,1776951630209.96,1776951630215.615,1776951630216.798,1776951630219.104
S01,C1,P01,808,cmd,1776951630265.99,1776951630274.643,1776951630276.04,1776951630279.934
S01,C1,P01,809,cmd,1776951630320.943,1776951630328.91,1776951630330.046,1776951630334.309
S01,C1,P01,810,cmd,1776951630377.978,1776951630383.064,1776951630383.963,1776951630386.457
S01,C1,P01,811,cmd,1776951630433.07,1776951630434.91,1776951630436.046,1776951630436.69
